run,product,workload,epoch_seconds,pid,ppid,starttime,role,exe,comm,cmdline,rows,columns,tty_xpixels,tty_ypixels,input_prefix_hex,Rss_KiB,Pss_KiB,Pss_Dirty_KiB,Pss_Anon_KiB,Pss_File_KiB,Pss_Shmem_KiB,Shared_Clean_KiB,Shared_Dirty_KiB,Private_Clean_KiB,Private_Dirty_KiB,Referenced_KiB,Anonymous_KiB,KSM_KiB,LazyFree_KiB,AnonHugePages_KiB,ShmemPmdMapped_KiB,FilePmdMapped_KiB,Shared_Hugetlb_KiB,Private_Hugetlb_KiB,Swap_KiB,SwapPss_KiB,Locked_KiB,USS_KiB
matrix-00-eon-empty,eon,empty,1788890329.0676267,1741387,1726845,16338005,supervisor,/nix/store/cig8r1rifpl2lzswi4ga6l744y3v0ck9-eon-0.1.0/bin/.eon-wrapped,.eon-wrapped,/nix/store/cig8r1rifpl2lzswi4ga6l744y3v0ck9-eon-0.1.0/bin/eon run -- /usr/bin/python3 /home/lucca/.local/state/eon/proofs/eon-zlf-20260908/child.py /home/lucca/.local/state/eon/proofs/eon-zlf-20260908/runs/matrix-00-eon-empty empty ,30,120,1224,573,,3892,2042,292,292,1750,0,1896,0,1704,292,3892,292,0,0,0,0,0,0,0,0,0,0,1996
matrix-00-eon-empty,eon,empty,1788890329.0676267,1741393,1741387,16338005,venus,/nix/store/37v7m8kb88fgs4lgwk7ajcbf9hjb8pn7-yazelix-venus-0.1.0/bin/.yazelix-venus-wrapped,.yazelix-venus-,/nix/store/37v7m8kb88fgs4lgwk7ajcbf9hjb8pn7-yazelix-venus-0.1.0/bin/yazelix-venus --no-decorations --application-id eon --background-opacity 1 --font-family DejaVu Sans Mono --font-size 16 --line-height 1.125 --columns 118 --rows 30 --workspace /tmp/ezlf-dd9ljrq8/eon/generations/g1-89197ef167524f65290419c34b3a6b70/eon.sock ,30,120,1224,573,,86320,67485,31163,31148,36308,29,33156,24,21988,31152,86276,31148,0,0,0,0,0,0,0,0,0,0,53140
matrix-00-eon-empty,eon,empty,1788890329.0676267,1741539,1741387,16338027,orbit,/nix/store/mi0x8hjx6ys0dwhq13dnwhh5qnl0n0nf-yazelix-orbit-0.1.0/bin/yazelix-orbit,yazelix-orbit,"/nix/store/mi0x8hjx6ys0dwhq13dnwhh5qnl0n0nf-yazelix-orbit-0.1.0/bin/yazelix-orbit serve /tmp/ezlf-dd9ljrq8/eon/generations/g1-89197ef167524f65290419c34b3a6b70/orbit.sock --management-v1 session-1 1741387-1788890325245309251-1 91999d79546422b49bdbc124166a65859d0bd872 --ansi-palette-v1 000000,cd0000,00cd00,cdcd00,1093f5,cd00cd,00cdcd,faebd7,404040,ff0000,00ff00,ffff00,11b5f6,ff00ff,00ffff,ffffff -- /usr/bin/python3 /home/lucca/.local/state/eon/proofs/eon-zlf-20260908/child.py /home/lucca/.local/state/eon/proofs/eon-zlf-20260908/runs/matrix-00-eon-empty empty ",30,120,1224,573,,4248,1550,692,692,858,0,3056,0,500,692,4248,692,0,0,0,0,0,0,0,0,0,0,1192
matrix-00-eon-empty,eon,empty,1788890329.0676267,1741541,1741539,16338027,child,/usr/bin/python3.12,python3,/usr/bin/python3 /home/lucca/.local/state/eon/proofs/eon-zlf-20260908/child.py /home/lucca/.local/state/eon/proofs/eon-zlf-20260908/runs/matrix-00-eon-empty empty ,30,120,1224,573,,11908,5877,5044,5044,833,0,6860,0,4,5044,11908,5044,0,0,0,0,0,0,0,0,0,0,5048
matrix-00-eon-mixed,eon,mixed,1788890368.5366764,1755053,1726845,16341921,supervisor,/nix/store/cig8r1rifpl2lzswi4ga6l744y3v0ck9-eon-0.1.0/bin/.eon-wrapped,.eon-wrapped,/nix/store/cig8r1rifpl2lzswi4ga6l744y3v0ck9-eon-0.1.0/bin/eon run -- /usr/bin/python3 /home/lucca/.local/state/eon/proofs/eon-zlf-20260908/child.py /home/lucca/.local/state/eon/proofs/eon-zlf-20260908/runs/matrix-00-eon-mixed mixed ,30,120,1224,573,,3872,2022,292,292,1730,0,1896,0,1684,292,3872,292,0,0,0,0,0,0,0,0,0,0,1976
matrix-00-eon-mixed,eon,mixed,1788890368.5366764,1755059,1755053,16341921,venus,/nix/store/37v7m8kb88fgs4lgwk7ajcbf9hjb8pn7-yazelix-venus-0.1.0/bin/.yazelix-venus-wrapped,.yazelix-venus-,/nix/store/37v7m8kb88fgs4lgwk7ajcbf9hjb8pn7-yazelix-venus-0.1.0/bin/yazelix-venus --no-decorations --application-id eon --background-opacity 1 --font-family DejaVu Sans Mono --font-size 16 --line-height 1.125 --columns 118 --rows 30 --workspace /tmp/ezlf-yed4w9v4/eon/generations/g1-89197ef167524f65290419c34b3a6b70/eon.sock ,30,120,1224,573,,98396,79577,43191,43176,36372,29,33136,24,22056,43180,98396,43176,0,0,0,0,0,0,0,0,0,0,65236
matrix-00-eon-mixed,eon,mixed,1788890368.5366764,1755160,1755053,16341944,orbit,/nix/store/mi0x8hjx6ys0dwhq13dnwhh5qnl0n0nf-yazelix-orbit-0.1.0/bin/yazelix-orbit,yazelix-orbit,"/nix/store/mi0x8hjx6ys0dwhq13dnwhh5qnl0n0nf-yazelix-orbit-0.1.0/bin/yazelix-orbit serve /tmp/ezlf-yed4w9v4/eon/generations/g1-89197ef167524f65290419c34b3a6b70/orbit.sock --management-v1 session-1 1755053-1788890364413089048-1 91999d79546422b49bdbc124166a65859d0bd872 --ansi-palette-v1 000000,cd0000,00cd00,cdcd00,1093f5,cd00cd,00cdcd,faebd7,404040,ff0000,00ff00,ffff00,11b5f6,ff00ff,00ffff,ffffff -- /usr/bin/python3 /home/lucca/.local/state/eon/proofs/eon-zlf-20260908/child.py /home/lucca/.local/state/eon/proofs/eon-zlf-20260908/runs/matrix-00-eon-mixed mixed ",30,120,1224,573,,19368,16598,15596,15596,1002,0,3164,0,608,15596,19368,15596,0,0,0,0,0,0,0,0,0,0,16204
matrix-00-eon-mixed,eon,mixed,1788890368.5366764,1755161,1755160,16341944,child,/usr/bin/python3.12,python3,/usr/bin/python3 /home/lucca/.local/state/eon/proofs/eon-zlf-20260908/child.py /home/lucca/.local/state/eon/proofs/eon-zlf-20260908/runs/matrix-00-eon-mixed mixed ,30,120,1224,573,,11884,6026,5044,5044,982,0,6836,0,4,5044,11884,5044,0,0,0,0,0,0,0,0,0,0,5048
matrix-00-eon-plain,eon,plain,1788890355.6763346,1750605,1726845,16340647,supervisor,/nix/store/cig8r1rifpl2lzswi4ga6l744y3v0ck9-eon-0.1.0/bin/.eon-wrapped,.eon-wrapped,/nix/store/cig8r1rifpl2lzswi4ga6l744y3v0ck9-eon-0.1.0/bin/eon run -- /usr/bin/python3 /home/lucca/.local/state/eon/proofs/eon-zlf-20260908/child.py /home/lucca/.local/state/eon/proofs/eon-zlf-20260908/runs/matrix-00-eon-plain plain ,30,120,1224,573,,3880,2031,292,292,1739,0,1896,0,1692,292,3880,292,0,0,0,0,0,0,0,0,0,0,1984
matrix-00-eon-plain,eon,plain,1788890355.6763346,1750610,1750605,16340647,venus,/nix/store/37v7m8kb88fgs4lgwk7ajcbf9hjb8pn7-yazelix-venus-0.1.0/bin/.yazelix-venus-wrapped,.yazelix-venus-,/nix/store/37v7m8kb88fgs4lgwk7ajcbf9hjb8pn7-yazelix-venus-0.1.0/bin/yazelix-venus --no-decorations --application-id eon --background-opacity 1 --font-family DejaVu Sans Mono --font-size 16 --line-height 1.125 --columns 118 --rows 30 --workspace /tmp/ezlf-u_692_52/eon/generations/g1-89197ef167524f65290419c34b3a6b70/eon.sock ,30,120,1224,573,,98236,79376,43039,43024,36323,29,33188,24,21996,43028,87204,43024,0,0,0,0,0,0,0,0,0,0,65024
matrix-00-eon-plain,eon,plain,1788890355.6763346,1750723,1750605,16340673,orbit,/nix/store/mi0x8hjx6ys0dwhq13dnwhh5qnl0n0nf-yazelix-orbit-0.1.0/bin/yazelix-orbit,yazelix-orbit,"/nix/store/mi0x8hjx6ys0dwhq13dnwhh5qnl0n0nf-yazelix-orbit-0.1.0/bin/yazelix-orbit serve /tmp/ezlf-u_692_52/eon/generations/g1-89197ef167524f65290419c34b3a6b70/orbit.sock --management-v1 session-1 1750605-1788890351705872325-1 91999d79546422b49bdbc124166a65859d0bd872 --ansi-palette-v1 000000,cd0000,00cd00,cdcd00,1093f5,cd00cd,00cdcd,faebd7,404040,ff0000,00ff00,ffff00,11b5f6,ff00ff,00ffff,ffffff -- /usr/bin/python3 /home/lucca/.local/state/eon/proofs/eon-zlf-20260908/child.py /home/lucca/.local/state/eon/proofs/eon-zlf-20260908/runs/matrix-00-eon-plain plain ",30,120,1224,573,,14152,11449,10532,10532,917,0,3068,0,552,10532,14152,10532,0,0,0,0,0,0,0,0,0,0,11084
matrix-00-eon-plain,eon,plain,1788890355.6763346,1750724,1750723,16340673,child,/usr/bin/python3.12,python3,/usr/bin/python3 /home/lucca/.local/state/eon/proofs/eon-zlf-20260908/child.py /home/lucca/.local/state/eon/proofs/eon-zlf-20260908/runs/matrix-00-eon-plain plain ,30,120,1224,573,,11888,5876,5048,5048,828,0,6836,0,4,5048,11888,5048,0,0,0,0,0,0,0,0,0,0,5052
matrix-00-eon-screen,eon,screen,1788890378.3192554,1758481,1726845,16342930,supervisor,/nix/store/cig8r1rifpl2lzswi4ga6l744y3v0ck9-eon-0.1.0/bin/.eon-wrapped,.eon-wrapped,/nix/store/cig8r1rifpl2lzswi4ga6l744y3v0ck9-eon-0.1.0/bin/eon run -- /usr/bin/python3 /home/lucca/.local/state/eon/proofs/eon-zlf-20260908/child.py /home/lucca/.local/state/eon/proofs/eon-zlf-20260908/runs/matrix-00-eon-screen screen ,30,120,1224,573,,3872,2023,288,288,1735,0,1896,0,1688,288,3872,288,0,0,0,0,0,0,0,0,0,0,1976
matrix-00-eon-screen,eon,screen,1788890378.3192554,1758483,1758481,16342931,venus,/nix/store/37v7m8kb88fgs4lgwk7ajcbf9hjb8pn7-yazelix-venus-0.1.0/bin/.yazelix-venus-wrapped,.yazelix-venus-,/nix/store/37v7m8kb88fgs4lgwk7ajcbf9hjb8pn7-yazelix-venus-0.1.0/bin/yazelix-venus --no-decorations --application-id eon --background-opacity 1 --font-family DejaVu Sans Mono --font-size 16 --line-height 1.125 --columns 118 --rows 30 --workspace /tmp/ezlf-0hmb537k/eon/generations/g1-89197ef167524f65290419c34b3a6b70/eon.sock ,30,120,1224,573,,97332,78479,42311,42296,36154,29,33176,24,21832,42300,97332,42296,0,0,0,0,0,0,0,0,0,0,64132
matrix-00-eon-screen,eon,screen,1788890378.3192554,1758585,1758481,16342953,orbit,/nix/store/mi0x8hjx6ys0dwhq13dnwhh5qnl0n0nf-yazelix-orbit-0.1.0/bin/yazelix-orbit,yazelix-orbit,"/nix/store/mi0x8hjx6ys0dwhq13dnwhh5qnl0n0nf-yazelix-orbit-0.1.0/bin/yazelix-orbit serve /tmp/ezlf-0hmb537k/eon/generations/g1-89197ef167524f65290419c34b3a6b70/orbit.sock --management-v1 session-1 1758481-1788890374500091989-1 91999d79546422b49bdbc124166a65859d0bd872 --ansi-palette-v1 000000,cd0000,00cd00,cdcd00,1093f5,cd00cd,00cdcd,faebd7,404040,ff0000,00ff00,ffff00,11b5f6,ff00ff,00ffff,ffffff -- /usr/bin/python3 /home/lucca/.local/state/eon/proofs/eon-zlf-20260908/child.py /home/lucca/.local/state/eon/proofs/eon-zlf-20260908/runs/matrix-00-eon-screen screen ",30,120,1224,573,,4260,1561,704,704,857,0,3056,0,500,704,4260,704,0,0,0,0,0,0,0,0,0,0,1204
matrix-00-eon-screen,eon,screen,1788890378.3192554,1758586,1758585,16342953,child,/usr/bin/python3.12,python3,/usr/bin/python3 /home/lucca/.local/state/eon/proofs/eon-zlf-20260908/child.py /home/lucca/.local/state/eon/proofs/eon-zlf-20260908/runs/matrix-00-eon-screen screen ,30,120,1224,573,,11884,6274,5044,5044,1230,0,6836,0,4,5044,11884,5044,0,0,0,0,0,0,0,0,0,0,5048
matrix-00-eon-styled,eon,styled,1788890315.881923,1736645,1726845,16336664,supervisor,/nix/store/cig8r1rifpl2lzswi4ga6l744y3v0ck9-eon-0.1.0/bin/.eon-wrapped,.eon-wrapped,/nix/store/cig8r1rifpl2lzswi4ga6l744y3v0ck9-eon-0.1.0/bin/eon run -- /usr/bin/python3 /home/lucca/.local/state/eon/proofs/eon-zlf-20260908/child.py /home/lucca/.local/state/eon/proofs/eon-zlf-20260908/runs/matrix-00-eon-styled styled ,30,120,1224,573,,3816,1966,292,292,1674,0,1896,0,1628,292,3816,292,0,0,0,0,0,0,0,0,0,0,1920
matrix-00-eon-styled,eon,styled,1788890315.881923,1736647,1736645,16336664,venus,/nix/store/37v7m8kb88fgs4lgwk7ajcbf9hjb8pn7-yazelix-venus-0.1.0/bin/.yazelix-venus-wrapped,.yazelix-venus-,/nix/store/37v7m8kb88fgs4lgwk7ajcbf9hjb8pn7-yazelix-venus-0.1.0/bin/yazelix-venus --no-decorations --application-id eon --background-opacity 1 --font-family DejaVu Sans Mono --font-size 16 --line-height 1.125 --columns 118 --rows 30 --workspace /tmp/ezlf-3hjnlyr_/eon/generations/g1-89197ef167524f65290419c34b3a6b70/eon.sock ,30,120,1224,573,,98292,79433,43123,43108,36296,29,33204,24,21952,43112,98292,43108,0,0,0,0,0,0,0,0,0,0,65064
matrix-00-eon-styled,eon,styled,1788890315.881923,1736748,1736645,16336686,orbit,/nix/store/mi0x8hjx6ys0dwhq13dnwhh5qnl0n0nf-yazelix-orbit-0.1.0/bin/yazelix-orbit,yazelix-orbit,"/nix/store/mi0x8hjx6ys0dwhq13dnwhh5qnl0n0nf-yazelix-orbit-0.1.0/bin/yazelix-orbit serve /tmp/ezlf-3hjnlyr_/eon/generations/g1-89197ef167524f65290419c34b3a6b70/orbit.sock --management-v1 session-1 1736645-1788890311837487049-1 91999d79546422b49bdbc124166a65859d0bd872 --ansi-palette-v1 000000,cd0000,00cd00,cdcd00,1093f5,cd00cd,00cdcd,faebd7,404040,ff0000,00ff00,ffff00,11b5f6,ff00ff,00ffff,ffffff -- /usr/bin/python3 /home/lucca/.local/state/eon/proofs/eon-zlf-20260908/child.py /home/lucca/.local/state/eon/proofs/eon-zlf-20260908/runs/matrix-00-eon-styled styled ",30,120,1224,573,,14440,11734,10820,10820,914,0,3072,0,548,10820,14440,10820,0,0,0,0,0,0,0,0,0,0,11368
matrix-00-eon-styled,eon,styled,1788890315.881923,1736749,1736748,16336687,child,/usr/bin/python3.12,python3,/usr/bin/python3 /home/lucca/.local/state/eon/proofs/eon-zlf-20260908/child.py /home/lucca/.local/state/eon/proofs/eon-zlf-20260908/runs/matrix-00-eon-styled styled ,30,120,1224,573,,11880,6273,5044,5044,1229,0,6832,0,4,5044,11880,5044,0,0,0,0,0,0,0,0,0,0,5048
matrix-00-eon-unicode,eon,unicode,1788890301.8230433,1731609,1726845,16335230,supervisor,/nix/store/cig8r1rifpl2lzswi4ga6l744y3v0ck9-eon-0.1.0/bin/.eon-wrapped,.eon-wrapped,/nix/store/cig8r1rifpl2lzswi4ga6l744y3v0ck9-eon-0.1.0/bin/eon run -- /usr/bin/python3 /home/lucca/.local/state/eon/proofs/eon-zlf-20260908/child.py /home/lucca/.local/state/eon/proofs/eon-zlf-20260908/runs/matrix-00-eon-unicode unicode ,30,120,1224,573,,3880,2030,288,288,1742,0,1896,0,1696,288,3880,288,0,0,0,0,0,0,0,0,0,0,1984
matrix-00-eon-unicode,eon,unicode,1788890301.8230433,1731612,1731609,16335230,venus,/nix/store/37v7m8kb88fgs4lgwk7ajcbf9hjb8pn7-yazelix-venus-0.1.0/bin/.yazelix-venus-wrapped,.yazelix-venus-,/nix/store/37v7m8kb88fgs4lgwk7ajcbf9hjb8pn7-yazelix-venus-0.1.0/bin/yazelix-venus --no-decorations --application-id eon --background-opacity 1 --font-family DejaVu Sans Mono --font-size 16 --line-height 1.125 --columns 118 --rows 30 --workspace /tmp/ezlf-b0zfu65r/eon/generations/g1-89197ef167524f65290419c34b3a6b70/eon.sock ,30,120,1224,573,,98300,79490,43275,43260,36201,29,33124,24,21888,43264,98300,43260,0,0,0,0,0,0,0,0,0,0,65152
matrix-00-eon-unicode,eon,unicode,1788890301.8230433,1731716,1731609,16335253,orbit,/nix/store/mi0x8hjx6ys0dwhq13dnwhh5qnl0n0nf-yazelix-orbit-0.1.0/bin/yazelix-orbit,yazelix-orbit,"/nix/store/mi0x8hjx6ys0dwhq13dnwhh5qnl0n0nf-yazelix-orbit-0.1.0/bin/yazelix-orbit serve /tmp/ezlf-b0zfu65r/eon/generations/g1-89197ef167524f65290419c34b3a6b70/orbit.sock --management-v1 session-1 1731609-1788890297502417369-1 91999d79546422b49bdbc124166a65859d0bd872 --ansi-palette-v1 000000,cd0000,00cd00,cdcd00,1093f5,cd00cd,00cdcd,faebd7,404040,ff0000,00ff00,ffff00,11b5f6,ff00ff,00ffff,ffffff -- /usr/bin/python3 /home/lucca/.local/state/eon/proofs/eon-zlf-20260908/child.py /home/lucca/.local/state/eon/proofs/eon-zlf-20260908/runs/matrix-00-eon-unicode unicode ",30,120,1224,573,,20480,17714,16724,16724,990,0,3164,0,592,16724,20480,16724,0,0,0,0,0,0,0,0,0,0,17316
matrix-00-eon-unicode,eon,unicode,1788890301.8230433,1731717,1731716,16335253,child,/usr/bin/python3.12,python3,/usr/bin/python3 /home/lucca/.local/state/eon/proofs/eon-zlf-20260908/child.py /home/lucca/.local/state/eon/proofs/eon-zlf-20260908/runs/matrix-00-eon-unicode unicode ,30,120,1224,573,,11896,6276,5044,5044,1232,0,6848,0,4,5044,11896,5044,0,0,0,0,0,0,0,0,0,0,5048
matrix-00-eonterm-empty,eonterm,empty,1788890333.2171748,1742904,1726845,16338422,supervisor,/nix/store/95x87mc3gdc22fvk920dz6jg6mfr3qxs-eonterm-0.1.0/bin/.eonterm-wrapped,.eonterm-wrappe,/nix/store/95x87mc3gdc22fvk920dz6jg6mfr3qxs-eonterm-0.1.0/bin/eonterm -- /usr/bin/python3 /home/lucca/.local/state/eon/proofs/eon-zlf-20260908/child.py /home/lucca/.local/state/eon/proofs/eon-zlf-20260908/runs/matrix-00-eonterm-empty empty ,30,120,1224,564,,3836,1986,284,284,1702,0,1896,0,1656,284,2408,284,0,0,0,0,0,0,0,0,0,0,1940
matrix-00-eonterm-empty,eonterm,empty,1788890333.2171748,1742909,1742904,16338423,venus,/nix/store/37v7m8kb88fgs4lgwk7ajcbf9hjb8pn7-yazelix-venus-0.1.0/bin/.yazelix-venus-wrapped,.yazelix-venus-,/nix/store/37v7m8kb88fgs4lgwk7ajcbf9hjb8pn7-yazelix-venus-0.1.0/bin/yazelix-venus --application-id eonterm --background-opacity 1 --font-family DejaVu Sans Mono --font-size 16 --line-height 1.125 --columns 120 --rows 30 /tmp/ezlf-hu1os4bg/eonterm/generations/g1-89197ef167524f65290419c34b3a6b70/orbit.sock ,30,120,1224,564,,86408,67411,31237,31212,36170,29,33292,44,21856,31216,68344,31212,0,0,0,0,0,0,0,0,0,0,53072
matrix-00-eonterm-empty,eonterm,empty,1788890333.2171748,1742972,1742904,16338439,orbit,/nix/store/mi0x8hjx6ys0dwhq13dnwhh5qnl0n0nf-yazelix-orbit-0.1.0/bin/yazelix-orbit,yazelix-orbit,"/nix/store/mi0x8hjx6ys0dwhq13dnwhh5qnl0n0nf-yazelix-orbit-0.1.0/bin/yazelix-orbit serve /tmp/ezlf-hu1os4bg/eonterm/generations/g1-89197ef167524f65290419c34b3a6b70/orbit.sock --management-v1 session-1 1742904-1788890329359456293-0 91999d79546422b49bdbc124166a65859d0bd872 --ansi-palette-v1 000000,cd0000,00cd00,cdcd00,1093f5,cd00cd,00cdcd,faebd7,404040,ff0000,00ff00,ffff00,11b5f6,ff00ff,00ffff,ffffff -- /usr/bin/python3 /home/lucca/.local/state/eon/proofs/eon-zlf-20260908/child.py /home/lucca/.local/state/eon/proofs/eon-zlf-20260908/runs/matrix-00-eonterm-empty empty ",30,120,1224,564,,4268,1562,648,648,914,0,3072,0,548,648,3592,648,0,0,0,0,0,0,0,0,0,0,1196
matrix-00-eonterm-empty,eonterm,empty,1788890333.2171748,1742977,1742972,16338439,child,/usr/bin/python3.12,python3,/usr/bin/python3 /home/lucca/.local/state/eon/proofs/eon-zlf-20260908/child.py /home/lucca/.local/state/eon/proofs/eon-zlf-20260908/runs/matrix-00-eonterm-empty empty ,30,120,1224,564,,11932,5877,5044,5044,833,0,6884,0,4,5044,10092,5044,0,0,0,0,0,0,0,0,0,0,5048
matrix-00-eonterm-mixed,eonterm,mixed,1788890363.9772558,1753441,1726845,16341458,supervisor,/nix/store/95x87mc3gdc22fvk920dz6jg6mfr3qxs-eonterm-0.1.0/bin/.eonterm-wrapped,.eonterm-wrappe,/nix/store/95x87mc3gdc22fvk920dz6jg6mfr3qxs-eonterm-0.1.0/bin/eonterm -- /usr/bin/python3 /home/lucca/.local/state/eon/proofs/eon-zlf-20260908/child.py /home/lucca/.local/state/eon/proofs/eon-zlf-20260908/runs/matrix-00-eonterm-mixed mixed ,30,120,1224,564,,3872,2022,288,288,1734,0,1896,0,1688,288,3872,288,0,0,0,0,0,0,0,0,0,0,1976
matrix-00-eonterm-mixed,eonterm,mixed,1788890363.9772558,1753446,1753441,16341459,venus,/nix/store/37v7m8kb88fgs4lgwk7ajcbf9hjb8pn7-yazelix-venus-0.1.0/bin/.yazelix-venus-wrapped,.yazelix-venus-,/nix/store/37v7m8kb88fgs4lgwk7ajcbf9hjb8pn7-yazelix-venus-0.1.0/bin/yazelix-venus --application-id eonterm --background-opacity 1 --font-family DejaVu Sans Mono --font-size 16 --line-height 1.125 --columns 120 --rows 30 /tmp/ezlf-z2sp8qkw/eonterm/generations/g1-89197ef167524f65290419c34b3a6b70/orbit.sock ,30,120,1224,564,,98508,79491,43083,43068,36394,29,33344,24,22068,43072,98508,43068,0,0,0,0,0,0,0,0,0,0,65140
matrix-00-eonterm-mixed,eonterm,mixed,1788890363.9772558,1753513,1753441,16341475,orbit,/nix/store/mi0x8hjx6ys0dwhq13dnwhh5qnl0n0nf-yazelix-orbit-0.1.0/bin/yazelix-orbit,yazelix-orbit,"/nix/store/mi0x8hjx6ys0dwhq13dnwhh5qnl0n0nf-yazelix-orbit-0.1.0/bin/yazelix-orbit serve /tmp/ezlf-z2sp8qkw/eonterm/generations/g1-89197ef167524f65290419c34b3a6b70/orbit.sock --management-v1 session-1 1753441-1788890359720170731-0 91999d79546422b49bdbc124166a65859d0bd872 --ansi-palette-v1 000000,cd0000,00cd00,cdcd00,1093f5,cd00cd,00cdcd,faebd7,404040,ff0000,00ff00,ffff00,11b5f6,ff00ff,00ffff,ffffff -- /usr/bin/python3 /home/lucca/.local/state/eon/proofs/eon-zlf-20260908/child.py /home/lucca/.local/state/eon/proofs/eon-zlf-20260908/runs/matrix-00-eonterm-mixed mixed ",30,120,1224,564,,19264,16507,15568,15568,939,0,3144,0,552,15568,19264,15568,0,0,0,0,0,0,0,0,0,0,16120
matrix-00-eonterm-mixed,eonterm,mixed,1788890363.9772558,1753514,1753513,16341475,child,/usr/bin/python3.12,python3,/usr/bin/python3 /home/lucca/.local/state/eon/proofs/eon-zlf-20260908/child.py /home/lucca/.local/state/eon/proofs/eon-zlf-20260908/runs/matrix-00-eonterm-mixed mixed ,30,120,1224,564,,11900,5870,5040,5040,830,0,6856,0,4,5040,11900,5040,0,0,0,0,0,0,0,0,0,0,5044
matrix-00-eonterm-plain,eonterm,plain,1788890341.364359,1745572,1726845,16339211,supervisor,/nix/store/95x87mc3gdc22fvk920dz6jg6mfr3qxs-eonterm-0.1.0/bin/.eonterm-wrapped,.eonterm-wrappe,/nix/store/95x87mc3gdc22fvk920dz6jg6mfr3qxs-eonterm-0.1.0/bin/eonterm -- /usr/bin/python3 /home/lucca/.local/state/eon/proofs/eon-zlf-20260908/child.py /home/lucca/.local/state/eon/proofs/eon-zlf-20260908/runs/matrix-00-eonterm-plain plain ,30,120,1224,564,,3868,2020,284,284,1736,0,1896,0,1688,284,3868,284,0,0,0,0,0,0,0,0,0,0,1972
matrix-00-eonterm-plain,eonterm,plain,1788890341.364359,1745577,1745572,16339212,venus,/nix/store/37v7m8kb88fgs4lgwk7ajcbf9hjb8pn7-yazelix-venus-0.1.0/bin/.yazelix-venus-wrapped,.yazelix-venus-,/nix/store/37v7m8kb88fgs4lgwk7ajcbf9hjb8pn7-yazelix-venus-0.1.0/bin/yazelix-venus --application-id eonterm --background-opacity 1 --font-family DejaVu Sans Mono --font-size 16 --line-height 1.125 --columns 120 --rows 30 /tmp/ezlf-9nv020bk/eonterm/generations/g1-89197ef167524f65290419c34b3a6b70/orbit.sock ,30,120,1224,564,,98172,79175,43003,42988,36158,29,33304,24,21852,42992,98148,42988,0,0,0,0,0,0,0,0,0,0,64844
matrix-00-eonterm-plain,eonterm,plain,1788890341.364359,1745655,1745572,16339229,orbit,/nix/store/mi0x8hjx6ys0dwhq13dnwhh5qnl0n0nf-yazelix-orbit-0.1.0/bin/yazelix-orbit,yazelix-orbit,"/nix/store/mi0x8hjx6ys0dwhq13dnwhh5qnl0n0nf-yazelix-orbit-0.1.0/bin/yazelix-orbit serve /tmp/ezlf-9nv020bk/eonterm/generations/g1-89197ef167524f65290419c34b3a6b70/orbit.sock --management-v1 session-1 1745572-1788890337259776762-0 91999d79546422b49bdbc124166a65859d0bd872 --ansi-palette-v1 000000,cd0000,00cd00,cdcd00,1093f5,cd00cd,00cdcd,faebd7,404040,ff0000,00ff00,ffff00,11b5f6,ff00ff,00ffff,ffffff -- /usr/bin/python3 /home/lucca/.local/state/eon/proofs/eon-zlf-20260908/child.py /home/lucca/.local/state/eon/proofs/eon-zlf-20260908/runs/matrix-00-eonterm-plain plain ",30,120,1224,564,,14092,11365,10480,10480,885,0,3100,0,512,10480,14092,10480,0,0,0,0,0,0,0,0,0,0,10992
matrix-00-eonterm-plain,eonterm,plain,1788890341.364359,1745656,1745655,16339229,child,/usr/bin/python3.12,python3,/usr/bin/python3 /home/lucca/.local/state/eon/proofs/eon-zlf-20260908/child.py /home/lucca/.local/state/eon/proofs/eon-zlf-20260908/runs/matrix-00-eonterm-plain plain ,30,120,1224,564,,11860,5872,5040,5040,832,0,6816,0,4,5040,11860,5040,0,0,0,0,0,0,0,0,0,0,5044
matrix-00-eonterm-screen,eonterm,screen,1788890391.5116534,1763005,1726845,16344250,supervisor,/nix/store/95x87mc3gdc22fvk920dz6jg6mfr3qxs-eonterm-0.1.0/bin/.eonterm-wrapped,.eonterm-wrappe,/nix/store/95x87mc3gdc22fvk920dz6jg6mfr3qxs-eonterm-0.1.0/bin/eonterm -- /usr/bin/python3 /home/lucca/.local/state/eon/proofs/eon-zlf-20260908/child.py /home/lucca/.local/state/eon/proofs/eon-zlf-20260908/runs/matrix-00-eonterm-screen screen ,30,120,1224,564,,3872,2022,288,288,1734,0,1896,0,1688,288,3872,288,0,0,0,0,0,0,0,0,0,0,1976
matrix-00-eonterm-screen,eonterm,screen,1788890391.5116534,1763008,1763005,16344251,venus,/nix/store/37v7m8kb88fgs4lgwk7ajcbf9hjb8pn7-yazelix-venus-0.1.0/bin/.yazelix-venus-wrapped,.yazelix-venus-,/nix/store/37v7m8kb88fgs4lgwk7ajcbf9hjb8pn7-yazelix-venus-0.1.0/bin/yazelix-venus --application-id eonterm --background-opacity 1 --font-family DejaVu Sans Mono --font-size 16 --line-height 1.125 --columns 120 --rows 30 /tmp/ezlf-mornq5tj/eonterm/generations/g1-89197ef167524f65290419c34b3a6b70/orbit.sock ,30,120,1224,564,,97292,78270,42243,42228,36013,29,33348,24,21688,42232,97292,42228,0,0,0,0,0,0,0,0,0,0,63920
matrix-00-eonterm-screen,eonterm,screen,1788890391.5116534,1763072,1763005,16344266,orbit,/nix/store/mi0x8hjx6ys0dwhq13dnwhh5qnl0n0nf-yazelix-orbit-0.1.0/bin/yazelix-orbit,yazelix-orbit,"/nix/store/mi0x8hjx6ys0dwhq13dnwhh5qnl0n0nf-yazelix-orbit-0.1.0/bin/yazelix-orbit serve /tmp/ezlf-mornq5tj/eonterm/generations/g1-89197ef167524f65290419c34b3a6b70/orbit.sock --management-v1 session-1 1763005-1788890387633283205-0 91999d79546422b49bdbc124166a65859d0bd872 --ansi-palette-v1 000000,cd0000,00cd00,cdcd00,1093f5,cd00cd,00cdcd,faebd7,404040,ff0000,00ff00,ffff00,11b5f6,ff00ff,00ffff,ffffff -- /usr/bin/python3 /home/lucca/.local/state/eon/proofs/eon-zlf-20260908/child.py /home/lucca/.local/state/eon/proofs/eon-zlf-20260908/runs/matrix-00-eonterm-screen screen ",30,120,1224,564,,4224,1530,660,660,870,0,3052,0,512,660,4224,660,0,0,0,0,0,0,0,0,0,0,1172
matrix-00-eonterm-screen,eonterm,screen,1788890391.5116534,1763073,1763072,16344266,child,/usr/bin/python3.12,python3,/usr/bin/python3 /home/lucca/.local/state/eon/proofs/eon-zlf-20260908/child.py /home/lucca/.local/state/eon/proofs/eon-zlf-20260908/runs/matrix-00-eonterm-screen screen ,30,120,1224,564,,11928,6274,5040,5040,1234,0,6884,0,4,5040,11928,5040,0,0,0,0,0,0,0,0,0,0,5044
matrix-00-eonterm-styled,eonterm,styled,1788890306.1982687,1733264,1726845,16335695,supervisor,/nix/store/95x87mc3gdc22fvk920dz6jg6mfr3qxs-eonterm-0.1.0/bin/.eonterm-wrapped,.eonterm-wrappe,/nix/store/95x87mc3gdc22fvk920dz6jg6mfr3qxs-eonterm-0.1.0/bin/eonterm -- /usr/bin/python3 /home/lucca/.local/state/eon/proofs/eon-zlf-20260908/child.py /home/lucca/.local/state/eon/proofs/eon-zlf-20260908/runs/matrix-00-eonterm-styled styled ,30,120,1224,564,,3804,1956,284,284,1672,0,1896,0,1624,284,3804,284,0,0,0,0,0,0,0,0,0,0,1908
matrix-00-eonterm-styled,eonterm,styled,1788890306.1982687,1733265,1733264,16335696,venus,/nix/store/37v7m8kb88fgs4lgwk7ajcbf9hjb8pn7-yazelix-venus-0.1.0/bin/.yazelix-venus-wrapped,.yazelix-venus-,/nix/store/37v7m8kb88fgs4lgwk7ajcbf9hjb8pn7-yazelix-venus-0.1.0/bin/yazelix-venus --application-id eonterm --background-opacity 1 --font-family DejaVu Sans Mono --font-size 16 --line-height 1.125 --columns 120 --rows 30 /tmp/ezlf-9_4m87kj/eonterm/generations/g1-89197ef167524f65290419c34b3a6b70/orbit.sock ,30,120,1224,564,,98524,79502,43071,43056,36417,29,33376,24,22064,43060,98524,43056,0,0,0,0,0,0,0,0,0,0,65124
matrix-00-eonterm-styled,eonterm,styled,1788890306.1982687,1733328,1733264,16335711,orbit,/nix/store/mi0x8hjx6ys0dwhq13dnwhh5qnl0n0nf-yazelix-orbit-0.1.0/bin/yazelix-orbit,yazelix-orbit,"/nix/store/mi0x8hjx6ys0dwhq13dnwhh5qnl0n0nf-yazelix-orbit-0.1.0/bin/yazelix-orbit serve /tmp/ezlf-9_4m87kj/eonterm/generations/g1-89197ef167524f65290419c34b3a6b70/orbit.sock --management-v1 session-1 1733264-1788890302079994096-0 91999d79546422b49bdbc124166a65859d0bd872 --ansi-palette-v1 000000,cd0000,00cd00,cdcd00,1093f5,cd00cd,00cdcd,faebd7,404040,ff0000,00ff00,ffff00,11b5f6,ff00ff,00ffff,ffffff -- /usr/bin/python3 /home/lucca/.local/state/eon/proofs/eon-zlf-20260908/child.py /home/lucca/.local/state/eon/proofs/eon-zlf-20260908/runs/matrix-00-eonterm-styled styled ",30,120,1224,564,,14340,11642,10788,10788,854,0,3056,0,496,10788,14340,10788,0,0,0,0,0,0,0,0,0,0,11284
matrix-00-eonterm-styled,eonterm,styled,1788890306.1982687,1733331,1733328,16335711,child,/usr/bin/python3.12,python3,/usr/bin/python3 /home/lucca/.local/state/eon/proofs/eon-zlf-20260908/child.py /home/lucca/.local/state/eon/proofs/eon-zlf-20260908/runs/matrix-00-eonterm-styled styled ,30,120,1224,564,,11992,6281,5044,5044,1237,0,6944,0,4,5044,11992,5044,0,0,0,0,0,0,0,0,0,0,5048
matrix-00-eonterm-unicode,eonterm,unicode,1788890291.5059893,1728131,1726845,16334196,supervisor,/nix/store/95x87mc3gdc22fvk920dz6jg6mfr3qxs-eonterm-0.1.0/bin/.eonterm-wrapped,.eonterm-wrappe,/nix/store/95x87mc3gdc22fvk920dz6jg6mfr3qxs-eonterm-0.1.0/bin/eonterm -- /usr/bin/python3 /home/lucca/.local/state/eon/proofs/eon-zlf-20260908/child.py /home/lucca/.local/state/eon/proofs/eon-zlf-20260908/runs/matrix-00-eonterm-unicode unicode ,30,120,1224,564,,3808,1958,288,288,1670,0,1896,0,1624,288,3808,288,0,0,0,0,0,0,0,0,0,0,1912
matrix-00-eonterm-unicode,eonterm,unicode,1788890291.5059893,1728134,1728131,16334197,venus,/nix/store/37v7m8kb88fgs4lgwk7ajcbf9hjb8pn7-yazelix-venus-0.1.0/bin/.yazelix-venus-wrapped,.yazelix-venus-,/nix/store/37v7m8kb88fgs4lgwk7ajcbf9hjb8pn7-yazelix-venus-0.1.0/bin/yazelix-venus --application-id eonterm --background-opacity 1 --font-family DejaVu Sans Mono --font-size 16 --line-height 1.125 --columns 120 --rows 30 /tmp/ezlf-i8nw71pw/eonterm/generations/g1-89197ef167524f65290419c34b3a6b70/orbit.sock ,30,120,1224,564,,98532,79500,43311,43296,36175,29,33360,24,21848,43300,98532,43296,0,0,0,0,0,0,0,0,0,0,65148
matrix-00-eonterm-unicode,eonterm,unicode,1788890291.5059893,1728195,1728131,16334212,orbit,/nix/store/mi0x8hjx6ys0dwhq13dnwhh5qnl0n0nf-yazelix-orbit-0.1.0/bin/yazelix-orbit,yazelix-orbit,"/nix/store/mi0x8hjx6ys0dwhq13dnwhh5qnl0n0nf-yazelix-orbit-0.1.0/bin/yazelix-orbit serve /tmp/ezlf-i8nw71pw/eonterm/generations/g1-89197ef167524f65290419c34b3a6b70/orbit.sock --management-v1 session-1 1728131-1788890287092675766-0 91999d79546422b49bdbc124166a65859d0bd872 --ansi-palette-v1 000000,cd0000,00cd00,cdcd00,1093f5,cd00cd,00cdcd,faebd7,404040,ff0000,00ff00,ffff00,11b5f6,ff00ff,00ffff,ffffff -- /usr/bin/python3 /home/lucca/.local/state/eon/proofs/eon-zlf-20260908/child.py /home/lucca/.local/state/eon/proofs/eon-zlf-20260908/runs/matrix-00-eonterm-unicode unicode ",30,120,1224,564,,20260,17566,16700,16700,866,0,3068,0,492,16700,20260,16700,0,0,0,0,0,0,0,0,0,0,17192
matrix-00-eonterm-unicode,eonterm,unicode,1788890291.5059893,1728196,1728195,16334212,child,/usr/bin/python3.12,python3,/usr/bin/python3 /home/lucca/.local/state/eon/proofs/eon-zlf-20260908/child.py /home/lucca/.local/state/eon/proofs/eon-zlf-20260908/runs/matrix-00-eonterm-unicode unicode ,30,120,1224,564,,11900,6277,5044,5044,1233,0,6852,0,4,5044,11900,5044,0,0,0,0,0,0,0,0,0,0,5048
matrix-00-foot-empty,foot,empty,1788890336.957396,1744282,1726845,16338837,terminal,/usr/bin/foot,foot,/usr/bin/foot -c /home/lucca/.local/state/eon/proofs/eon-zlf-20260908/runs/matrix-00-foot-empty/foot.ini -T eon-zlf benchmark --app-id=eon-zlf-foot /usr/bin/python3 /home/lucca/.local/state/eon/proofs/eon-zlf-20260908/child.py /home/lucca/.local/state/eon/proofs/eon-zlf-20260908/runs/matrix-00-foot-empty empty ,30,120,1200,540,,19004,11470,8738,4756,2732,3982,7000,2660,1936,7408,19004,4756,0,0,0,0,0,0,0,0,0,0,9344
matrix-00-foot-empty,foot,empty,1788890336.957396,1744290,1744282,16338839,child,/usr/bin/python3.12,python3,/usr/bin/python3 /home/lucca/.local/state/eon/proofs/eon-zlf-20260908/child.py /home/lucca/.local/state/eon/proofs/eon-zlf-20260908/runs/matrix-00-foot-empty empty ,30,120,1200,540,,11984,5870,5040,5040,830,0,6940,0,4,5040,11984,5040,0,0,0,0,0,0,0,0,0,0,5044
matrix-00-foot-mixed,foot,mixed,1788890359.4756017,1752148,1726845,16341083,terminal,/usr/bin/foot,foot,/usr/bin/foot -c /home/lucca/.local/state/eon/proofs/eon-zlf-20260908/runs/matrix-00-foot-mixed/foot.ini -T eon-zlf benchmark --app-id=eon-zlf-foot /usr/bin/python3 /home/lucca/.local/state/eon/proofs/eon-zlf-20260908/child.py /home/lucca/.local/state/eon/proofs/eon-zlf-20260908/runs/matrix-00-foot-mixed mixed ,30,120,1200,540,,34044,25290,22472,19692,2818,2780,7040,5064,2000,19940,34044,19692,0,0,0,0,0,0,0,0,0,0,21940
matrix-00-foot-mixed,foot,mixed,1788890359.4756017,1752158,1752148,16341086,child,/usr/bin/python3.12,python3,/usr/bin/python3 /home/lucca/.local/state/eon/proofs/eon-zlf-20260908/child.py /home/lucca/.local/state/eon/proofs/eon-zlf-20260908/runs/matrix-00-foot-mixed mixed ,30,120,1200,540,,11904,5868,5040,5040,828,0,6860,0,4,5040,11904,5040,0,0,0,0,0,0,0,0,0,0,5044
matrix-00-foot-plain,foot,plain,1788890345.1002111,1747122,1726845,16339651,terminal,/usr/bin/foot,foot,/usr/bin/foot -c /home/lucca/.local/state/eon/proofs/eon-zlf-20260908/runs/matrix-00-foot-plain/foot.ini -T eon-zlf benchmark --app-id=eon-zlf-foot /usr/bin/python3 /home/lucca/.local/state/eon/proofs/eon-zlf-20260908/child.py /home/lucca/.local/state/eon/proofs/eon-zlf-20260908/runs/matrix-00-foot-plain plain ,30,120,1200,540,,33572,24847,22236,19456,2611,2780,6992,5064,1812,19704,33572,19456,0,0,0,0,0,0,0,0,0,0,21516
matrix-00-foot-plain,foot,plain,1788890345.1002111,1747132,1747122,16339654,child,/usr/bin/python3.12,python3,/usr/bin/python3 /home/lucca/.local/state/eon/proofs/eon-zlf-20260908/child.py /home/lucca/.local/state/eon/proofs/eon-zlf-20260908/runs/matrix-00-foot-plain plain ,30,120,1200,540,,11880,5868,5040,5040,828,0,6836,0,4,5040,11880,5040,0,0,0,0,0,0,0,0,0,0,5044
matrix-00-foot-screen,foot,screen,1788890382.04254,1759952,1726845,16343345,terminal,/usr/bin/foot,foot,/usr/bin/foot -c /home/lucca/.local/state/eon/proofs/eon-zlf-20260908/runs/matrix-00-foot-screen/foot.ini -T eon-zlf benchmark --app-id=eon-zlf-foot /usr/bin/python3 /home/lucca/.local/state/eon/proofs/eon-zlf-20260908/child.py /home/lucca/.local/state/eon/proofs/eon-zlf-20260908/runs/matrix-00-foot-screen screen ,30,120,1200,540,,19316,11834,9146,5164,2688,3982,6916,2660,1924,7816,19316,5164,0,0,0,0,0,0,0,0,0,0,9740
matrix-00-foot-screen,foot,screen,1788890382.04254,1759960,1759952,16343348,child,/usr/bin/python3.12,python3,/usr/bin/python3 /home/lucca/.local/state/eon/proofs/eon-zlf-20260908/child.py /home/lucca/.local/state/eon/proofs/eon-zlf-20260908/runs/matrix-00-foot-screen screen ,30,120,1200,540,,11884,6272,5044,5044,1228,0,6836,0,4,5044,11884,5044,0,0,0,0,0,0,0,0,0,0,5048
matrix-00-foot-styled,foot,styled,1788890319.6905103,1738156,1726845,16337105,terminal,/usr/bin/foot,foot,/usr/bin/foot -c /home/lucca/.local/state/eon/proofs/eon-zlf-20260908/runs/matrix-00-foot-styled/foot.ini -T eon-zlf benchmark --app-id=eon-zlf-foot /usr/bin/python3 /home/lucca/.local/state/eon/proofs/eon-zlf-20260908/child.py /home/lucca/.local/state/eon/proofs/eon-zlf-20260908/runs/matrix-00-foot-styled styled ,30,120,1200,540,,33876,25083,22312,19532,2771,2780,7084,5064,1948,19780,33876,19532,0,0,0,0,0,0,0,0,0,0,21728
matrix-00-foot-styled,foot,styled,1788890319.6905103,1738166,1738156,16337108,child,/usr/bin/python3.12,python3,/usr/bin/python3 /home/lucca/.local/state/eon/proofs/eon-zlf-20260908/child.py /home/lucca/.local/state/eon/proofs/eon-zlf-20260908/runs/matrix-00-foot-styled styled ,30,120,1200,540,,11888,6269,5040,5040,1229,0,6844,0,4,5040,11888,5040,0,0,0,0,0,0,0,0,0,0,5044
matrix-00-foot-unicode,foot,unicode,1788890286.8095005,1726855,1726845,16333812,terminal,/usr/bin/foot,foot,/usr/bin/foot -c /home/lucca/.local/state/eon/proofs/eon-zlf-20260908/runs/matrix-00-foot-unicode/foot.ini -T eon-zlf benchmark --app-id=eon-zlf-foot /usr/bin/python3 /home/lucca/.local/state/eon/proofs/eon-zlf-20260908/child.py /home/lucca/.local/state/eon/proofs/eon-zlf-20260908/runs/matrix-00-foot-unicode unicode ,30,120,1200,540,,33836,25121,22352,19572,2769,2780,6988,5064,1964,19820,33836,19572,0,0,0,0,0,0,0,0,0,0,21784
matrix-00-foot-unicode,foot,unicode,1788890286.8095005,1726868,1726855,16333815,child,/usr/bin/python3.12,python3,/usr/bin/python3 /home/lucca/.local/state/eon/proofs/eon-zlf-20260908/child.py /home/lucca/.local/state/eon/proofs/eon-zlf-20260908/runs/matrix-00-foot-unicode unicode ,30,120,1200,540,,11924,6269,5040,5040,1229,0,6880,0,4,5040,11924,5040,0,0,0,0,0,0,0,0,0,0,5044
matrix-00-ghostty-empty,ghostty,empty,1788890324.8918548,1739401,1726845,16337480,terminal,/snap/ghostty/820/bin/ghostty,ghostty,/snap/ghostty/820/bin/ghostty --config-default-files=false --gtk-single-instance=false --font-family=DejaVu Sans Mono --font-size=12 --adjust-cell-height=-1 --window-width=121 --window-height=33 --scrollback-limit=16777216 --background-opacity=1 --background-blur=false --window-save-state=never --title=eon-zlf benchmark --class=com.mitchellh.ghostty.eonzlf -e /usr/bin/python3 /home/lucca/.local/state/eon/proofs/eon-zlf-20260908/child.py /home/lucca/.local/state/eon/proofs/eon-zlf-20260908/runs/matrix-00-ghostty-empty empty ,30,120,1206,544,,189752,187291,82245,80288,106982,21,2864,12,104636,82240,189752,80288,0,0,0,0,0,0,0,0,0,0,186876
matrix-00-ghostty-empty,ghostty,empty,1788890324.8918548,1739961,1739401,16337632,child,/usr/bin/python3.12,python3,/usr/bin/python3 /home/lucca/.local/state/eon/proofs/eon-zlf-20260908/child.py /home/lucca/.local/state/eon/proofs/eon-zlf-20260908/runs/matrix-00-ghostty-empty empty ,30,120,1206,544,,11884,6277,5044,5044,1233,0,6836,0,4,5044,11884,5044,0,0,0,0,0,0,0,0,0,0,5048
matrix-00-ghostty-mixed,ghostty,mixed,1788890374.1490722,1756570,1726845,16342370,terminal,/snap/ghostty/820/bin/ghostty,ghostty,/snap/ghostty/820/bin/ghostty --config-default-files=false --gtk-single-instance=false --font-family=DejaVu Sans Mono --font-size=12 --adjust-cell-height=-1 --window-width=121 --window-height=33 --scrollback-limit=16777216 --background-opacity=1 --background-blur=false --window-save-state=never --title=eon-zlf benchmark --class=com.mitchellh.ghostty.eonzlf -e /usr/bin/python3 /home/lucca/.local/state/eon/proofs/eon-zlf-20260908/child.py /home/lucca/.local/state/eon/proofs/eon-zlf-20260908/runs/matrix-00-ghostty-mixed mixed ,30,120,1206,544,,194856,192376,87001,85036,107319,21,2884,12,104964,86996,194856,85036,0,0,0,0,0,0,0,0,0,0,191960
matrix-00-ghostty-mixed,ghostty,mixed,1788890374.1490722,1757201,1756570,16342544,child,/usr/bin/python3.12,python3,/usr/bin/python3 /home/lucca/.local/state/eon/proofs/eon-zlf-20260908/child.py /home/lucca/.local/state/eon/proofs/eon-zlf-20260908/runs/matrix-00-ghostty-mixed mixed ,30,120,1206,544,,11896,6021,5040,5040,981,0,6852,0,4,5040,11896,5040,0,0,0,0,0,0,0,0,0,0,5044
matrix-00-ghostty-plain,ghostty,plain,1788890351.3122227,1748420,1726845,16340021,terminal,/snap/ghostty/820/bin/ghostty,ghostty,/snap/ghostty/820/bin/ghostty --config-default-files=false --gtk-single-instance=false --font-family=DejaVu Sans Mono --font-size=12 --adjust-cell-height=-1 --window-width=121 --window-height=33 --scrollback-limit=16777216 --background-opacity=1 --background-blur=false --window-save-state=never --title=eon-zlf benchmark --class=com.mitchellh.ghostty.eonzlf -e /usr/bin/python3 /home/lucca/.local/state/eon/proofs/eon-zlf-20260908/child.py /home/lucca/.local/state/eon/proofs/eon-zlf-20260908/runs/matrix-00-ghostty-plain plain ,30,120,1206,544,,200468,197973,93701,91740,106212,21,2904,12,103856,93696,200468,91740,0,0,0,0,0,0,0,0,0,0,197552
matrix-00-ghostty-plain,ghostty,plain,1788890351.3122227,1749272,1748420,16340267,child,/usr/bin/python3.12,python3,/usr/bin/python3 /home/lucca/.local/state/eon/proofs/eon-zlf-20260908/child.py /home/lucca/.local/state/eon/proofs/eon-zlf-20260908/runs/matrix-00-ghostty-plain plain ,30,120,1206,544,,11896,5874,5044,5044,830,0,6848,0,4,5044,11896,5044,0,0,0,0,0,0,0,0,0,0,5048
matrix-00-ghostty-screen,ghostty,screen,1788890387.347178,1761189,1726845,16343720,terminal,/snap/ghostty/820/bin/ghostty,ghostty,/snap/ghostty/820/bin/ghostty --config-default-files=false --gtk-single-instance=false --font-family=DejaVu Sans Mono --font-size=12 --adjust-cell-height=-1 --window-width=121 --window-height=33 --scrollback-limit=16777216 --background-opacity=1 --background-blur=false --window-save-state=never --title=eon-zlf benchmark --class=com.mitchellh.ghostty.eonzlf -e /usr/bin/python3 /home/lucca/.local/state/eon/proofs/eon-zlf-20260908/child.py /home/lucca/.local/state/eon/proofs/eon-zlf-20260908/runs/matrix-00-ghostty-screen screen ,30,120,1206,544,,188740,186262,81169,79216,107029,17,2884,4,104684,81168,188740,79216,0,0,0,0,0,0,0,0,0,0,185852
matrix-00-ghostty-screen,ghostty,screen,1788890387.347178,1761752,1761189,16343877,child,/usr/bin/python3.12,python3,/usr/bin/python3 /home/lucca/.local/state/eon/proofs/eon-zlf-20260908/child.py /home/lucca/.local/state/eon/proofs/eon-zlf-20260908/runs/matrix-00-ghostty-screen screen ,30,120,1206,544,,11904,6277,5048,5048,1229,0,6852,0,4,5048,11904,5048,0,0,0,0,0,0,0,0,0,0,5052
matrix-00-ghostty-styled,ghostty,styled,1788890311.4808736,1734781,1726845,16336133,terminal,/snap/ghostty/820/bin/ghostty,ghostty,/snap/ghostty/820/bin/ghostty --config-default-files=false --gtk-single-instance=false --font-family=DejaVu Sans Mono --font-size=12 --adjust-cell-height=-1 --window-width=121 --window-height=33 --scrollback-limit=16777216 --background-opacity=1 --background-blur=false --window-save-state=never --title=eon-zlf benchmark --class=com.mitchellh.ghostty.eonzlf -e /usr/bin/python3 /home/lucca/.local/state/eon/proofs/eon-zlf-20260908/child.py /home/lucca/.local/state/eon/proofs/eon-zlf-20260908/runs/matrix-00-ghostty-styled styled ,30,120,1206,544,,202072,199575,93917,91956,107598,21,2912,12,105236,93912,202072,91956,0,0,0,0,0,0,0,0,0,0,199148
matrix-00-ghostty-styled,ghostty,styled,1788890311.4808736,1735409,1734781,16336286,child,/usr/bin/python3.12,python3,/usr/bin/python3 /home/lucca/.local/state/eon/proofs/eon-zlf-20260908/child.py /home/lucca/.local/state/eon/proofs/eon-zlf-20260908/runs/matrix-00-ghostty-styled styled ,30,120,1206,544,,11876,6275,5048,5048,1227,0,6824,0,4,5048,11876,5048,0,0,0,0,0,0,0,0,0,0,5052
matrix-00-ghostty-unicode,ghostty,unicode,1788890297.1427855,1729688,1726845,16334664,terminal,/snap/ghostty/820/bin/ghostty,ghostty,/snap/ghostty/820/bin/ghostty --config-default-files=false --gtk-single-instance=false --font-family=DejaVu Sans Mono --font-size=12 --adjust-cell-height=-1 --window-width=121 --window-height=33 --scrollback-limit=16777216 --background-opacity=1 --background-blur=false --window-save-state=never --title=eon-zlf benchmark --class=com.mitchellh.ghostty.eonzlf -e /usr/bin/python3 /home/lucca/.local/state/eon/proofs/eon-zlf-20260908/child.py /home/lucca/.local/state/eon/proofs/eon-zlf-20260908/runs/matrix-00-ghostty-unicode unicode ,30,120,1206,544,,197912,195411,90065,88096,107294,21,2912,12,104928,90060,197912,88096,0,0,0,0,0,0,0,0,0,0,194988
matrix-00-ghostty-unicode,ghostty,unicode,1788890297.1427855,1730286,1729688,16334827,child,/usr/bin/python3.12,python3,/usr/bin/python3 /home/lucca/.local/state/eon/proofs/eon-zlf-20260908/child.py /home/lucca/.local/state/eon/proofs/eon-zlf-20260908/runs/matrix-00-ghostty-unicode unicode ,30,120,1206,544,,11924,6279,5048,5048,1231,0,6872,0,4,5048,11924,5048,0,0,0,0,0,0,0,0,0,0,5052
matrix-01-eon-empty,eon,empty,1788890486.2560399,1792882,1726845,16353722,supervisor,/nix/store/cig8r1rifpl2lzswi4ga6l744y3v0ck9-eon-0.1.0/bin/.eon-wrapped,.eon-wrapped,/nix/store/cig8r1rifpl2lzswi4ga6l744y3v0ck9-eon-0.1.0/bin/eon run -- /usr/bin/python3 /home/lucca/.local/state/eon/proofs/eon-zlf-20260908/child.py /home/lucca/.local/state/eon/proofs/eon-zlf-20260908/runs/matrix-01-eon-empty empty ,30,120,1224,573,,3880,2030,292,292,1738,0,1896,0,1692,292,3880,292,0,0,0,0,0,0,0,0,0,0,1984
matrix-01-eon-empty,eon,empty,1788890486.2560399,1792885,1792882,16353723,venus,/nix/store/37v7m8kb88fgs4lgwk7ajcbf9hjb8pn7-yazelix-venus-0.1.0/bin/.yazelix-venus-wrapped,.yazelix-venus-,/nix/store/37v7m8kb88fgs4lgwk7ajcbf9hjb8pn7-yazelix-venus-0.1.0/bin/yazelix-venus --no-decorations --application-id eon --background-opacity 1 --font-family DejaVu Sans Mono --font-size 16 --line-height 1.125 --columns 118 --rows 30 --workspace /tmp/ezlf-xypqryrx/eon/generations/g1-89197ef167524f65290419c34b3a6b70/eon.sock ,30,120,1224,573,,86400,67584,31311,31296,36259,29,33128,24,21948,31300,86364,31296,0,0,0,0,0,0,0,0,0,0,53248
matrix-01-eon-empty,eon,empty,1788890486.2560399,1792990,1792882,16353745,orbit,/nix/store/mi0x8hjx6ys0dwhq13dnwhh5qnl0n0nf-yazelix-orbit-0.1.0/bin/yazelix-orbit,yazelix-orbit,"/nix/store/mi0x8hjx6ys0dwhq13dnwhh5qnl0n0nf-yazelix-orbit-0.1.0/bin/yazelix-orbit serve /tmp/ezlf-xypqryrx/eon/generations/g1-89197ef167524f65290419c34b3a6b70/orbit.sock --management-v1 session-1 1792882-1788890482425963015-1 91999d79546422b49bdbc124166a65859d0bd872 --ansi-palette-v1 000000,cd0000,00cd00,cdcd00,1093f5,cd00cd,00cdcd,faebd7,404040,ff0000,00ff00,ffff00,11b5f6,ff00ff,00ffff,ffffff -- /usr/bin/python3 /home/lucca/.local/state/eon/proofs/eon-zlf-20260908/child.py /home/lucca/.local/state/eon/proofs/eon-zlf-20260908/runs/matrix-01-eon-empty empty ",30,120,1224,573,,4244,1589,692,692,897,0,3000,0,552,692,4244,692,0,0,0,0,0,0,0,0,0,0,1244
matrix-01-eon-empty,eon,empty,1788890486.2560399,1792991,1792990,16353745,child,/usr/bin/python3.12,python3,/usr/bin/python3 /home/lucca/.local/state/eon/proofs/eon-zlf-20260908/child.py /home/lucca/.local/state/eon/proofs/eon-zlf-20260908/runs/matrix-01-eon-empty empty ,30,120,1224,573,,11884,6278,5048,5048,1230,0,6832,0,4,5048,11884,5048,0,0,0,0,0,0,0,0,0,0,5052
matrix-01-eon-mixed,eon,mixed,1788890455.9088814,1783015,1726845,16350658,supervisor,/nix/store/cig8r1rifpl2lzswi4ga6l744y3v0ck9-eon-0.1.0/bin/.eon-wrapped,.eon-wrapped,/nix/store/cig8r1rifpl2lzswi4ga6l744y3v0ck9-eon-0.1.0/bin/eon run -- /usr/bin/python3 /home/lucca/.local/state/eon/proofs/eon-zlf-20260908/child.py /home/lucca/.local/state/eon/proofs/eon-zlf-20260908/runs/matrix-01-eon-mixed mixed ,30,120,1224,573,,3816,1966,292,292,1674,0,1896,0,1628,292,3816,292,0,0,0,0,0,0,0,0,0,0,1920
matrix-01-eon-mixed,eon,mixed,1788890455.9088814,1783019,1783015,16350659,venus,/nix/store/37v7m8kb88fgs4lgwk7ajcbf9hjb8pn7-yazelix-venus-0.1.0/bin/.yazelix-venus-wrapped,.yazelix-venus-,/nix/store/37v7m8kb88fgs4lgwk7ajcbf9hjb8pn7-yazelix-venus-0.1.0/bin/yazelix-venus --no-decorations --application-id eon --background-opacity 1 --font-family DejaVu Sans Mono --font-size 16 --line-height 1.125 --columns 118 --rows 30 --workspace /tmp/ezlf-sampiwmu/eon/generations/g1-89197ef167524f65290419c34b3a6b70/eon.sock ,30,120,1224,573,,98664,79828,43291,43276,36523,29,33160,24,22200,43280,98664,43276,0,0,0,0,0,0,0,0,0,0,65480
matrix-01-eon-mixed,eon,mixed,1788890455.9088814,1783114,1783015,16350681,orbit,/nix/store/mi0x8hjx6ys0dwhq13dnwhh5qnl0n0nf-yazelix-orbit-0.1.0/bin/yazelix-orbit,yazelix-orbit,"/nix/store/mi0x8hjx6ys0dwhq13dnwhh5qnl0n0nf-yazelix-orbit-0.1.0/bin/yazelix-orbit serve /tmp/ezlf-sampiwmu/eon/generations/g1-89197ef167524f65290419c34b3a6b70/orbit.sock --management-v1 session-1 1783015-1788890451779546214-1 91999d79546422b49bdbc124166a65859d0bd872 --ansi-palette-v1 000000,cd0000,00cd00,cdcd00,1093f5,cd00cd,00cdcd,faebd7,404040,ff0000,00ff00,ffff00,11b5f6,ff00ff,00ffff,ffffff -- /usr/bin/python3 /home/lucca/.local/state/eon/proofs/eon-zlf-20260908/child.py /home/lucca/.local/state/eon/proofs/eon-zlf-20260908/runs/matrix-01-eon-mixed mixed ",30,120,1224,573,,19200,16464,15588,15588,876,0,3112,0,500,15588,19200,15588,0,0,0,0,0,0,0,0,0,0,16088
matrix-01-eon-mixed,eon,mixed,1788890455.9088814,1783115,1783114,16350681,child,/usr/bin/python3.12,python3,/usr/bin/python3 /home/lucca/.local/state/eon/proofs/eon-zlf-20260908/child.py /home/lucca/.local/state/eon/proofs/eon-zlf-20260908/runs/matrix-01-eon-mixed mixed ,30,120,1224,573,,11884,6750,5048,5048,1702,0,6816,0,20,5048,11884,5048,0,0,0,0,0,0,0,0,0,0,5068
matrix-01-eon-plain,eon,plain,1788890424.9440641,1773389,1726845,16347571,supervisor,/nix/store/cig8r1rifpl2lzswi4ga6l744y3v0ck9-eon-0.1.0/bin/.eon-wrapped,.eon-wrapped,/nix/store/cig8r1rifpl2lzswi4ga6l744y3v0ck9-eon-0.1.0/bin/eon run -- /usr/bin/python3 /home/lucca/.local/state/eon/proofs/eon-zlf-20260908/child.py /home/lucca/.local/state/eon/proofs/eon-zlf-20260908/runs/matrix-01-eon-plain plain ,30,120,1224,573,,3824,2021,288,288,1733,0,1848,0,1688,288,3824,288,0,0,0,0,0,0,0,0,0,0,1976
matrix-01-eon-plain,eon,plain,1788890424.9440641,1773394,1773389,16347572,venus,/nix/store/37v7m8kb88fgs4lgwk7ajcbf9hjb8pn7-yazelix-venus-0.1.0/bin/.yazelix-venus-wrapped,.yazelix-venus-,/nix/store/37v7m8kb88fgs4lgwk7ajcbf9hjb8pn7-yazelix-venus-0.1.0/bin/yazelix-venus --no-decorations --application-id eon --background-opacity 1 --font-family DejaVu Sans Mono --font-size 16 --line-height 1.125 --columns 118 --rows 30 --workspace /tmp/ezlf-m2ghzdrr/eon/generations/g1-89197ef167524f65290419c34b3a6b70/eon.sock ,30,120,1224,573,,98176,79359,43083,43068,36262,29,33128,24,21952,43072,98176,43068,0,0,0,0,0,0,0,0,0,0,65024
matrix-01-eon-plain,eon,plain,1788890424.9440641,1773489,1773389,16347594,orbit,/nix/store/mi0x8hjx6ys0dwhq13dnwhh5qnl0n0nf-yazelix-orbit-0.1.0/bin/yazelix-orbit,yazelix-orbit,"/nix/store/mi0x8hjx6ys0dwhq13dnwhh5qnl0n0nf-yazelix-orbit-0.1.0/bin/yazelix-orbit serve /tmp/ezlf-m2ghzdrr/eon/generations/g1-89197ef167524f65290419c34b3a6b70/orbit.sock --management-v1 session-1 1773389-1788890420910111607-1 91999d79546422b49bdbc124166a65859d0bd872 --ansi-palette-v1 000000,cd0000,00cd00,cdcd00,1093f5,cd00cd,00cdcd,faebd7,404040,ff0000,00ff00,ffff00,11b5f6,ff00ff,00ffff,ffffff -- /usr/bin/python3 /home/lucca/.local/state/eon/proofs/eon-zlf-20260908/child.py /home/lucca/.local/state/eon/proofs/eon-zlf-20260908/runs/matrix-01-eon-plain plain ",30,120,1224,573,,14072,11375,10508,10508,867,0,3052,0,512,10508,14072,10508,0,0,0,0,0,0,0,0,0,0,11020
matrix-01-eon-plain,eon,plain,1788890424.9440641,1773490,1773489,16347594,child,/usr/bin/python3.12,python3,/usr/bin/python3 /home/lucca/.local/state/eon/proofs/eon-zlf-20260908/child.py /home/lucca/.local/state/eon/proofs/eon-zlf-20260908/runs/matrix-01-eon-plain plain ,30,120,1224,573,,11928,6752,5048,5048,1704,0,6860,0,20,5048,11928,5048,0,0,0,0,0,0,0,0,0,0,5068
matrix-01-eon-screen,eon,screen,1788890440.8081646,1778291,1726845,16349176,supervisor,/nix/store/cig8r1rifpl2lzswi4ga6l744y3v0ck9-eon-0.1.0/bin/.eon-wrapped,.eon-wrapped,/nix/store/cig8r1rifpl2lzswi4ga6l744y3v0ck9-eon-0.1.0/bin/eon run -- /usr/bin/python3 /home/lucca/.local/state/eon/proofs/eon-zlf-20260908/child.py /home/lucca/.local/state/eon/proofs/eon-zlf-20260908/runs/matrix-01-eon-screen screen ,30,120,1224,573,,3876,2026,292,292,1734,0,1896,0,1688,292,3876,292,0,0,0,0,0,0,0,0,0,0,1980
matrix-01-eon-screen,eon,screen,1788890440.8081646,1778297,1778291,16349177,venus,/nix/store/37v7m8kb88fgs4lgwk7ajcbf9hjb8pn7-yazelix-venus-0.1.0/bin/.yazelix-venus-wrapped,.yazelix-venus-,/nix/store/37v7m8kb88fgs4lgwk7ajcbf9hjb8pn7-yazelix-venus-0.1.0/bin/yazelix-venus --no-decorations --application-id eon --background-opacity 1 --font-family DejaVu Sans Mono --font-size 16 --line-height 1.125 --columns 118 --rows 30 --workspace /tmp/ezlf-9vx63wrg/eon/generations/g1-89197ef167524f65290419c34b3a6b70/eon.sock ,30,120,1224,573,,97528,78713,42363,42348,36336,29,33132,24,22020,42352,97528,42348,0,0,0,0,0,0,0,0,0,0,64372
matrix-01-eon-screen,eon,screen,1788890440.8081646,1778396,1778291,16349199,orbit,/nix/store/mi0x8hjx6ys0dwhq13dnwhh5qnl0n0nf-yazelix-orbit-0.1.0/bin/yazelix-orbit,yazelix-orbit,"/nix/store/mi0x8hjx6ys0dwhq13dnwhh5qnl0n0nf-yazelix-orbit-0.1.0/bin/yazelix-orbit serve /tmp/ezlf-9vx63wrg/eon/generations/g1-89197ef167524f65290419c34b3a6b70/orbit.sock --management-v1 session-1 1778291-1788890436965238309-1 91999d79546422b49bdbc124166a65859d0bd872 --ansi-palette-v1 000000,cd0000,00cd00,cdcd00,1093f5,cd00cd,00cdcd,faebd7,404040,ff0000,00ff00,ffff00,11b5f6,ff00ff,00ffff,ffffff -- /usr/bin/python3 /home/lucca/.local/state/eon/proofs/eon-zlf-20260908/child.py /home/lucca/.local/state/eon/proofs/eon-zlf-20260908/runs/matrix-01-eon-screen screen ",30,120,1224,573,,4424,1684,704,704,980,0,3120,0,600,704,4424,704,0,0,0,0,0,0,0,0,0,0,1304
matrix-01-eon-screen,eon,screen,1788890440.8081646,1778397,1778396,16349199,child,/usr/bin/python3.12,python3,/usr/bin/python3 /home/lucca/.local/state/eon/proofs/eon-zlf-20260908/child.py /home/lucca/.local/state/eon/proofs/eon-zlf-20260908/runs/matrix-01-eon-screen screen ,30,120,1224,573,,11928,6743,5040,5040,1703,0,6868,0,20,5040,11928,5040,0,0,0,0,0,0,0,0,0,0,5060
matrix-01-eon-styled,eon,styled,1788890477.7094667,1789901,1726845,16352838,supervisor,/nix/store/cig8r1rifpl2lzswi4ga6l744y3v0ck9-eon-0.1.0/bin/.eon-wrapped,.eon-wrapped,/nix/store/cig8r1rifpl2lzswi4ga6l744y3v0ck9-eon-0.1.0/bin/eon run -- /usr/bin/python3 /home/lucca/.local/state/eon/proofs/eon-zlf-20260908/child.py /home/lucca/.local/state/eon/proofs/eon-zlf-20260908/runs/matrix-01-eon-styled styled ,30,120,1224,573,,3892,2040,292,292,1748,0,1896,0,1704,292,3892,292,0,0,0,0,0,0,0,0,0,0,1996
matrix-01-eon-styled,eon,styled,1788890477.7094667,1789905,1789901,16352838,venus,/nix/store/37v7m8kb88fgs4lgwk7ajcbf9hjb8pn7-yazelix-venus-0.1.0/bin/.yazelix-venus-wrapped,.yazelix-venus-,/nix/store/37v7m8kb88fgs4lgwk7ajcbf9hjb8pn7-yazelix-venus-0.1.0/bin/yazelix-venus --no-decorations --application-id eon --background-opacity 1 --font-family DejaVu Sans Mono --font-size 16 --line-height 1.125 --columns 118 --rows 30 --workspace /tmp/ezlf-3hdz1r95/eon/generations/g1-89197ef167524f65290419c34b3a6b70/eon.sock ,30,120,1224,573,,98216,79373,43035,43020,36324,29,33144,24,22024,43024,98216,43020,0,0,0,0,0,0,0,0,0,0,65048
matrix-01-eon-styled,eon,styled,1788890477.7094667,1790009,1789901,16352862,orbit,/nix/store/mi0x8hjx6ys0dwhq13dnwhh5qnl0n0nf-yazelix-orbit-0.1.0/bin/yazelix-orbit,yazelix-orbit,"/nix/store/mi0x8hjx6ys0dwhq13dnwhh5qnl0n0nf-yazelix-orbit-0.1.0/bin/yazelix-orbit serve /tmp/ezlf-3hdz1r95/eon/generations/g1-89197ef167524f65290419c34b3a6b70/orbit.sock --management-v1 session-1 1789901-1788890473589249934-1 91999d79546422b49bdbc124166a65859d0bd872 --ansi-palette-v1 000000,cd0000,00cd00,cdcd00,1093f5,cd00cd,00cdcd,faebd7,404040,ff0000,00ff00,ffff00,11b5f6,ff00ff,00ffff,ffffff -- /usr/bin/python3 /home/lucca/.local/state/eon/proofs/eon-zlf-20260908/child.py /home/lucca/.local/state/eon/proofs/eon-zlf-20260908/runs/matrix-01-eon-styled styled ",30,120,1224,573,,14392,11722,10816,10816,906,0,3024,0,552,10816,14392,10816,0,0,0,0,0,0,0,0,0,0,11368
matrix-01-eon-styled,eon,styled,1788890477.7094667,1790010,1790009,16352862,child,/usr/bin/python3.12,python3,/usr/bin/python3 /home/lucca/.local/state/eon/proofs/eon-zlf-20260908/child.py /home/lucca/.local/state/eon/proofs/eon-zlf-20260908/runs/matrix-01-eon-styled styled ,30,120,1224,573,,11876,6279,5044,5044,1235,0,6828,0,4,5044,11876,5044,0,0,0,0,0,0,0,0,0,0,5048
matrix-01-eon-unicode,eon,unicode,1788890400.8780162,1765509,1726845,16345070,supervisor,/nix/store/cig8r1rifpl2lzswi4ga6l744y3v0ck9-eon-0.1.0/bin/.eon-wrapped,.eon-wrapped,/nix/store/cig8r1rifpl2lzswi4ga6l744y3v0ck9-eon-0.1.0/bin/eon run -- /usr/bin/python3 /home/lucca/.local/state/eon/proofs/eon-zlf-20260908/child.py /home/lucca/.local/state/eon/proofs/eon-zlf-20260908/runs/matrix-01-eon-unicode unicode ,30,120,1224,573,,3888,2039,288,288,1751,0,1896,0,1704,288,3888,288,0,0,0,0,0,0,0,0,0,0,1992
matrix-01-eon-unicode,eon,unicode,1788890400.8780162,1765513,1765509,16345070,venus,/nix/store/37v7m8kb88fgs4lgwk7ajcbf9hjb8pn7-yazelix-venus-0.1.0/bin/.yazelix-venus-wrapped,.yazelix-venus-,/nix/store/37v7m8kb88fgs4lgwk7ajcbf9hjb8pn7-yazelix-venus-0.1.0/bin/yazelix-venus --no-decorations --application-id eon --background-opacity 1 --font-family DejaVu Sans Mono --font-size 16 --line-height 1.125 --columns 118 --rows 30 --workspace /tmp/ezlf-zi4ayu69/eon/generations/g1-89197ef167524f65290419c34b3a6b70/eon.sock ,30,120,1224,573,,98172,79335,43271,43256,36050,29,33156,24,21732,43260,98172,43256,0,0,0,0,0,0,0,0,0,0,64992
matrix-01-eon-unicode,eon,unicode,1788890400.8780162,1765642,1765509,16345102,orbit,/nix/store/mi0x8hjx6ys0dwhq13dnwhh5qnl0n0nf-yazelix-orbit-0.1.0/bin/yazelix-orbit,yazelix-orbit,"/nix/store/mi0x8hjx6ys0dwhq13dnwhh5qnl0n0nf-yazelix-orbit-0.1.0/bin/yazelix-orbit serve /tmp/ezlf-zi4ayu69/eon/generations/g1-89197ef167524f65290419c34b3a6b70/orbit.sock --management-v1 session-1 1765509-1788890395993513826-1 91999d79546422b49bdbc124166a65859d0bd872 --ansi-palette-v1 000000,cd0000,00cd00,cdcd00,1093f5,cd00cd,00cdcd,faebd7,404040,ff0000,00ff00,ffff00,11b5f6,ff00ff,00ffff,ffffff -- /usr/bin/python3 /home/lucca/.local/state/eon/proofs/eon-zlf-20260908/child.py /home/lucca/.local/state/eon/proofs/eon-zlf-20260908/runs/matrix-01-eon-unicode unicode ",30,120,1224,573,,20336,17596,16720,16720,876,0,3116,0,500,16720,20336,16720,0,0,0,0,0,0,0,0,0,0,17220
matrix-01-eon-unicode,eon,unicode,1788890400.8780162,1765646,1765642,16345102,child,/usr/bin/python3.12,python3,/usr/bin/python3 /home/lucca/.local/state/eon/proofs/eon-zlf-20260908/child.py /home/lucca/.local/state/eon/proofs/eon-zlf-20260908/runs/matrix-01-eon-unicode unicode ,30,120,1224,573,,11872,6748,5044,5044,1704,0,6808,0,20,5044,11872,5044,0,0,0,0,0,0,0,0,0,0,5064
matrix-01-eonterm-empty,eonterm,empty,1788890499.5890627,1797525,1726845,16355060,supervisor,/nix/store/95x87mc3gdc22fvk920dz6jg6mfr3qxs-eonterm-0.1.0/bin/.eonterm-wrapped,.eonterm-wrappe,/nix/store/95x87mc3gdc22fvk920dz6jg6mfr3qxs-eonterm-0.1.0/bin/eonterm -- /usr/bin/python3 /home/lucca/.local/state/eon/proofs/eon-zlf-20260908/child.py /home/lucca/.local/state/eon/proofs/eon-zlf-20260908/runs/matrix-01-eonterm-empty empty ,30,120,1224,564,,3808,1960,288,288,1672,0,1896,0,1624,288,3808,288,0,0,0,0,0,0,0,0,0,0,1912
matrix-01-eonterm-empty,eonterm,empty,1788890499.5890627,1797528,1797525,16355060,venus,/nix/store/37v7m8kb88fgs4lgwk7ajcbf9hjb8pn7-yazelix-venus-0.1.0/bin/.yazelix-venus-wrapped,.yazelix-venus-,/nix/store/37v7m8kb88fgs4lgwk7ajcbf9hjb8pn7-yazelix-venus-0.1.0/bin/yazelix-venus --application-id eonterm --background-opacity 1 --font-family DejaVu Sans Mono --font-size 16 --line-height 1.125 --columns 120 --rows 30 /tmp/ezlf-b0535_jg/eonterm/generations/g1-89197ef167524f65290419c34b3a6b70/orbit.sock ,30,120,1224,564,,86416,67391,31215,31200,36162,29,33344,24,21844,31204,86416,31200,0,0,0,0,0,0,0,0,0,0,53048
matrix-01-eonterm-empty,eonterm,empty,1788890499.5890627,1797588,1797525,16355075,orbit,/nix/store/mi0x8hjx6ys0dwhq13dnwhh5qnl0n0nf-yazelix-orbit-0.1.0/bin/yazelix-orbit,yazelix-orbit,"/nix/store/mi0x8hjx6ys0dwhq13dnwhh5qnl0n0nf-yazelix-orbit-0.1.0/bin/yazelix-orbit serve /tmp/ezlf-b0535_jg/eonterm/generations/g1-89197ef167524f65290419c34b3a6b70/orbit.sock --management-v1 session-1 1797525-1788890495727667419-0 91999d79546422b49bdbc124166a65859d0bd872 --ansi-palette-v1 000000,cd0000,00cd00,cdcd00,1093f5,cd00cd,00cdcd,faebd7,404040,ff0000,00ff00,ffff00,11b5f6,ff00ff,00ffff,ffffff -- /usr/bin/python3 /home/lucca/.local/state/eon/proofs/eon-zlf-20260908/child.py /home/lucca/.local/state/eon/proofs/eon-zlf-20260908/runs/matrix-01-eonterm-empty empty ",30,120,1224,564,,4196,1541,644,644,897,0,3000,0,552,644,4196,644,0,0,0,0,0,0,0,0,0,0,1196
matrix-01-eonterm-empty,eonterm,empty,1788890499.5890627,1797589,1797588,16355076,child,/usr/bin/python3.12,python3,/usr/bin/python3 /home/lucca/.local/state/eon/proofs/eon-zlf-20260908/child.py /home/lucca/.local/state/eon/proofs/eon-zlf-20260908/runs/matrix-01-eonterm-empty empty ,30,120,1224,564,,11884,6275,5040,5040,1235,0,6840,0,4,5040,11884,5040,0,0,0,0,0,0,0,0,0,0,5044
matrix-01-eonterm-mixed,eonterm,mixed,1788890464.129631,1785493,1726845,16351482,supervisor,/nix/store/95x87mc3gdc22fvk920dz6jg6mfr3qxs-eonterm-0.1.0/bin/.eonterm-wrapped,.eonterm-wrappe,/nix/store/95x87mc3gdc22fvk920dz6jg6mfr3qxs-eonterm-0.1.0/bin/eonterm -- /usr/bin/python3 /home/lucca/.local/state/eon/proofs/eon-zlf-20260908/child.py /home/lucca/.local/state/eon/proofs/eon-zlf-20260908/runs/matrix-01-eonterm-mixed mixed ,30,120,1224,564,,3868,2018,284,284,1734,0,1896,0,1688,284,3868,284,0,0,0,0,0,0,0,0,0,0,1972
matrix-01-eonterm-mixed,eonterm,mixed,1788890464.129631,1785498,1785493,16351484,venus,/nix/store/37v7m8kb88fgs4lgwk7ajcbf9hjb8pn7-yazelix-venus-0.1.0/bin/.yazelix-venus-wrapped,.yazelix-venus-,/nix/store/37v7m8kb88fgs4lgwk7ajcbf9hjb8pn7-yazelix-venus-0.1.0/bin/yazelix-venus --application-id eonterm --background-opacity 1 --font-family DejaVu Sans Mono --font-size 16 --line-height 1.125 --columns 120 --rows 30 /tmp/ezlf-rb2lxmvd/eonterm/generations/g1-89197ef167524f65290419c34b3a6b70/orbit.sock ,30,120,1224,564,,98648,79616,43140,43124,36462,30,33372,24,22124,43128,98648,43124,0,0,0,0,0,0,0,0,0,0,65252
matrix-01-eonterm-mixed,eonterm,mixed,1788890464.129631,1785561,1785493,16351499,orbit,/nix/store/mi0x8hjx6ys0dwhq13dnwhh5qnl0n0nf-yazelix-orbit-0.1.0/bin/yazelix-orbit,yazelix-orbit,"/nix/store/mi0x8hjx6ys0dwhq13dnwhh5qnl0n0nf-yazelix-orbit-0.1.0/bin/yazelix-orbit serve /tmp/ezlf-rb2lxmvd/eonterm/generations/g1-89197ef167524f65290419c34b3a6b70/orbit.sock --management-v1 session-1 1785493-1788890459960161876-0 91999d79546422b49bdbc124166a65859d0bd872 --ansi-palette-v1 000000,cd0000,00cd00,cdcd00,1093f5,cd00cd,00cdcd,faebd7,404040,ff0000,00ff00,ffff00,11b5f6,ff00ff,00ffff,ffffff -- /usr/bin/python3 /home/lucca/.local/state/eon/proofs/eon-zlf-20260908/child.py /home/lucca/.local/state/eon/proofs/eon-zlf-20260908/runs/matrix-01-eonterm-mixed mixed ",30,120,1224,564,,19292,16550,15564,15564,986,0,3124,0,604,15564,19292,15564,0,0,0,0,0,0,0,0,0,0,16168
matrix-01-eonterm-mixed,eonterm,mixed,1788890464.129631,1785562,1785561,16351499,child,/usr/bin/python3.12,python3,/usr/bin/python3 /home/lucca/.local/state/eon/proofs/eon-zlf-20260908/child.py /home/lucca/.local/state/eon/proofs/eon-zlf-20260908/runs/matrix-01-eonterm-mixed mixed ,30,120,1224,564,,11888,6746,5044,5044,1702,0,6824,0,20,5044,11888,5044,0,0,0,0,0,0,0,0,0,0,5064
matrix-01-eonterm-plain,eonterm,plain,1788890420.5371602,1772064,1726845,16347139,supervisor,/nix/store/95x87mc3gdc22fvk920dz6jg6mfr3qxs-eonterm-0.1.0/bin/.eonterm-wrapped,.eonterm-wrappe,/nix/store/95x87mc3gdc22fvk920dz6jg6mfr3qxs-eonterm-0.1.0/bin/eonterm -- /usr/bin/python3 /home/lucca/.local/state/eon/proofs/eon-zlf-20260908/child.py /home/lucca/.local/state/eon/proofs/eon-zlf-20260908/runs/matrix-01-eonterm-plain plain ,30,120,1224,564,,3872,2023,288,288,1735,0,1896,0,1688,288,3872,288,0,0,0,0,0,0,0,0,0,0,1976
matrix-01-eonterm-plain,eonterm,plain,1788890420.5371602,1772065,1772064,16347140,venus,/nix/store/37v7m8kb88fgs4lgwk7ajcbf9hjb8pn7-yazelix-venus-0.1.0/bin/.yazelix-venus-wrapped,.yazelix-venus-,/nix/store/37v7m8kb88fgs4lgwk7ajcbf9hjb8pn7-yazelix-venus-0.1.0/bin/yazelix-venus --application-id eonterm --background-opacity 1 --font-family DejaVu Sans Mono --font-size 16 --line-height 1.125 --columns 120 --rows 30 /tmp/ezlf-monemw9o/eonterm/generations/g1-89197ef167524f65290419c34b3a6b70/orbit.sock ,30,120,1224,564,,98172,79168,42987,42972,36167,29,33324,24,21848,42976,98172,42972,0,0,0,0,0,0,0,0,0,0,64824
matrix-01-eonterm-plain,eonterm,plain,1788890420.5371602,1772129,1772064,16347155,orbit,/nix/store/mi0x8hjx6ys0dwhq13dnwhh5qnl0n0nf-yazelix-orbit-0.1.0/bin/yazelix-orbit,yazelix-orbit,"/nix/store/mi0x8hjx6ys0dwhq13dnwhh5qnl0n0nf-yazelix-orbit-0.1.0/bin/yazelix-orbit serve /tmp/ezlf-monemw9o/eonterm/generations/g1-89197ef167524f65290419c34b3a6b70/orbit.sock --management-v1 session-1 1772064-1788890416522234608-0 91999d79546422b49bdbc124166a65859d0bd872 --ansi-palette-v1 000000,cd0000,00cd00,cdcd00,1093f5,cd00cd,00cdcd,faebd7,404040,ff0000,00ff00,ffff00,11b5f6,ff00ff,00ffff,ffffff -- /usr/bin/python3 /home/lucca/.local/state/eon/proofs/eon-zlf-20260908/child.py /home/lucca/.local/state/eon/proofs/eon-zlf-20260908/runs/matrix-01-eonterm-plain plain ",30,120,1224,564,,14048,11383,10480,10480,903,0,3016,0,552,10480,14048,10480,0,0,0,0,0,0,0,0,0,0,11032
matrix-01-eonterm-plain,eonterm,plain,1788890420.5371602,1772131,1772129,16347155,child,/usr/bin/python3.12,python3,/usr/bin/python3 /home/lucca/.local/state/eon/proofs/eon-zlf-20260908/child.py /home/lucca/.local/state/eon/proofs/eon-zlf-20260908/runs/matrix-01-eonterm-plain plain ,30,120,1224,564,,11864,6746,5044,5044,1702,0,6800,0,20,5044,11864,5044,0,0,0,0,0,0,0,0,0,0,5064
matrix-01-eonterm-screen,eonterm,screen,1788890436.6126,1777035,1726845,16348761,supervisor,/nix/store/95x87mc3gdc22fvk920dz6jg6mfr3qxs-eonterm-0.1.0/bin/.eonterm-wrapped,.eonterm-wrappe,/nix/store/95x87mc3gdc22fvk920dz6jg6mfr3qxs-eonterm-0.1.0/bin/eonterm -- /usr/bin/python3 /home/lucca/.local/state/eon/proofs/eon-zlf-20260908/child.py /home/lucca/.local/state/eon/proofs/eon-zlf-20260908/runs/matrix-01-eonterm-screen screen ,30,120,1224,564,,3804,1954,284,284,1670,0,1896,0,1624,284,3804,284,0,0,0,0,0,0,0,0,0,0,1908
matrix-01-eonterm-screen,eonterm,screen,1788890436.6126,1777038,1777035,16348762,venus,/nix/store/37v7m8kb88fgs4lgwk7ajcbf9hjb8pn7-yazelix-venus-0.1.0/bin/.yazelix-venus-wrapped,.yazelix-venus-,/nix/store/37v7m8kb88fgs4lgwk7ajcbf9hjb8pn7-yazelix-venus-0.1.0/bin/yazelix-venus --application-id eonterm --background-opacity 1 --font-family DejaVu Sans Mono --font-size 16 --line-height 1.125 --columns 120 --rows 30 /tmp/ezlf-i6fchi3d/eonterm/generations/g1-89197ef167524f65290419c34b3a6b70/orbit.sock ,30,120,1224,564,,97600,78555,42279,42264,36262,29,33384,24,21924,42268,97600,42264,0,0,0,0,0,0,0,0,0,0,64192
matrix-01-eonterm-screen,eonterm,screen,1788890436.6126,1777105,1777035,16348780,orbit,/nix/store/mi0x8hjx6ys0dwhq13dnwhh5qnl0n0nf-yazelix-orbit-0.1.0/bin/yazelix-orbit,yazelix-orbit,"/nix/store/mi0x8hjx6ys0dwhq13dnwhh5qnl0n0nf-yazelix-orbit-0.1.0/bin/yazelix-orbit serve /tmp/ezlf-i6fchi3d/eonterm/generations/g1-89197ef167524f65290419c34b3a6b70/orbit.sock --management-v1 session-1 1777035-1788890432777980351-0 91999d79546422b49bdbc124166a65859d0bd872 --ansi-palette-v1 000000,cd0000,00cd00,cdcd00,1093f5,cd00cd,00cdcd,faebd7,404040,ff0000,00ff00,ffff00,11b5f6,ff00ff,00ffff,ffffff -- /usr/bin/python3 /home/lucca/.local/state/eon/proofs/eon-zlf-20260908/child.py /home/lucca/.local/state/eon/proofs/eon-zlf-20260908/runs/matrix-01-eonterm-screen screen ",30,120,1224,564,,4212,1515,660,660,855,0,3052,0,500,660,4212,660,0,0,0,0,0,0,0,0,0,0,1160
matrix-01-eonterm-screen,eonterm,screen,1788890436.6126,1777106,1777105,16348781,child,/usr/bin/python3.12,python3,/usr/bin/python3 /home/lucca/.local/state/eon/proofs/eon-zlf-20260908/child.py /home/lucca/.local/state/eon/proofs/eon-zlf-20260908/runs/matrix-01-eonterm-screen screen ,30,120,1224,564,,11880,6746,5044,5044,1702,0,6816,0,20,5044,11880,5044,0,0,0,0,0,0,0,0,0,0,5064
matrix-01-eonterm-styled,eonterm,styled,1788890482.0910385,1791392,1726845,16353284,supervisor,/nix/store/95x87mc3gdc22fvk920dz6jg6mfr3qxs-eonterm-0.1.0/bin/.eonterm-wrapped,.eonterm-wrappe,/nix/store/95x87mc3gdc22fvk920dz6jg6mfr3qxs-eonterm-0.1.0/bin/eonterm -- /usr/bin/python3 /home/lucca/.local/state/eon/proofs/eon-zlf-20260908/child.py /home/lucca/.local/state/eon/proofs/eon-zlf-20260908/runs/matrix-01-eonterm-styled styled ,30,120,1224,564,,3864,2014,288,288,1726,0,1896,0,1680,288,3864,288,0,0,0,0,0,0,0,0,0,0,1968
matrix-01-eonterm-styled,eonterm,styled,1788890482.0910385,1791395,1791392,16353285,venus,/nix/store/37v7m8kb88fgs4lgwk7ajcbf9hjb8pn7-yazelix-venus-0.1.0/bin/.yazelix-venus-wrapped,.yazelix-venus-,/nix/store/37v7m8kb88fgs4lgwk7ajcbf9hjb8pn7-yazelix-venus-0.1.0/bin/yazelix-venus --application-id eonterm --background-opacity 1 --font-family DejaVu Sans Mono --font-size 16 --line-height 1.125 --columns 120 --rows 30 /tmp/ezlf-qllw16iq/eonterm/generations/g1-89197ef167524f65290419c34b3a6b70/orbit.sock ,30,120,1224,564,,98292,79286,42983,42968,36289,29,33336,24,21960,42972,98256,42968,0,0,0,0,0,0,0,0,0,0,64932
matrix-01-eonterm-styled,eonterm,styled,1788890482.0910385,1791457,1791392,16353300,orbit,/nix/store/mi0x8hjx6ys0dwhq13dnwhh5qnl0n0nf-yazelix-orbit-0.1.0/bin/yazelix-orbit,yazelix-orbit,"/nix/store/mi0x8hjx6ys0dwhq13dnwhh5qnl0n0nf-yazelix-orbit-0.1.0/bin/yazelix-orbit serve /tmp/ezlf-qllw16iq/eonterm/generations/g1-89197ef167524f65290419c34b3a6b70/orbit.sock --management-v1 session-1 1791392-1788890477971812430-0 91999d79546422b49bdbc124166a65859d0bd872 --ansi-palette-v1 000000,cd0000,00cd00,cdcd00,1093f5,cd00cd,00cdcd,faebd7,404040,ff0000,00ff00,ffff00,11b5f6,ff00ff,00ffff,ffffff -- /usr/bin/python3 /home/lucca/.local/state/eon/proofs/eon-zlf-20260908/child.py /home/lucca/.local/state/eon/proofs/eon-zlf-20260908/runs/matrix-01-eonterm-styled styled ",30,120,1224,564,,14480,11762,10788,10788,974,0,3088,0,604,10788,14048,10788,0,0,0,0,0,0,0,0,0,0,11392
matrix-01-eonterm-styled,eonterm,styled,1788890482.0910385,1791458,1791457,16353300,child,/usr/bin/python3.12,python3,/usr/bin/python3 /home/lucca/.local/state/eon/proofs/eon-zlf-20260908/child.py /home/lucca/.local/state/eon/proofs/eon-zlf-20260908/runs/matrix-01-eonterm-styled styled ,30,120,1224,564,,11868,6274,5044,5044,1230,0,6820,0,4,5044,11868,5044,0,0,0,0,0,0,0,0,0,0,5048
matrix-01-eonterm-unicode,eonterm,unicode,1788890405.4693754,1767201,1726845,16345603,supervisor,/nix/store/95x87mc3gdc22fvk920dz6jg6mfr3qxs-eonterm-0.1.0/bin/.eonterm-wrapped,.eonterm-wrappe,/nix/store/95x87mc3gdc22fvk920dz6jg6mfr3qxs-eonterm-0.1.0/bin/eonterm -- /usr/bin/python3 /home/lucca/.local/state/eon/proofs/eon-zlf-20260908/child.py /home/lucca/.local/state/eon/proofs/eon-zlf-20260908/runs/matrix-01-eonterm-unicode unicode ,30,120,1224,564,,3808,1959,288,288,1671,0,1896,0,1624,288,3808,288,0,0,0,0,0,0,0,0,0,0,1912
matrix-01-eonterm-unicode,eonterm,unicode,1788890405.4693754,1767204,1767201,16345603,venus,/nix/store/37v7m8kb88fgs4lgwk7ajcbf9hjb8pn7-yazelix-venus-0.1.0/bin/.yazelix-venus-wrapped,.yazelix-venus-,/nix/store/37v7m8kb88fgs4lgwk7ajcbf9hjb8pn7-yazelix-venus-0.1.0/bin/yazelix-venus --application-id eonterm --background-opacity 1 --font-family DejaVu Sans Mono --font-size 16 --line-height 1.125 --columns 120 --rows 30 /tmp/ezlf-cddf0eia/eonterm/generations/g1-89197ef167524f65290419c34b3a6b70/orbit.sock ,30,120,1224,564,,98308,79279,43240,43224,36025,30,33356,24,21700,43228,89744,43224,0,0,0,0,0,0,0,0,0,0,64928
matrix-01-eonterm-unicode,eonterm,unicode,1788890405.4693754,1767268,1767201,16345619,orbit,/nix/store/mi0x8hjx6ys0dwhq13dnwhh5qnl0n0nf-yazelix-orbit-0.1.0/bin/yazelix-orbit,yazelix-orbit,"/nix/store/mi0x8hjx6ys0dwhq13dnwhh5qnl0n0nf-yazelix-orbit-0.1.0/bin/yazelix-orbit serve /tmp/ezlf-cddf0eia/eonterm/generations/g1-89197ef167524f65290419c34b3a6b70/orbit.sock --management-v1 session-1 1767201-1788890401164470408-0 91999d79546422b49bdbc124166a65859d0bd872 --ansi-palette-v1 000000,cd0000,00cd00,cdcd00,1093f5,cd00cd,00cdcd,faebd7,404040,ff0000,00ff00,ffff00,11b5f6,ff00ff,00ffff,ffffff -- /usr/bin/python3 /home/lucca/.local/state/eon/proofs/eon-zlf-20260908/child.py /home/lucca/.local/state/eon/proofs/eon-zlf-20260908/runs/matrix-01-eonterm-unicode unicode ",30,120,1224,564,,20428,17686,16700,16700,986,0,3124,0,604,16700,20428,16700,0,0,0,0,0,0,0,0,0,0,17304
matrix-01-eonterm-unicode,eonterm,unicode,1788890405.4693754,1767269,1767268,16345619,child,/usr/bin/python3.12,python3,/usr/bin/python3 /home/lucca/.local/state/eon/proofs/eon-zlf-20260908/child.py /home/lucca/.local/state/eon/proofs/eon-zlf-20260908/runs/matrix-01-eonterm-unicode unicode ,30,120,1224,564,,11896,6747,5044,5044,1703,0,6832,0,20,5044,11892,5044,0,0,0,0,0,0,0,0,0,0,5064
matrix-01-foot-empty,foot,empty,1788890490.0403829,1794305,1726845,16354140,terminal,/usr/bin/foot,foot,/usr/bin/foot -c /home/lucca/.local/state/eon/proofs/eon-zlf-20260908/runs/matrix-01-foot-empty/foot.ini -T eon-zlf benchmark --app-id=eon-zlf-foot /usr/bin/python3 /home/lucca/.local/state/eon/proofs/eon-zlf-20260908/child.py /home/lucca/.local/state/eon/proofs/eon-zlf-20260908/runs/matrix-01-foot-empty empty ,30,120,1200,540,,18952,11362,8738,4756,2624,3982,7060,2660,1824,7408,18952,4756,0,0,0,0,0,0,0,0,0,0,9232
matrix-01-foot-empty,foot,empty,1788890490.0403829,1794326,1794305,16354146,child,/usr/bin/python3.12,python3,/usr/bin/python3 /home/lucca/.local/state/eon/proofs/eon-zlf-20260908/child.py /home/lucca/.local/state/eon/proofs/eon-zlf-20260908/runs/matrix-01-foot-empty empty ,30,120,1200,540,,11928,6273,5044,5044,1229,0,6880,0,4,5044,11928,5044,0,0,0,0,0,0,0,0,0,0,5048
matrix-01-foot-mixed,foot,mixed,1788890459.671768,1784352,1726845,16351103,terminal,/usr/bin/foot,foot,/usr/bin/foot -c /home/lucca/.local/state/eon/proofs/eon-zlf-20260908/runs/matrix-01-foot-mixed/foot.ini -T eon-zlf benchmark --app-id=eon-zlf-foot /usr/bin/python3 /home/lucca/.local/state/eon/proofs/eon-zlf-20260908/child.py /home/lucca/.local/state/eon/proofs/eon-zlf-20260908/runs/matrix-01-foot-mixed mixed ,30,120,1200,540,,34112,25295,22528,19748,2767,2780,7104,5064,1948,19996,34112,19748,0,0,0,0,0,0,0,0,0,0,21944
matrix-01-foot-mixed,foot,mixed,1788890459.671768,1784366,1784352,16351107,child,/usr/bin/python3.12,python3,/usr/bin/python3 /home/lucca/.local/state/eon/proofs/eon-zlf-20260908/child.py /home/lucca/.local/state/eon/proofs/eon-zlf-20260908/runs/matrix-01-foot-mixed mixed ,30,120,1200,540,,11860,6742,5044,5044,1698,0,6796,0,20,5044,11860,5044,0,0,0,0,0,0,0,0,0,0,5064
matrix-01-foot-plain,foot,plain,1788890428.702496,1774747,1726845,16348006,terminal,/usr/bin/foot,foot,/usr/bin/foot -c /home/lucca/.local/state/eon/proofs/eon-zlf-20260908/runs/matrix-01-foot-plain/foot.ini -T eon-zlf benchmark --app-id=eon-zlf-foot /usr/bin/python3 /home/lucca/.local/state/eon/proofs/eon-zlf-20260908/child.py /home/lucca/.local/state/eon/proofs/eon-zlf-20260908/runs/matrix-01-foot-plain plain ,30,120,1200,540,,33688,24934,22212,19432,2722,2780,7008,5064,1936,19680,33688,19432,0,0,0,0,0,0,0,0,0,0,21616
matrix-01-foot-plain,foot,plain,1788890428.702496,1774761,1774747,16348010,child,/usr/bin/python3.12,python3,/usr/bin/python3 /home/lucca/.local/state/eon/proofs/eon-zlf-20260908/child.py /home/lucca/.local/state/eon/proofs/eon-zlf-20260908/runs/matrix-01-foot-plain plain ,30,120,1200,540,,11888,6749,5044,5044,1705,0,6824,0,20,5044,11888,5044,0,0,0,0,0,0,0,0,0,0,5064
matrix-01-foot-screen,foot,screen,1788890432.5082037,1775913,1726845,16348386,terminal,/usr/bin/foot,foot,/usr/bin/foot -c /home/lucca/.local/state/eon/proofs/eon-zlf-20260908/runs/matrix-01-foot-screen/foot.ini -T eon-zlf benchmark --app-id=eon-zlf-foot /usr/bin/python3 /home/lucca/.local/state/eon/proofs/eon-zlf-20260908/child.py /home/lucca/.local/state/eon/proofs/eon-zlf-20260908/runs/matrix-01-foot-screen screen ,30,120,1200,540,,19380,11751,9130,5148,2621,3982,7120,2660,1800,7800,19380,5148,0,0,0,0,0,0,0,0,0,0,9600
matrix-01-foot-screen,foot,screen,1788890432.5082037,1775924,1775913,16348390,child,/usr/bin/python3.12,python3,/usr/bin/python3 /home/lucca/.local/state/eon/proofs/eon-zlf-20260908/child.py /home/lucca/.local/state/eon/proofs/eon-zlf-20260908/runs/matrix-01-foot-screen screen ,30,120,1200,540,,11872,6737,5040,5040,1697,0,6812,0,20,5040,11872,5040,0,0,0,0,0,0,0,0,0,0,5060
matrix-01-foot-styled,foot,styled,1788890467.9168673,1786857,1726845,16351926,terminal,/usr/bin/foot,foot,/usr/bin/foot -c /home/lucca/.local/state/eon/proofs/eon-zlf-20260908/runs/matrix-01-foot-styled/foot.ini -T eon-zlf benchmark --app-id=eon-zlf-foot /usr/bin/python3 /home/lucca/.local/state/eon/proofs/eon-zlf-20260908/child.py /home/lucca/.local/state/eon/proofs/eon-zlf-20260908/runs/matrix-01-foot-styled styled ,30,120,1200,540,,33688,24980,22312,19532,2668,2780,6940,5064,1904,19780,33688,19532,0,0,0,0,0,0,0,0,0,0,21684
matrix-01-foot-styled,foot,styled,1788890467.9168673,1786865,1786857,16351929,child,/usr/bin/python3.12,python3,/usr/bin/python3 /home/lucca/.local/state/eon/proofs/eon-zlf-20260908/child.py /home/lucca/.local/state/eon/proofs/eon-zlf-20260908/runs/matrix-01-foot-styled styled ,30,120,1200,540,,11872,6738,5040,5040,1698,0,6812,0,20,5040,11872,5040,0,0,0,0,0,0,0,0,0,0,5060
matrix-01-foot-unicode,foot,unicode,1788890395.5408833,1764297,1726845,16344670,terminal,/usr/bin/foot,foot,/usr/bin/foot -c /home/lucca/.local/state/eon/proofs/eon-zlf-20260908/runs/matrix-01-foot-unicode/foot.ini -T eon-zlf benchmark --app-id=eon-zlf-foot /usr/bin/python3 /home/lucca/.local/state/eon/proofs/eon-zlf-20260908/child.py /home/lucca/.local/state/eon/proofs/eon-zlf-20260908/runs/matrix-01-foot-unicode unicode ,30,120,1200,540,,33928,25186,22344,19564,2842,2780,7024,5064,2028,19812,33928,19564,0,0,0,0,0,0,0,0,0,0,21840
matrix-01-foot-unicode,foot,unicode,1788890395.5408833,1764319,1764297,16344677,child,/usr/bin/python3.12,python3,/usr/bin/python3 /home/lucca/.local/state/eon/proofs/eon-zlf-20260908/child.py /home/lucca/.local/state/eon/proofs/eon-zlf-20260908/runs/matrix-01-foot-unicode unicode ,30,120,1200,540,,11876,6270,5044,5044,1226,0,6828,0,4,5044,11876,5044,0,0,0,0,0,0,0,0,0,0,5048
matrix-01-ghostty-empty,ghostty,empty,1788890495.440615,1795669,1726845,16354519,terminal,/snap/ghostty/820/bin/ghostty,ghostty,/snap/ghostty/820/bin/ghostty --config-default-files=false --gtk-single-instance=false --font-family=DejaVu Sans Mono --font-size=12 --adjust-cell-height=-1 --window-width=121 --window-height=33 --scrollback-limit=16777216 --background-opacity=1 --background-blur=false --window-save-state=never --title=eon-zlf benchmark --class=com.mitchellh.ghostty.eonzlf -e /usr/bin/python3 /home/lucca/.local/state/eon/proofs/eon-zlf-20260908/child.py /home/lucca/.local/state/eon/proofs/eon-zlf-20260908/runs/matrix-01-ghostty-empty empty ,30,120,1206,544,,187668,185179,81257,79304,105858,17,2900,4,103508,81256,187668,79304,0,0,0,0,0,0,0,0,0,0,184764
matrix-01-ghostty-empty,ghostty,empty,1788890495.440615,1796266,1795669,16354684,child,/usr/bin/python3.12,python3,/usr/bin/python3 /home/lucca/.local/state/eon/proofs/eon-zlf-20260908/child.py /home/lucca/.local/state/eon/proofs/eon-zlf-20260908/runs/matrix-01-ghostty-empty empty ,30,120,1206,544,,11896,6275,5044,5044,1231,0,6848,0,4,5044,11896,5044,0,0,0,0,0,0,0,0,0,0,5048
matrix-01-ghostty-mixed,ghostty,mixed,1788890451.4279964,1781249,1726845,16350117,terminal,/snap/ghostty/820/bin/ghostty,ghostty,/snap/ghostty/820/bin/ghostty --config-default-files=false --gtk-single-instance=false --font-family=DejaVu Sans Mono --font-size=12 --adjust-cell-height=-1 --window-width=121 --window-height=33 --scrollback-limit=16777216 --background-opacity=1 --background-blur=false --window-save-state=never --title=eon-zlf benchmark --class=com.mitchellh.ghostty.eonzlf -e /usr/bin/python3 /home/lucca/.local/state/eon/proofs/eon-zlf-20260908/child.py /home/lucca/.local/state/eon/proofs/eon-zlf-20260908/runs/matrix-01-ghostty-mixed mixed ,30,120,1206,544,,194384,191893,87297,85336,106540,17,2900,4,104184,87296,194384,85336,0,0,0,0,0,0,0,0,0,0,191480
matrix-01-ghostty-mixed,ghostty,mixed,1788890451.4279964,1781829,1781249,16350267,child,/usr/bin/python3.12,python3,/usr/bin/python3 /home/lucca/.local/state/eon/proofs/eon-zlf-20260908/child.py /home/lucca/.local/state/eon/proofs/eon-zlf-20260908/runs/matrix-01-ghostty-mixed mixed ,30,120,1206,544,,11884,6740,5040,5040,1700,0,6824,0,20,5040,11884,5040,0,0,0,0,0,0,0,0,0,0,5060
matrix-01-ghostty-plain,ghostty,plain,1788890416.2334414,1770443,1726845,16346618,terminal,/snap/ghostty/820/bin/ghostty,ghostty,/snap/ghostty/820/bin/ghostty --config-default-files=false --gtk-single-instance=false --font-family=DejaVu Sans Mono --font-size=12 --adjust-cell-height=-1 --window-width=121 --window-height=33 --scrollback-limit=16777216 --background-opacity=1 --background-blur=false --window-save-state=never --title=eon-zlf benchmark --class=com.mitchellh.ghostty.eonzlf -e /usr/bin/python3 /home/lucca/.local/state/eon/proofs/eon-zlf-20260908/child.py /home/lucca/.local/state/eon/proofs/eon-zlf-20260908/runs/matrix-01-ghostty-plain plain ,30,120,1206,544,,200220,197732,93057,91100,106615,17,2900,4,104260,93056,200220,91100,0,0,0,0,0,0,0,0,0,0,197316
matrix-01-ghostty-plain,ghostty,plain,1788890416.2334414,1770972,1770443,16346763,child,/usr/bin/python3.12,python3,/usr/bin/python3 /home/lucca/.local/state/eon/proofs/eon-zlf-20260908/child.py /home/lucca/.local/state/eon/proofs/eon-zlf-20260908/runs/matrix-01-ghostty-plain plain ,30,120,1206,544,,11988,6747,5044,5044,1703,0,6924,0,20,5044,11988,5044,0,0,0,0,0,0,0,0,0,0,5064
matrix-01-ghostty-screen,ghostty,screen,1788890446.0656083,1779591,1726845,16349594,terminal,/snap/ghostty/820/bin/ghostty,ghostty,/snap/ghostty/820/bin/ghostty --config-default-files=false --gtk-single-instance=false --font-family=DejaVu Sans Mono --font-size=12 --adjust-cell-height=-1 --window-width=121 --window-height=33 --scrollback-limit=16777216 --background-opacity=1 --background-blur=false --window-save-state=never --title=eon-zlf benchmark --class=com.mitchellh.ghostty.eonzlf -e /usr/bin/python3 /home/lucca/.local/state/eon/proofs/eon-zlf-20260908/child.py /home/lucca/.local/state/eon/proofs/eon-zlf-20260908/runs/matrix-01-ghostty-screen screen ,30,120,1206,544,,187832,185335,81317,79364,105954,17,2916,4,103596,81316,187832,79364,0,0,0,0,0,0,0,0,0,0,184912
matrix-01-ghostty-screen,ghostty,screen,1788890446.0656083,1780167,1779591,16349742,child,/usr/bin/python3.12,python3,/usr/bin/python3 /home/lucca/.local/state/eon/proofs/eon-zlf-20260908/child.py /home/lucca/.local/state/eon/proofs/eon-zlf-20260908/runs/matrix-01-ghostty-screen screen ,30,120,1206,544,,11992,6751,5048,5048,1703,0,6924,0,20,5048,11992,5048,0,0,0,0,0,0,0,0,0,0,5068
matrix-01-ghostty-styled,ghostty,styled,1788890473.2210872,1788003,1726845,16352302,terminal,/snap/ghostty/820/bin/ghostty,ghostty,/snap/ghostty/820/bin/ghostty --config-default-files=false --gtk-single-instance=false --font-family=DejaVu Sans Mono --font-size=12 --adjust-cell-height=-1 --window-width=121 --window-height=33 --scrollback-limit=16777216 --background-opacity=1 --background-blur=false --window-save-state=never --title=eon-zlf benchmark --class=com.mitchellh.ghostty.eonzlf -e /usr/bin/python3 /home/lucca/.local/state/eon/proofs/eon-zlf-20260908/child.py /home/lucca/.local/state/eon/proofs/eon-zlf-20260908/runs/matrix-01-ghostty-styled styled ,30,120,1206,544,,201744,199249,94537,92576,106656,17,2908,4,104296,94536,198192,92576,0,0,0,0,0,0,0,0,0,0,198832
matrix-01-ghostty-styled,ghostty,styled,1788890473.2210872,1788689,1788003,16352456,child,/usr/bin/python3.12,python3,/usr/bin/python3 /home/lucca/.local/state/eon/proofs/eon-zlf-20260908/child.py /home/lucca/.local/state/eon/proofs/eon-zlf-20260908/runs/matrix-01-ghostty-styled styled ,30,120,1206,544,,11896,6279,5044,5044,1235,0,6848,0,4,5044,11896,5044,0,0,0,0,0,0,0,0,0,0,5048
matrix-01-ghostty-unicode,ghostty,unicode,1788890411.0739062,1768637,1726845,16346065,terminal,/snap/ghostty/820/bin/ghostty,ghostty,/snap/ghostty/820/bin/ghostty --config-default-files=false --gtk-single-instance=false --font-family=DejaVu Sans Mono --font-size=12 --adjust-cell-height=-1 --window-width=121 --window-height=33 --scrollback-limit=16777216 --background-opacity=1 --background-blur=false --window-save-state=never --title=eon-zlf benchmark --class=com.mitchellh.ghostty.eonzlf -e /usr/bin/python3 /home/lucca/.local/state/eon/proofs/eon-zlf-20260908/child.py /home/lucca/.local/state/eon/proofs/eon-zlf-20260908/runs/matrix-01-ghostty-unicode unicode ,30,120,1206,544,,197576,195086,90265,88304,106765,17,2908,4,104400,90264,197576,88304,0,0,0,0,0,0,0,0,0,0,194664
matrix-01-ghostty-unicode,ghostty,unicode,1788890411.0739062,1769191,1768637,16346219,child,/usr/bin/python3.12,python3,/usr/bin/python3 /home/lucca/.local/state/eon/proofs/eon-zlf-20260908/child.py /home/lucca/.local/state/eon/proofs/eon-zlf-20260908/runs/matrix-01-ghostty-unicode unicode ,30,120,1206,544,,11924,6749,5048,5048,1701,0,6856,0,20,5048,11924,5048,0,0,0,0,0,0,0,0,0,0,5068
matrix-02-eon-empty,eon,empty,1788890598.015527,1830342,1726845,16364898,supervisor,/nix/store/cig8r1rifpl2lzswi4ga6l744y3v0ck9-eon-0.1.0/bin/.eon-wrapped,.eon-wrapped,/nix/store/cig8r1rifpl2lzswi4ga6l744y3v0ck9-eon-0.1.0/bin/eon run -- /usr/bin/python3 /home/lucca/.local/state/eon/proofs/eon-zlf-20260908/child.py /home/lucca/.local/state/eon/proofs/eon-zlf-20260908/runs/matrix-02-eon-empty empty ,30,120,1224,573,,3876,2024,288,288,1736,0,1896,0,1692,288,3876,288,0,0,0,0,0,0,0,0,0,0,1980
matrix-02-eon-empty,eon,empty,1788890598.015527,1830347,1830342,16364899,venus,/nix/store/37v7m8kb88fgs4lgwk7ajcbf9hjb8pn7-yazelix-venus-0.1.0/bin/.yazelix-venus-wrapped,.yazelix-venus-,/nix/store/37v7m8kb88fgs4lgwk7ajcbf9hjb8pn7-yazelix-venus-0.1.0/bin/yazelix-venus --no-decorations --application-id eon --background-opacity 1 --font-family DejaVu Sans Mono --font-size 16 --line-height 1.125 --columns 118 --rows 30 --workspace /tmp/ezlf-hni8wxzb/eon/generations/g1-89197ef167524f65290419c34b3a6b70/eon.sock ,30,120,1224,573,,86220,67396,31175,31160,36207,29,33112,24,21920,31164,82156,31160,0,0,0,0,0,0,0,0,0,0,53084
matrix-02-eon-empty,eon,empty,1788890598.015527,1830448,1830342,16364922,orbit,/nix/store/mi0x8hjx6ys0dwhq13dnwhh5qnl0n0nf-yazelix-orbit-0.1.0/bin/yazelix-orbit,yazelix-orbit,"/nix/store/mi0x8hjx6ys0dwhq13dnwhh5qnl0n0nf-yazelix-orbit-0.1.0/bin/yazelix-orbit serve /tmp/ezlf-hni8wxzb/eon/generations/g1-89197ef167524f65290419c34b3a6b70/orbit.sock --management-v1 session-1 1830342-1788890594197901882-1 91999d79546422b49bdbc124166a65859d0bd872 --ansi-palette-v1 000000,cd0000,00cd00,cdcd00,1093f5,cd00cd,00cdcd,faebd7,404040,ff0000,00ff00,ffff00,11b5f6,ff00ff,00ffff,ffffff -- /usr/bin/python3 /home/lucca/.local/state/eon/proofs/eon-zlf-20260908/child.py /home/lucca/.local/state/eon/proofs/eon-zlf-20260908/runs/matrix-02-eon-empty empty ",30,120,1224,573,,4244,1587,692,692,895,0,3000,0,552,692,4244,692,0,0,0,0,0,0,0,0,0,0,1244
matrix-02-eon-empty,eon,empty,1788890598.015527,1830449,1830448,16364923,child,/usr/bin/python3.12,python3,/usr/bin/python3 /home/lucca/.local/state/eon/proofs/eon-zlf-20260908/child.py /home/lucca/.local/state/eon/proofs/eon-zlf-20260908/runs/matrix-02-eon-empty empty ,30,120,1224,573,,11884,6747,5048,5048,1699,0,6816,0,20,5048,11884,5048,0,0,0,0,0,0,0,0,0,0,5068
matrix-02-eon-mixed,eon,mixed,1788890548.873548,1813696,1726845,16359959,supervisor,/nix/store/cig8r1rifpl2lzswi4ga6l744y3v0ck9-eon-0.1.0/bin/.eon-wrapped,.eon-wrapped,/nix/store/cig8r1rifpl2lzswi4ga6l744y3v0ck9-eon-0.1.0/bin/eon run -- /usr/bin/python3 /home/lucca/.local/state/eon/proofs/eon-zlf-20260908/child.py /home/lucca/.local/state/eon/proofs/eon-zlf-20260908/runs/matrix-02-eon-mixed mixed ,30,120,1224,573,,3808,2012,292,292,1720,0,1840,0,1676,292,3808,292,0,0,0,0,0,0,0,0,0,0,1968
matrix-02-eon-mixed,eon,mixed,1788890548.873548,1813702,1813696,16359960,venus,/nix/store/37v7m8kb88fgs4lgwk7ajcbf9hjb8pn7-yazelix-venus-0.1.0/bin/.yazelix-venus-wrapped,.yazelix-venus-,/nix/store/37v7m8kb88fgs4lgwk7ajcbf9hjb8pn7-yazelix-venus-0.1.0/bin/yazelix-venus --no-decorations --application-id eon --background-opacity 1 --font-family DejaVu Sans Mono --font-size 16 --line-height 1.125 --columns 118 --rows 30 --workspace /tmp/ezlf-z403gu4n/eon/generations/g1-89197ef167524f65290419c34b3a6b70/eon.sock ,30,120,1224,573,,98456,79630,43159,43144,36457,29,33140,24,22144,43148,98456,43144,0,0,0,0,0,0,0,0,0,0,65292
matrix-02-eon-mixed,eon,mixed,1788890548.873548,1813802,1813696,16359982,orbit,/nix/store/mi0x8hjx6ys0dwhq13dnwhh5qnl0n0nf-yazelix-orbit-0.1.0/bin/yazelix-orbit,yazelix-orbit,"/nix/store/mi0x8hjx6ys0dwhq13dnwhh5qnl0n0nf-yazelix-orbit-0.1.0/bin/yazelix-orbit serve /tmp/ezlf-z403gu4n/eon/generations/g1-89197ef167524f65290419c34b3a6b70/orbit.sock --management-v1 session-1 1813696-1788890544798187581-1 91999d79546422b49bdbc124166a65859d0bd872 --ansi-palette-v1 000000,cd0000,00cd00,cdcd00,1093f5,cd00cd,00cdcd,faebd7,404040,ff0000,00ff00,ffff00,11b5f6,ff00ff,00ffff,ffffff -- /usr/bin/python3 /home/lucca/.local/state/eon/proofs/eon-zlf-20260908/child.py /home/lucca/.local/state/eon/proofs/eon-zlf-20260908/runs/matrix-02-eon-mixed mixed ",30,120,1224,573,,19244,16521,15592,15592,929,0,3100,0,552,15592,19244,15592,0,0,0,0,0,0,0,0,0,0,16144
matrix-02-eon-mixed,eon,mixed,1788890548.873548,1813803,1813802,16359983,child,/usr/bin/python3.12,python3,/usr/bin/python3 /home/lucca/.local/state/eon/proofs/eon-zlf-20260908/child.py /home/lucca/.local/state/eon/proofs/eon-zlf-20260908/runs/matrix-02-eon-mixed mixed ,30,120,1224,573,,11884,6277,5044,5044,1233,0,6836,0,4,5044,11884,5044,0,0,0,0,0,0,0,0,0,0,5048
matrix-02-eon-plain,eon,plain,1788890512.9894495,1802035,1726845,16356379,supervisor,/nix/store/cig8r1rifpl2lzswi4ga6l744y3v0ck9-eon-0.1.0/bin/.eon-wrapped,.eon-wrapped,/nix/store/cig8r1rifpl2lzswi4ga6l744y3v0ck9-eon-0.1.0/bin/eon run -- /usr/bin/python3 /home/lucca/.local/state/eon/proofs/eon-zlf-20260908/child.py /home/lucca/.local/state/eon/proofs/eon-zlf-20260908/runs/matrix-02-eon-plain plain ,30,120,1224,573,,3860,2026,288,288,1738,0,1880,0,1692,288,3860,288,0,0,0,0,0,0,0,0,0,0,1980
matrix-02-eon-plain,eon,plain,1788890512.9894495,1802037,1802035,16356379,venus,/nix/store/37v7m8kb88fgs4lgwk7ajcbf9hjb8pn7-yazelix-venus-0.1.0/bin/.yazelix-venus-wrapped,.yazelix-venus-,/nix/store/37v7m8kb88fgs4lgwk7ajcbf9hjb8pn7-yazelix-venus-0.1.0/bin/yazelix-venus --no-decorations --application-id eon --background-opacity 1 --font-family DejaVu Sans Mono --font-size 16 --line-height 1.125 --columns 118 --rows 30 --workspace /tmp/ezlf-pznbrpgo/eon/generations/g1-89197ef167524f65290419c34b3a6b70/eon.sock ,30,120,1224,573,,98120,79297,43019,43004,36264,29,33136,24,21952,43008,98120,43004,0,0,0,0,0,0,0,0,0,0,64960
matrix-02-eon-plain,eon,plain,1788890512.9894495,1802141,1802035,16356402,orbit,/nix/store/mi0x8hjx6ys0dwhq13dnwhh5qnl0n0nf-yazelix-orbit-0.1.0/bin/yazelix-orbit,yazelix-orbit,"/nix/store/mi0x8hjx6ys0dwhq13dnwhh5qnl0n0nf-yazelix-orbit-0.1.0/bin/yazelix-orbit serve /tmp/ezlf-pznbrpgo/eon/generations/g1-89197ef167524f65290419c34b3a6b70/orbit.sock --management-v1 session-1 1802035-1788890508991584271-1 91999d79546422b49bdbc124166a65859d0bd872 --ansi-palette-v1 000000,cd0000,00cd00,cdcd00,1093f5,cd00cd,00cdcd,faebd7,404040,ff0000,00ff00,ffff00,11b5f6,ff00ff,00ffff,ffffff -- /usr/bin/python3 /home/lucca/.local/state/eon/proofs/eon-zlf-20260908/child.py /home/lucca/.local/state/eon/proofs/eon-zlf-20260908/runs/matrix-02-eon-plain plain ",30,120,1224,573,,14040,11357,10508,10508,849,0,3032,0,500,10508,14040,10508,0,0,0,0,0,0,0,0,0,0,11008
matrix-02-eon-plain,eon,plain,1788890512.9894495,1802142,1802141,16356402,child,/usr/bin/python3.12,python3,/usr/bin/python3 /home/lucca/.local/state/eon/proofs/eon-zlf-20260908/child.py /home/lucca/.local/state/eon/proofs/eon-zlf-20260908/runs/matrix-02-eon-plain plain ,30,120,1224,573,,11880,6745,5044,5044,1701,0,6816,0,20,5044,11880,5044,0,0,0,0,0,0,0,0,0,0,5064
matrix-02-eon-screen,eon,screen,1788890580.3520637,1824382,1726845,16363132,supervisor,/nix/store/cig8r1rifpl2lzswi4ga6l744y3v0ck9-eon-0.1.0/bin/.eon-wrapped,.eon-wrapped,/nix/store/cig8r1rifpl2lzswi4ga6l744y3v0ck9-eon-0.1.0/bin/eon run -- /usr/bin/python3 /home/lucca/.local/state/eon/proofs/eon-zlf-20260908/child.py /home/lucca/.local/state/eon/proofs/eon-zlf-20260908/runs/matrix-02-eon-screen screen ,30,120,1224,573,,3856,2020,288,288,1732,0,1880,0,1688,288,3856,288,0,0,0,0,0,0,0,0,0,0,1976
matrix-02-eon-screen,eon,screen,1788890580.3520637,1824384,1824382,16363133,venus,/nix/store/37v7m8kb88fgs4lgwk7ajcbf9hjb8pn7-yazelix-venus-0.1.0/bin/.yazelix-venus-wrapped,.yazelix-venus-,/nix/store/37v7m8kb88fgs4lgwk7ajcbf9hjb8pn7-yazelix-venus-0.1.0/bin/yazelix-venus --no-decorations --application-id eon --background-opacity 1 --font-family DejaVu Sans Mono --font-size 16 --line-height 1.125 --columns 118 --rows 30 --workspace /tmp/ezlf-tj6ieed_/eon/generations/g1-89197ef167524f65290419c34b3a6b70/eon.sock ,30,120,1224,573,,97436,78602,42399,42384,36189,29,33140,24,21884,42388,97436,42384,0,0,0,0,0,0,0,0,0,0,64272
matrix-02-eon-screen,eon,screen,1788890580.3520637,1824486,1824382,16363156,orbit,/nix/store/mi0x8hjx6ys0dwhq13dnwhh5qnl0n0nf-yazelix-orbit-0.1.0/bin/yazelix-orbit,yazelix-orbit,"/nix/store/mi0x8hjx6ys0dwhq13dnwhh5qnl0n0nf-yazelix-orbit-0.1.0/bin/yazelix-orbit serve /tmp/ezlf-tj6ieed_/eon/generations/g1-89197ef167524f65290419c34b3a6b70/orbit.sock --management-v1 session-1 1824382-1788890576533333828-1 91999d79546422b49bdbc124166a65859d0bd872 --ansi-palette-v1 000000,cd0000,00cd00,cdcd00,1093f5,cd00cd,00cdcd,faebd7,404040,ff0000,00ff00,ffff00,11b5f6,ff00ff,00ffff,ffffff -- /usr/bin/python3 /home/lucca/.local/state/eon/proofs/eon-zlf-20260908/child.py /home/lucca/.local/state/eon/proofs/eon-zlf-20260908/runs/matrix-02-eon-screen screen ",30,120,1224,573,,4232,1548,700,700,848,0,3032,0,500,700,4232,700,0,0,0,0,0,0,0,0,0,0,1200
matrix-02-eon-screen,eon,screen,1788890580.3520637,1824487,1824486,16363156,child,/usr/bin/python3.12,python3,/usr/bin/python3 /home/lucca/.local/state/eon/proofs/eon-zlf-20260908/child.py /home/lucca/.local/state/eon/proofs/eon-zlf-20260908/runs/matrix-02-eon-screen screen ,30,120,1224,573,,11932,6278,5044,5044,1234,0,6884,0,4,5044,11932,5044,0,0,0,0,0,0,0,0,0,0,5048
matrix-02-eon-styled,eon,styled,1788890535.2557418,1809103,1726845,16358594,supervisor,/nix/store/cig8r1rifpl2lzswi4ga6l744y3v0ck9-eon-0.1.0/bin/.eon-wrapped,.eon-wrapped,/nix/store/cig8r1rifpl2lzswi4ga6l744y3v0ck9-eon-0.1.0/bin/eon run -- /usr/bin/python3 /home/lucca/.local/state/eon/proofs/eon-zlf-20260908/child.py /home/lucca/.local/state/eon/proofs/eon-zlf-20260908/runs/matrix-02-eon-styled styled ,30,120,1224,573,,3876,2026,292,292,1734,0,1896,0,1688,292,3876,292,0,0,0,0,0,0,0,0,0,0,1980
matrix-02-eon-styled,eon,styled,1788890535.2557418,1809107,1809103,16358595,venus,/nix/store/37v7m8kb88fgs4lgwk7ajcbf9hjb8pn7-yazelix-venus-0.1.0/bin/.yazelix-venus-wrapped,.yazelix-venus-,/nix/store/37v7m8kb88fgs4lgwk7ajcbf9hjb8pn7-yazelix-venus-0.1.0/bin/yazelix-venus --no-decorations --application-id eon --background-opacity 1 --font-family DejaVu Sans Mono --font-size 16 --line-height 1.125 --columns 118 --rows 30 --workspace /tmp/ezlf-fv6q851n/eon/generations/g1-89197ef167524f65290419c34b3a6b70/eon.sock ,30,120,1224,573,,98320,79503,43191,43176,36298,29,33124,24,21992,43180,98320,43176,0,0,0,0,0,0,0,0,0,0,65172
matrix-02-eon-styled,eon,styled,1788890535.2557418,1809209,1809103,16358618,orbit,/nix/store/mi0x8hjx6ys0dwhq13dnwhh5qnl0n0nf-yazelix-orbit-0.1.0/bin/yazelix-orbit,yazelix-orbit,"/nix/store/mi0x8hjx6ys0dwhq13dnwhh5qnl0n0nf-yazelix-orbit-0.1.0/bin/yazelix-orbit serve /tmp/ezlf-fv6q851n/eon/generations/g1-89197ef167524f65290419c34b3a6b70/orbit.sock --management-v1 session-1 1809103-1788890531158573430-1 91999d79546422b49bdbc124166a65859d0bd872 --ansi-palette-v1 000000,cd0000,00cd00,cdcd00,1093f5,cd00cd,00cdcd,faebd7,404040,ff0000,00ff00,ffff00,11b5f6,ff00ff,00ffff,ffffff -- /usr/bin/python3 /home/lucca/.local/state/eon/proofs/eon-zlf-20260908/child.py /home/lucca/.local/state/eon/proofs/eon-zlf-20260908/runs/matrix-02-eon-styled styled ",30,120,1224,573,,14384,11717,10812,10812,905,0,3020,0,552,10812,14384,10812,0,0,0,0,0,0,0,0,0,0,11364
matrix-02-eon-styled,eon,styled,1788890535.2557418,1809210,1809209,16358619,child,/usr/bin/python3.12,python3,/usr/bin/python3 /home/lucca/.local/state/eon/proofs/eon-zlf-20260908/child.py /home/lucca/.local/state/eon/proofs/eon-zlf-20260908/runs/matrix-02-eon-styled styled ,30,120,1224,573,,11924,6753,5048,5048,1705,0,6856,0,20,5048,11924,5048,0,0,0,0,0,0,0,0,0,0,5068
matrix-02-eon-unicode,eon,unicode,1788890567.3575926,1819864,1726845,16361781,supervisor,/nix/store/cig8r1rifpl2lzswi4ga6l744y3v0ck9-eon-0.1.0/bin/.eon-wrapped,.eon-wrapped,/nix/store/cig8r1rifpl2lzswi4ga6l744y3v0ck9-eon-0.1.0/bin/eon run -- /usr/bin/python3 /home/lucca/.local/state/eon/proofs/eon-zlf-20260908/child.py /home/lucca/.local/state/eon/proofs/eon-zlf-20260908/runs/matrix-02-eon-unicode unicode ,30,120,1224,573,,3880,2030,288,288,1742,0,1896,0,1696,288,3880,288,0,0,0,0,0,0,0,0,0,0,1984
matrix-02-eon-unicode,eon,unicode,1788890567.3575926,1819866,1819864,16361782,venus,/nix/store/37v7m8kb88fgs4lgwk7ajcbf9hjb8pn7-yazelix-venus-0.1.0/bin/.yazelix-venus-wrapped,.yazelix-venus-,/nix/store/37v7m8kb88fgs4lgwk7ajcbf9hjb8pn7-yazelix-venus-0.1.0/bin/yazelix-venus --no-decorations --application-id eon --background-opacity 1 --font-family DejaVu Sans Mono --font-size 16 --line-height 1.125 --columns 118 --rows 30 --workspace /tmp/ezlf-b_d76vr9/eon/generations/g1-89197ef167524f65290419c34b3a6b70/eon.sock ,30,120,1224,573,,98416,79582,43295,43280,36273,29,33148,24,21960,43284,98416,43280,0,0,0,0,0,0,0,0,0,0,65244
matrix-02-eon-unicode,eon,unicode,1788890567.3575926,1819965,1819864,16361804,orbit,/nix/store/mi0x8hjx6ys0dwhq13dnwhh5qnl0n0nf-yazelix-orbit-0.1.0/bin/yazelix-orbit,yazelix-orbit,"/nix/store/mi0x8hjx6ys0dwhq13dnwhh5qnl0n0nf-yazelix-orbit-0.1.0/bin/yazelix-orbit serve /tmp/ezlf-b_d76vr9/eon/generations/g1-89197ef167524f65290419c34b3a6b70/orbit.sock --management-v1 session-1 1819864-1788890563012297775-1 91999d79546422b49bdbc124166a65859d0bd872 --ansi-palette-v1 000000,cd0000,00cd00,cdcd00,1093f5,cd00cd,00cdcd,faebd7,404040,ff0000,00ff00,ffff00,11b5f6,ff00ff,00ffff,ffffff -- /usr/bin/python3 /home/lucca/.local/state/eon/proofs/eon-zlf-20260908/child.py /home/lucca/.local/state/eon/proofs/eon-zlf-20260908/runs/matrix-02-eon-unicode unicode ",30,120,1224,573,,20364,17651,16728,16728,923,0,3084,0,552,16728,20364,16728,0,0,0,0,0,0,0,0,0,0,17280
matrix-02-eon-unicode,eon,unicode,1788890567.3575926,1819966,1819965,16361804,child,/usr/bin/python3.12,python3,/usr/bin/python3 /home/lucca/.local/state/eon/proofs/eon-zlf-20260908/child.py /home/lucca/.local/state/eon/proofs/eon-zlf-20260908/runs/matrix-02-eon-unicode unicode ,30,120,1224,573,,11876,6270,5040,5040,1230,0,6832,0,4,5040,11876,5040,0,0,0,0,0,0,0,0,0,0,5044
matrix-02-eonterm-empty,eonterm,empty,1788890593.8350687,1828951,1726845,16364484,supervisor,/nix/store/95x87mc3gdc22fvk920dz6jg6mfr3qxs-eonterm-0.1.0/bin/.eonterm-wrapped,.eonterm-wrappe,/nix/store/95x87mc3gdc22fvk920dz6jg6mfr3qxs-eonterm-0.1.0/bin/eonterm -- /usr/bin/python3 /home/lucca/.local/state/eon/proofs/eon-zlf-20260908/child.py /home/lucca/.local/state/eon/proofs/eon-zlf-20260908/runs/matrix-02-eonterm-empty empty ,30,120,1224,564,,3868,2018,284,284,1734,0,1896,0,1688,284,3868,284,0,0,0,0,0,0,0,0,0,0,1972
matrix-02-eonterm-empty,eonterm,empty,1788890593.8350687,1828955,1828951,16364484,venus,/nix/store/37v7m8kb88fgs4lgwk7ajcbf9hjb8pn7-yazelix-venus-0.1.0/bin/.yazelix-venus-wrapped,.yazelix-venus-,/nix/store/37v7m8kb88fgs4lgwk7ajcbf9hjb8pn7-yazelix-venus-0.1.0/bin/yazelix-venus --application-id eonterm --background-opacity 1 --font-family DejaVu Sans Mono --font-size 16 --line-height 1.125 --columns 120 --rows 30 /tmp/ezlf-al2slj6s/eonterm/generations/g1-89197ef167524f65290419c34b3a6b70/orbit.sock ,30,120,1224,564,,86432,67403,31211,31196,36178,29,33356,24,21852,31200,86432,31196,0,0,0,0,0,0,0,0,0,0,53052
matrix-02-eonterm-empty,eonterm,empty,1788890593.8350687,1829016,1828951,16364500,orbit,/nix/store/mi0x8hjx6ys0dwhq13dnwhh5qnl0n0nf-yazelix-orbit-0.1.0/bin/yazelix-orbit,yazelix-orbit,"/nix/store/mi0x8hjx6ys0dwhq13dnwhh5qnl0n0nf-yazelix-orbit-0.1.0/bin/yazelix-orbit serve /tmp/ezlf-al2slj6s/eonterm/generations/g1-89197ef167524f65290419c34b3a6b70/orbit.sock --management-v1 session-1 1828951-1788890589969899350-0 91999d79546422b49bdbc124166a65859d0bd872 --ansi-palette-v1 000000,cd0000,00cd00,cdcd00,1093f5,cd00cd,00cdcd,faebd7,404040,ff0000,00ff00,ffff00,11b5f6,ff00ff,00ffff,ffffff -- /usr/bin/python3 /home/lucca/.local/state/eon/proofs/eon-zlf-20260908/child.py /home/lucca/.local/state/eon/proofs/eon-zlf-20260908/runs/matrix-02-eonterm-empty empty ",30,120,1224,564,,4180,1497,648,648,849,0,3032,0,500,648,4180,648,0,0,0,0,0,0,0,0,0,0,1148
matrix-02-eonterm-empty,eonterm,empty,1788890593.8350687,1829017,1829016,16364500,child,/usr/bin/python3.12,python3,/usr/bin/python3 /home/lucca/.local/state/eon/proofs/eon-zlf-20260908/child.py /home/lucca/.local/state/eon/proofs/eon-zlf-20260908/runs/matrix-02-eonterm-empty empty ,30,120,1224,564,,11992,6751,5044,5044,1707,0,6928,0,20,5044,11992,5044,0,0,0,0,0,0,0,0,0,0,5064
matrix-02-eonterm-mixed,eonterm,mixed,1788890553.3236172,1815201,1726845,16360403,supervisor,/nix/store/95x87mc3gdc22fvk920dz6jg6mfr3qxs-eonterm-0.1.0/bin/.eonterm-wrapped,.eonterm-wrappe,/nix/store/95x87mc3gdc22fvk920dz6jg6mfr3qxs-eonterm-0.1.0/bin/eonterm -- /usr/bin/python3 /home/lucca/.local/state/eon/proofs/eon-zlf-20260908/child.py /home/lucca/.local/state/eon/proofs/eon-zlf-20260908/runs/matrix-02-eonterm-mixed mixed ,30,120,1224,564,,3872,2022,288,288,1734,0,1896,0,1688,288,3872,288,0,0,0,0,0,0,0,0,0,0,1976
matrix-02-eonterm-mixed,eonterm,mixed,1788890553.3236172,1815202,1815201,16360403,venus,/nix/store/37v7m8kb88fgs4lgwk7ajcbf9hjb8pn7-yazelix-venus-0.1.0/bin/.yazelix-venus-wrapped,.yazelix-venus-,/nix/store/37v7m8kb88fgs4lgwk7ajcbf9hjb8pn7-yazelix-venus-0.1.0/bin/yazelix-venus --application-id eonterm --background-opacity 1 --font-family DejaVu Sans Mono --font-size 16 --line-height 1.125 --columns 120 --rows 30 /tmp/ezlf-tyllivyp/eonterm/generations/g1-89197ef167524f65290419c34b3a6b70/orbit.sock ,30,120,1224,564,,98664,79642,43159,43144,36469,29,33344,24,22148,43148,98664,43144,0,0,0,0,0,0,0,0,0,0,65296
matrix-02-eonterm-mixed,eonterm,mixed,1788890553.3236172,1815267,1815201,16360419,orbit,/nix/store/mi0x8hjx6ys0dwhq13dnwhh5qnl0n0nf-yazelix-orbit-0.1.0/bin/yazelix-orbit,yazelix-orbit,"/nix/store/mi0x8hjx6ys0dwhq13dnwhh5qnl0n0nf-yazelix-orbit-0.1.0/bin/yazelix-orbit serve /tmp/ezlf-tyllivyp/eonterm/generations/g1-89197ef167524f65290419c34b3a6b70/orbit.sock --management-v1 session-1 1815201-1788890549164257618-0 91999d79546422b49bdbc124166a65859d0bd872 --ansi-palette-v1 000000,cd0000,00cd00,cdcd00,1093f5,cd00cd,00cdcd,faebd7,404040,ff0000,00ff00,ffff00,11b5f6,ff00ff,00ffff,ffffff -- /usr/bin/python3 /home/lucca/.local/state/eon/proofs/eon-zlf-20260908/child.py /home/lucca/.local/state/eon/proofs/eon-zlf-20260908/runs/matrix-02-eonterm-mixed mixed ",30,120,1224,564,,19196,16483,15560,15560,923,0,3084,0,552,15560,19196,15560,0,0,0,0,0,0,0,0,0,0,16112
matrix-02-eonterm-mixed,eonterm,mixed,1788890553.3236172,1815268,1815267,16360419,child,/usr/bin/python3.12,python3,/usr/bin/python3 /home/lucca/.local/state/eon/proofs/eon-zlf-20260908/child.py /home/lucca/.local/state/eon/proofs/eon-zlf-20260908/runs/matrix-02-eonterm-mixed mixed ,30,120,1224,564,,11896,6275,5040,5040,1235,0,6852,0,4,5040,11896,5040,0,0,0,0,0,0,0,0,0,0,5044
matrix-02-eonterm-plain,eonterm,plain,1788890517.3471608,1803582,1726845,16356815,supervisor,/nix/store/95x87mc3gdc22fvk920dz6jg6mfr3qxs-eonterm-0.1.0/bin/.eonterm-wrapped,.eonterm-wrappe,/nix/store/95x87mc3gdc22fvk920dz6jg6mfr3qxs-eonterm-0.1.0/bin/eonterm -- /usr/bin/python3 /home/lucca/.local/state/eon/proofs/eon-zlf-20260908/child.py /home/lucca/.local/state/eon/proofs/eon-zlf-20260908/runs/matrix-02-eonterm-plain plain ,30,120,1224,564,,3864,2014,284,284,1730,0,1896,0,1684,284,3864,284,0,0,0,0,0,0,0,0,0,0,1968
matrix-02-eonterm-plain,eonterm,plain,1788890517.3471608,1803586,1803582,16356817,venus,/nix/store/37v7m8kb88fgs4lgwk7ajcbf9hjb8pn7-yazelix-venus-0.1.0/bin/.yazelix-venus-wrapped,.yazelix-venus-,/nix/store/37v7m8kb88fgs4lgwk7ajcbf9hjb8pn7-yazelix-venus-0.1.0/bin/yazelix-venus --application-id eonterm --background-opacity 1 --font-family DejaVu Sans Mono --font-size 16 --line-height 1.125 --columns 120 --rows 30 /tmp/ezlf-g3n_e4w5/eonterm/generations/g1-89197ef167524f65290419c34b3a6b70/orbit.sock ,30,120,1224,564,,98080,79064,42907,42892,36143,29,33332,24,21828,42896,88248,42892,0,0,0,0,0,0,0,0,0,0,64724
matrix-02-eonterm-plain,eonterm,plain,1788890517.3471608,1803648,1803582,16356832,orbit,/nix/store/mi0x8hjx6ys0dwhq13dnwhh5qnl0n0nf-yazelix-orbit-0.1.0/bin/yazelix-orbit,yazelix-orbit,"/nix/store/mi0x8hjx6ys0dwhq13dnwhh5qnl0n0nf-yazelix-orbit-0.1.0/bin/yazelix-orbit serve /tmp/ezlf-g3n_e4w5/eonterm/generations/g1-89197ef167524f65290419c34b3a6b70/orbit.sock --management-v1 session-1 1803582-1788890513297747532-0 91999d79546422b49bdbc124166a65859d0bd872 --ansi-palette-v1 000000,cd0000,00cd00,cdcd00,1093f5,cd00cd,00cdcd,faebd7,404040,ff0000,00ff00,ffff00,11b5f6,ff00ff,00ffff,ffffff -- /usr/bin/python3 /home/lucca/.local/state/eon/proofs/eon-zlf-20260908/child.py /home/lucca/.local/state/eon/proofs/eon-zlf-20260908/runs/matrix-02-eonterm-plain plain ",30,120,1224,564,,14184,11461,10480,10480,981,0,3096,0,608,10480,14184,10480,0,0,0,0,0,0,0,0,0,0,11088
matrix-02-eonterm-plain,eonterm,plain,1788890517.3471608,1803650,1803648,16356833,child,/usr/bin/python3.12,python3,/usr/bin/python3 /home/lucca/.local/state/eon/proofs/eon-zlf-20260908/child.py /home/lucca/.local/state/eon/proofs/eon-zlf-20260908/runs/matrix-02-eonterm-plain plain ,30,120,1224,564,,11908,6745,5040,5040,1705,0,6848,0,20,5040,11908,5040,0,0,0,0,0,0,0,0,0,0,5060
matrix-02-eonterm-screen,eonterm,screen,1788890576.181428,1822999,1726845,16362718,supervisor,/nix/store/95x87mc3gdc22fvk920dz6jg6mfr3qxs-eonterm-0.1.0/bin/.eonterm-wrapped,.eonterm-wrappe,/nix/store/95x87mc3gdc22fvk920dz6jg6mfr3qxs-eonterm-0.1.0/bin/eonterm -- /usr/bin/python3 /home/lucca/.local/state/eon/proofs/eon-zlf-20260908/child.py /home/lucca/.local/state/eon/proofs/eon-zlf-20260908/runs/matrix-02-eonterm-screen screen ,30,120,1224,564,,3872,2022,288,288,1734,0,1896,0,1688,288,3872,288,0,0,0,0,0,0,0,0,0,0,1976
matrix-02-eonterm-screen,eonterm,screen,1788890576.181428,1823001,1822999,16362719,venus,/nix/store/37v7m8kb88fgs4lgwk7ajcbf9hjb8pn7-yazelix-venus-0.1.0/bin/.yazelix-venus-wrapped,.yazelix-venus-,/nix/store/37v7m8kb88fgs4lgwk7ajcbf9hjb8pn7-yazelix-venus-0.1.0/bin/yazelix-venus --application-id eonterm --background-opacity 1 --font-family DejaVu Sans Mono --font-size 16 --line-height 1.125 --columns 120 --rows 30 /tmp/ezlf-t034afy5/eonterm/generations/g1-89197ef167524f65290419c34b3a6b70/orbit.sock ,30,120,1224,564,,97388,78387,42203,42188,36170,29,33328,24,21844,42192,97388,42188,0,0,0,0,0,0,0,0,0,0,64036
matrix-02-eonterm-screen,eonterm,screen,1788890576.181428,1823063,1822999,16362734,orbit,/nix/store/mi0x8hjx6ys0dwhq13dnwhh5qnl0n0nf-yazelix-orbit-0.1.0/bin/yazelix-orbit,yazelix-orbit,"/nix/store/mi0x8hjx6ys0dwhq13dnwhh5qnl0n0nf-yazelix-orbit-0.1.0/bin/yazelix-orbit serve /tmp/ezlf-t034afy5/eonterm/generations/g1-89197ef167524f65290419c34b3a6b70/orbit.sock --management-v1 session-1 1822999-1788890572318585957-0 91999d79546422b49bdbc124166a65859d0bd872 --ansi-palette-v1 000000,cd0000,00cd00,cdcd00,1093f5,cd00cd,00cdcd,faebd7,404040,ff0000,00ff00,ffff00,11b5f6,ff00ff,00ffff,ffffff -- /usr/bin/python3 /home/lucca/.local/state/eon/proofs/eon-zlf-20260908/child.py /home/lucca/.local/state/eon/proofs/eon-zlf-20260908/runs/matrix-02-eonterm-screen screen ",30,120,1224,564,,4364,1643,660,660,983,0,3096,0,608,660,4364,660,0,0,0,0,0,0,0,0,0,0,1268
matrix-02-eonterm-screen,eonterm,screen,1788890576.181428,1823064,1823063,16362735,child,/usr/bin/python3.12,python3,/usr/bin/python3 /home/lucca/.local/state/eon/proofs/eon-zlf-20260908/child.py /home/lucca/.local/state/eon/proofs/eon-zlf-20260908/runs/matrix-02-eonterm-screen screen ,30,120,1224,564,,11892,6277,5044,5044,1233,0,6844,0,4,5044,11892,5044,0,0,0,0,0,0,0,0,0,0,5048
matrix-02-eonterm-styled,eonterm,styled,1788890525.4100235,1806067,1726845,16357627,supervisor,/nix/store/95x87mc3gdc22fvk920dz6jg6mfr3qxs-eonterm-0.1.0/bin/.eonterm-wrapped,.eonterm-wrappe,/nix/store/95x87mc3gdc22fvk920dz6jg6mfr3qxs-eonterm-0.1.0/bin/eonterm -- /usr/bin/python3 /home/lucca/.local/state/eon/proofs/eon-zlf-20260908/child.py /home/lucca/.local/state/eon/proofs/eon-zlf-20260908/runs/matrix-02-eonterm-styled styled ,30,120,1224,564,,3808,1958,288,288,1670,0,1896,0,1624,288,3808,288,0,0,0,0,0,0,0,0,0,0,1912
matrix-02-eonterm-styled,eonterm,styled,1788890525.4100235,1806072,1806067,16357627,venus,/nix/store/37v7m8kb88fgs4lgwk7ajcbf9hjb8pn7-yazelix-venus-0.1.0/bin/.yazelix-venus-wrapped,.yazelix-venus-,/nix/store/37v7m8kb88fgs4lgwk7ajcbf9hjb8pn7-yazelix-venus-0.1.0/bin/yazelix-venus --application-id eonterm --background-opacity 1 --font-family DejaVu Sans Mono --font-size 16 --line-height 1.125 --columns 120 --rows 30 /tmp/ezlf-_0j3lyx_/eonterm/generations/g1-89197ef167524f65290419c34b3a6b70/orbit.sock ,30,120,1224,564,,98448,79425,43039,43024,36372,29,33352,24,22044,43028,98448,43024,0,0,0,0,0,0,0,0,0,0,65072
matrix-02-eonterm-styled,eonterm,styled,1788890525.4100235,1806128,1806067,16357641,orbit,/nix/store/mi0x8hjx6ys0dwhq13dnwhh5qnl0n0nf-yazelix-orbit-0.1.0/bin/yazelix-orbit,yazelix-orbit,"/nix/store/mi0x8hjx6ys0dwhq13dnwhh5qnl0n0nf-yazelix-orbit-0.1.0/bin/yazelix-orbit serve /tmp/ezlf-_0j3lyx_/eonterm/generations/g1-89197ef167524f65290419c34b3a6b70/orbit.sock --management-v1 session-1 1806067-1788890521386805157-0 91999d79546422b49bdbc124166a65859d0bd872 --ansi-palette-v1 000000,cd0000,00cd00,cdcd00,1093f5,cd00cd,00cdcd,faebd7,404040,ff0000,00ff00,ffff00,11b5f6,ff00ff,00ffff,ffffff -- /usr/bin/python3 /home/lucca/.local/state/eon/proofs/eon-zlf-20260908/child.py /home/lucca/.local/state/eon/proofs/eon-zlf-20260908/runs/matrix-02-eonterm-styled styled ",30,120,1224,564,,14328,11643,10792,10792,851,0,3036,0,500,10792,14328,10792,0,0,0,0,0,0,0,0,0,0,11292
matrix-02-eonterm-styled,eonterm,styled,1788890525.4100235,1806129,1806128,16357641,child,/usr/bin/python3.12,python3,/usr/bin/python3 /home/lucca/.local/state/eon/proofs/eon-zlf-20260908/child.py /home/lucca/.local/state/eon/proofs/eon-zlf-20260908/runs/matrix-02-eonterm-styled styled ,30,120,1224,564,,11908,6753,5048,5048,1705,0,6840,0,20,5048,11908,5048,0,0,0,0,0,0,0,0,0,0,5068
matrix-02-eonterm-unicode,eonterm,unicode,1788890572.0122304,1821426,1726845,16362251,supervisor,/nix/store/95x87mc3gdc22fvk920dz6jg6mfr3qxs-eonterm-0.1.0/bin/.eonterm-wrapped,.eonterm-wrappe,/nix/store/95x87mc3gdc22fvk920dz6jg6mfr3qxs-eonterm-0.1.0/bin/eonterm -- /usr/bin/python3 /home/lucca/.local/state/eon/proofs/eon-zlf-20260908/child.py /home/lucca/.local/state/eon/proofs/eon-zlf-20260908/runs/matrix-02-eonterm-unicode unicode ,30,120,1224,564,,3828,2017,284,284,1733,0,1856,0,1688,284,3828,284,0,0,0,0,0,0,0,0,0,0,1972
matrix-02-eonterm-unicode,eonterm,unicode,1788890572.0122304,1821428,1821426,16362252,venus,/nix/store/37v7m8kb88fgs4lgwk7ajcbf9hjb8pn7-yazelix-venus-0.1.0/bin/.yazelix-venus-wrapped,.yazelix-venus-,/nix/store/37v7m8kb88fgs4lgwk7ajcbf9hjb8pn7-yazelix-venus-0.1.0/bin/yazelix-venus --application-id eonterm --background-opacity 1 --font-family DejaVu Sans Mono --font-size 16 --line-height 1.125 --columns 120 --rows 30 /tmp/ezlf-vzi3wtmk/eonterm/generations/g1-89197ef167524f65290419c34b3a6b70/orbit.sock ,30,120,1224,564,,98524,79492,43240,43224,36238,30,33364,24,21908,43228,98524,43224,0,0,0,0,0,0,0,0,0,0,65136
matrix-02-eonterm-unicode,eonterm,unicode,1788890572.0122304,1821487,1821426,16362267,orbit,/nix/store/mi0x8hjx6ys0dwhq13dnwhh5qnl0n0nf-yazelix-orbit-0.1.0/bin/yazelix-orbit,yazelix-orbit,"/nix/store/mi0x8hjx6ys0dwhq13dnwhh5qnl0n0nf-yazelix-orbit-0.1.0/bin/yazelix-orbit serve /tmp/ezlf-vzi3wtmk/eonterm/generations/g1-89197ef167524f65290419c34b3a6b70/orbit.sock --management-v1 session-1 1821426-1788890567645725953-0 91999d79546422b49bdbc124166a65859d0bd872 --ansi-palette-v1 000000,cd0000,00cd00,cdcd00,1093f5,cd00cd,00cdcd,faebd7,404040,ff0000,00ff00,ffff00,11b5f6,ff00ff,00ffff,ffffff -- /usr/bin/python3 /home/lucca/.local/state/eon/proofs/eon-zlf-20260908/child.py /home/lucca/.local/state/eon/proofs/eon-zlf-20260908/runs/matrix-02-eonterm-unicode unicode ",30,120,1224,564,,20348,17618,16692,16692,926,0,3108,0,548,16692,20348,16692,0,0,0,0,0,0,0,0,0,0,17240
matrix-02-eonterm-unicode,eonterm,unicode,1788890572.0122304,1821491,1821487,16362267,child,/usr/bin/python3.12,python3,/usr/bin/python3 /home/lucca/.local/state/eon/proofs/eon-zlf-20260908/child.py /home/lucca/.local/state/eon/proofs/eon-zlf-20260908/runs/matrix-02-eonterm-unicode unicode ,30,120,1224,564,,11868,6270,5040,5040,1230,0,6824,0,4,5040,11868,5040,0,0,0,0,0,0,0,0,0,0,5044
matrix-02-foot-empty,foot,empty,1788890607.333599,1833395,1726845,16365874,terminal,/usr/bin/foot,foot,/usr/bin/foot -c /home/lucca/.local/state/eon/proofs/eon-zlf-20260908/runs/matrix-02-foot-empty/foot.ini -T eon-zlf benchmark --app-id=eon-zlf-foot /usr/bin/python3 /home/lucca/.local/state/eon/proofs/eon-zlf-20260908/child.py /home/lucca/.local/state/eon/proofs/eon-zlf-20260908/runs/matrix-02-foot-empty empty ,30,120,1200,540,,18916,11370,8738,4756,2632,3982,6980,2660,1868,7408,18916,4756,0,0,0,0,0,0,0,0,0,0,9276
matrix-02-foot-empty,foot,empty,1788890607.333599,1833405,1833395,16365877,child,/usr/bin/python3.12,python3,/usr/bin/python3 /home/lucca/.local/state/eon/proofs/eon-zlf-20260908/child.py /home/lucca/.local/state/eon/proofs/eon-zlf-20260908/runs/matrix-02-foot-empty empty ,30,120,1200,540,,11888,6747,5048,5048,1699,0,6820,0,20,5048,11888,5048,0,0,0,0,0,0,0,0,0,0,5068
matrix-02-foot-mixed,foot,mixed,1788890539.035237,1810586,1726845,16359040,terminal,/usr/bin/foot,foot,/usr/bin/foot -c /home/lucca/.local/state/eon/proofs/eon-zlf-20260908/runs/matrix-02-foot-mixed/foot.ini -T eon-zlf benchmark --app-id=eon-zlf-foot /usr/bin/python3 /home/lucca/.local/state/eon/proofs/eon-zlf-20260908/child.py /home/lucca/.local/state/eon/proofs/eon-zlf-20260908/runs/matrix-02-foot-mixed mixed ,30,120,1200,540,,33984,25178,22468,19688,2710,2780,7064,5064,1920,19936,33984,19688,0,0,0,0,0,0,0,0,0,0,21856
matrix-02-foot-mixed,foot,mixed,1788890539.035237,1810598,1810586,16359042,child,/usr/bin/python3.12,python3,/usr/bin/python3 /home/lucca/.local/state/eon/proofs/eon-zlf-20260908/child.py /home/lucca/.local/state/eon/proofs/eon-zlf-20260908/runs/matrix-02-foot-mixed mixed ,30,120,1200,540,,11860,6276,5044,5044,1232,0,6812,0,4,5044,11860,5044,0,0,0,0,0,0,0,0,0,0,5048
matrix-02-foot-plain,foot,plain,1788890508.683262,1800765,1726845,16356004,terminal,/usr/bin/foot,foot,/usr/bin/foot -c /home/lucca/.local/state/eon/proofs/eon-zlf-20260908/runs/matrix-02-foot-plain/foot.ini -T eon-zlf benchmark --app-id=eon-zlf-foot /usr/bin/python3 /home/lucca/.local/state/eon/proofs/eon-zlf-20260908/child.py /home/lucca/.local/state/eon/proofs/eon-zlf-20260908/runs/matrix-02-foot-plain plain ,30,120,1200,540,,33616,24826,22228,19448,2598,2780,7044,5064,1812,19696,33616,19448,0,0,0,0,0,0,0,0,0,0,21508
matrix-02-foot-plain,foot,plain,1788890508.683262,1800774,1800765,16356007,child,/usr/bin/python3.12,python3,/usr/bin/python3 /home/lucca/.local/state/eon/proofs/eon-zlf-20260908/child.py /home/lucca/.local/state/eon/proofs/eon-zlf-20260908/runs/matrix-02-foot-plain plain ,30,120,1200,540,,11920,6272,5044,5044,1228,0,6872,0,4,5044,11920,5044,0,0,0,0,0,0,0,0,0,0,5048
matrix-02-foot-screen,foot,screen,1788890584.276918,1825855,1726845,16363564,terminal,/usr/bin/foot,foot,/usr/bin/foot -c /home/lucca/.local/state/eon/proofs/eon-zlf-20260908/runs/matrix-02-foot-screen/foot.ini -T eon-zlf benchmark --app-id=eon-zlf-foot /usr/bin/python3 /home/lucca/.local/state/eon/proofs/eon-zlf-20260908/child.py /home/lucca/.local/state/eon/proofs/eon-zlf-20260908/runs/matrix-02-foot-screen screen ,30,120,1200,540,,19220,11728,9138,5156,2590,3982,6928,2660,1824,7808,19220,5156,0,0,0,0,0,0,0,0,0,0,9632
matrix-02-foot-screen,foot,screen,1788890584.276918,1825868,1825855,16363566,child,/usr/bin/python3.12,python3,/usr/bin/python3 /home/lucca/.local/state/eon/proofs/eon-zlf-20260908/child.py /home/lucca/.local/state/eon/proofs/eon-zlf-20260908/runs/matrix-02-foot-screen screen ,30,120,1200,540,,11908,6277,5048,5048,1229,0,6856,0,4,5048,11908,5048,0,0,0,0,0,0,0,0,0,0,5052
matrix-02-foot-styled,foot,styled,1788890521.165313,1804937,1726845,16357251,terminal,/usr/bin/foot,foot,/usr/bin/foot -c /home/lucca/.local/state/eon/proofs/eon-zlf-20260908/runs/matrix-02-foot-styled/foot.ini -T eon-zlf benchmark --app-id=eon-zlf-foot /usr/bin/python3 /home/lucca/.local/state/eon/proofs/eon-zlf-20260908/child.py /home/lucca/.local/state/eon/proofs/eon-zlf-20260908/runs/matrix-02-foot-styled styled ,30,120,1200,540,,33776,25027,22320,19540,2707,2780,7008,5064,1916,19788,33776,19540,0,0,0,0,0,0,0,0,0,0,21704
matrix-02-foot-styled,foot,styled,1788890521.165313,1804947,1804937,16357254,child,/usr/bin/python3.12,python3,/usr/bin/python3 /home/lucca/.local/state/eon/proofs/eon-zlf-20260908/child.py /home/lucca/.local/state/eon/proofs/eon-zlf-20260908/runs/matrix-02-foot-styled styled ,30,120,1200,540,,11896,6745,5044,5044,1701,0,6832,0,20,5044,11896,5044,0,0,0,0,0,0,0,0,0,0,5064
matrix-02-foot-unicode,foot,unicode,1788890557.1052325,1816666,1726845,16360847,terminal,/usr/bin/foot,foot,/usr/bin/foot -c /home/lucca/.local/state/eon/proofs/eon-zlf-20260908/runs/matrix-02-foot-unicode/foot.ini -T eon-zlf benchmark --app-id=eon-zlf-foot /usr/bin/python3 /home/lucca/.local/state/eon/proofs/eon-zlf-20260908/child.py /home/lucca/.local/state/eon/proofs/eon-zlf-20260908/runs/matrix-02-foot-unicode unicode ,30,120,1200,540,,33896,25212,22352,19572,2860,2780,6928,5064,2084,19820,33896,19572,0,0,0,0,0,0,0,0,0,0,21904
matrix-02-foot-unicode,foot,unicode,1788890557.1052325,1816675,1816666,16360849,child,/usr/bin/python3.12,python3,/usr/bin/python3 /home/lucca/.local/state/eon/proofs/eon-zlf-20260908/child.py /home/lucca/.local/state/eon/proofs/eon-zlf-20260908/runs/matrix-02-foot-unicode unicode ,30,120,1200,540,,11916,6269,5040,5040,1229,0,6872,0,4,5040,11916,5040,0,0,0,0,0,0,0,0,0,0,5044
matrix-02-ghostty-empty,ghostty,empty,1788890603.5204263,1831646,1726845,16365316,terminal,/snap/ghostty/820/bin/ghostty,ghostty,/snap/ghostty/820/bin/ghostty --config-default-files=false --gtk-single-instance=false --font-family=DejaVu Sans Mono --font-size=12 --adjust-cell-height=-1 --window-width=121 --window-height=33 --scrollback-limit=16777216 --background-opacity=1 --background-blur=false --window-save-state=never --title=eon-zlf benchmark --class=com.mitchellh.ghostty.eonzlf -e /usr/bin/python3 /home/lucca/.local/state/eon/proofs/eon-zlf-20260908/child.py /home/lucca/.local/state/eon/proofs/eon-zlf-20260908/runs/matrix-02-ghostty-empty empty ,30,120,1206,544,,188940,186454,82525,80572,105865,17,2904,4,103508,82524,188940,80572,0,0,0,0,0,0,0,0,0,0,186032
matrix-02-ghostty-empty,ghostty,empty,1788890603.5204263,1832282,1831646,16365484,child,/usr/bin/python3.12,python3,/usr/bin/python3 /home/lucca/.local/state/eon/proofs/eon-zlf-20260908/child.py /home/lucca/.local/state/eon/proofs/eon-zlf-20260908/runs/matrix-02-ghostty-empty empty ,30,120,1206,544,,11872,6746,5044,5044,1702,0,6808,0,20,5044,11872,5044,0,0,0,0,0,0,0,0,0,0,5064
matrix-02-ghostty-mixed,ghostty,mixed,1788890544.3852527,1811860,1726845,16359419,terminal,/snap/ghostty/820/bin/ghostty,ghostty,/snap/ghostty/820/bin/ghostty --config-default-files=false --gtk-single-instance=false --font-family=DejaVu Sans Mono --font-size=12 --adjust-cell-height=-1 --window-width=121 --window-height=33 --scrollback-limit=16777216 --background-opacity=1 --background-blur=false --window-save-state=never --title=eon-zlf benchmark --class=com.mitchellh.ghostty.eonzlf -e /usr/bin/python3 /home/lucca/.local/state/eon/proofs/eon-zlf-20260908/child.py /home/lucca/.local/state/eon/proofs/eon-zlf-20260908/runs/matrix-02-ghostty-mixed mixed ,30,120,1206,544,,195256,192755,88377,86416,106322,17,2916,4,103960,88376,195256,86416,0,0,0,0,0,0,0,0,0,0,192336
matrix-02-ghostty-mixed,ghostty,mixed,1788890544.3852527,1812433,1811860,16359570,child,/usr/bin/python3.12,python3,/usr/bin/python3 /home/lucca/.local/state/eon/proofs/eon-zlf-20260908/child.py /home/lucca/.local/state/eon/proofs/eon-zlf-20260908/runs/matrix-02-ghostty-mixed mixed ,30,120,1206,544,,11924,6277,5048,5048,1229,0,6872,0,4,5048,11924,5048,0,0,0,0,0,0,0,0,0,0,5052
matrix-02-ghostty-plain,ghostty,plain,1788890504.8881388,1798912,1726845,16355473,terminal,/snap/ghostty/820/bin/ghostty,ghostty,/snap/ghostty/820/bin/ghostty --config-default-files=false --gtk-single-instance=false --font-family=DejaVu Sans Mono --font-size=12 --adjust-cell-height=-1 --window-width=121 --window-height=33 --scrollback-limit=16777216 --background-opacity=1 --background-blur=false --window-save-state=never --title=eon-zlf benchmark --class=com.mitchellh.ghostty.eonzlf -e /usr/bin/python3 /home/lucca/.local/state/eon/proofs/eon-zlf-20260908/child.py /home/lucca/.local/state/eon/proofs/eon-zlf-20260908/runs/matrix-02-ghostty-plain plain ,30,120,1206,544,,199648,197151,92765,90808,106326,17,2912,4,103968,92764,199648,90808,0,0,0,0,0,0,0,0,0,0,196732
matrix-02-ghostty-plain,ghostty,plain,1788890504.8881388,1799485,1798912,16355627,child,/usr/bin/python3.12,python3,/usr/bin/python3 /home/lucca/.local/state/eon/proofs/eon-zlf-20260908/child.py /home/lucca/.local/state/eon/proofs/eon-zlf-20260908/runs/matrix-02-ghostty-plain plain ,30,120,1206,544,,11924,6269,5040,5040,1229,0,6880,0,4,5040,11924,5040,0,0,0,0,0,0,0,0,0,0,5044
matrix-02-ghostty-screen,ghostty,screen,1788890589.6793852,1827098,1726845,16363938,terminal,/snap/ghostty/820/bin/ghostty,ghostty,/snap/ghostty/820/bin/ghostty --config-default-files=false --gtk-single-instance=false --font-family=DejaVu Sans Mono --font-size=12 --adjust-cell-height=-1 --window-width=121 --window-height=33 --scrollback-limit=16777216 --background-opacity=1 --background-blur=false --window-save-state=never --title=eon-zlf benchmark --class=com.mitchellh.ghostty.eonzlf -e /usr/bin/python3 /home/lucca/.local/state/eon/proofs/eon-zlf-20260908/child.py /home/lucca/.local/state/eon/proofs/eon-zlf-20260908/runs/matrix-02-ghostty-screen screen ,30,120,1206,544,,188568,186079,81645,79692,106370,17,2900,4,104020,81644,188568,79692,0,0,0,0,0,0,0,0,0,0,185664
matrix-02-ghostty-screen,ghostty,screen,1788890589.6793852,1827713,1827098,16364111,child,/usr/bin/python3.12,python3,/usr/bin/python3 /home/lucca/.local/state/eon/proofs/eon-zlf-20260908/child.py /home/lucca/.local/state/eon/proofs/eon-zlf-20260908/runs/matrix-02-ghostty-screen screen ,30,120,1206,544,,11896,6276,5044,5044,1232,0,6848,0,4,5044,11896,5044,0,0,0,0,0,0,0,0,0,0,5048
matrix-02-ghostty-styled,ghostty,styled,1788890530.7307022,1807429,1726845,16358058,terminal,/snap/ghostty/820/bin/ghostty,ghostty,/snap/ghostty/820/bin/ghostty --config-default-files=false --gtk-single-instance=false --font-family=DejaVu Sans Mono --font-size=12 --adjust-cell-height=-1 --window-width=121 --window-height=33 --scrollback-limit=16777216 --background-opacity=1 --background-blur=false --window-save-state=never --title=eon-zlf benchmark --class=com.mitchellh.ghostty.eonzlf -e /usr/bin/python3 /home/lucca/.local/state/eon/proofs/eon-zlf-20260908/child.py /home/lucca/.local/state/eon/proofs/eon-zlf-20260908/runs/matrix-02-ghostty-styled styled ,30,120,1206,544,,201936,199442,94457,92496,106929,17,2912,4,104564,94456,201936,92496,0,0,0,0,0,0,0,0,0,0,199020
matrix-02-ghostty-styled,ghostty,styled,1788890530.7307022,1807973,1807429,16358208,child,/usr/bin/python3.12,python3,/usr/bin/python3 /home/lucca/.local/state/eon/proofs/eon-zlf-20260908/child.py /home/lucca/.local/state/eon/proofs/eon-zlf-20260908/runs/matrix-02-ghostty-styled styled ,30,120,1206,544,,11864,6746,5048,5048,1698,0,6796,0,20,5048,11864,5048,0,0,0,0,0,0,0,0,0,0,5068
matrix-02-ghostty-unicode,ghostty,unicode,1788890562.655606,1817943,1726845,16361226,terminal,/snap/ghostty/820/bin/ghostty,ghostty,/snap/ghostty/820/bin/ghostty --config-default-files=false --gtk-single-instance=false --font-family=DejaVu Sans Mono --font-size=12 --adjust-cell-height=-1 --window-width=121 --window-height=33 --scrollback-limit=16777216 --background-opacity=1 --background-blur=false --window-save-state=never --title=eon-zlf benchmark --class=com.mitchellh.ghostty.eonzlf -e /usr/bin/python3 /home/lucca/.local/state/eon/proofs/eon-zlf-20260908/child.py /home/lucca/.local/state/eon/proofs/eon-zlf-20260908/runs/matrix-02-ghostty-unicode unicode ,30,120,1206,544,,197896,195418,91069,89108,106293,17,2884,4,103940,91068,197896,89108,0,0,0,0,0,0,0,0,0,0,195008
matrix-02-ghostty-unicode,ghostty,unicode,1788890562.655606,1818554,1817943,16361379,child,/usr/bin/python3.12,python3,/usr/bin/python3 /home/lucca/.local/state/eon/proofs/eon-zlf-20260908/child.py /home/lucca/.local/state/eon/proofs/eon-zlf-20260908/runs/matrix-02-ghostty-unicode unicode ,30,120,1206,544,,11900,6278,5048,5048,1230,0,6848,0,4,5048,11900,5048,0,0,0,0,0,0,0,0,0,0,5052
matrix-03-eon-empty,eon,empty,1788891091.2293246,1976739,1964404,16414220,supervisor,/nix/store/cig8r1rifpl2lzswi4ga6l744y3v0ck9-eon-0.1.0/bin/.eon-wrapped,.eon-wrapped,/nix/store/cig8r1rifpl2lzswi4ga6l744y3v0ck9-eon-0.1.0/bin/eon run -- /usr/bin/python3 /home/lucca/.local/state/eon/proofs/eon-zlf-20260908/child.py /home/lucca/.local/state/eon/proofs/eon-zlf-20260908/runs/matrix-03-eon-empty empty ,30,120,1224,573,,3888,2038,288,288,1750,0,1896,0,1704,288,3888,288,0,0,0,0,0,0,0,0,0,0,1992
matrix-03-eon-empty,eon,empty,1788891091.2293246,1976744,1976739,16414220,venus,/nix/store/37v7m8kb88fgs4lgwk7ajcbf9hjb8pn7-yazelix-venus-0.1.0/bin/.yazelix-venus-wrapped,.yazelix-venus-,/nix/store/37v7m8kb88fgs4lgwk7ajcbf9hjb8pn7-yazelix-venus-0.1.0/bin/yazelix-venus --no-decorations --application-id eon --background-opacity 1 --font-family DejaVu Sans Mono --font-size 16 --line-height 1.125 --columns 118 --rows 30 --workspace /tmp/ezlf-7t3cglhd/eon/generations/g1-89197ef167524f65290419c34b3a6b70/eon.sock ,30,120,1224,573,,86416,69066,31343,31328,37708,29,30432,24,24628,31332,86416,31328,0,0,0,0,0,0,0,0,0,0,55960
matrix-03-eon-empty,eon,empty,1788891091.2293246,1976842,1976739,16414242,orbit,/nix/store/mi0x8hjx6ys0dwhq13dnwhh5qnl0n0nf-yazelix-orbit-0.1.0/bin/yazelix-orbit,yazelix-orbit,"/nix/store/mi0x8hjx6ys0dwhq13dnwhh5qnl0n0nf-yazelix-orbit-0.1.0/bin/yazelix-orbit serve /tmp/ezlf-7t3cglhd/eon/generations/g1-89197ef167524f65290419c34b3a6b70/orbit.sock --management-v1 session-1 1976739-1788891087390244478-1 91999d79546422b49bdbc124166a65859d0bd872 --ansi-palette-v1 000000,cd0000,00cd00,cdcd00,1093f5,cd00cd,00cdcd,faebd7,404040,ff0000,00ff00,ffff00,11b5f6,ff00ff,00ffff,ffffff -- /usr/bin/python3 /home/lucca/.local/state/eon/proofs/eon-zlf-20260908/child.py /home/lucca/.local/state/eon/proofs/eon-zlf-20260908/runs/matrix-03-eon-empty empty ",30,120,1224,573,,4492,1844,688,688,1156,0,2980,0,824,688,4492,688,0,0,0,0,0,0,0,0,0,0,1512
matrix-03-eon-empty,eon,empty,1788891091.2293246,1976843,1976842,16414242,child,/usr/bin/python3.12,python3,/usr/bin/python3 /home/lucca/.local/state/eon/proofs/eon-zlf-20260908/child.py /home/lucca/.local/state/eon/proofs/eon-zlf-20260908/runs/matrix-03-eon-empty empty ,30,120,1224,573,,11872,6747,5040,5040,1707,0,6808,0,24,5040,11872,5040,0,0,0,0,0,0,0,0,0,0,5064
matrix-03-eon-mixed,eon,mixed,1788890656.6024005,1848242,1726845,16370724,supervisor,/nix/store/cig8r1rifpl2lzswi4ga6l744y3v0ck9-eon-0.1.0/bin/.eon-wrapped,.eon-wrapped,/nix/store/cig8r1rifpl2lzswi4ga6l744y3v0ck9-eon-0.1.0/bin/eon run -- /usr/bin/python3 /home/lucca/.local/state/eon/proofs/eon-zlf-20260908/child.py /home/lucca/.local/state/eon/proofs/eon-zlf-20260908/runs/matrix-03-eon-mixed mixed ,30,120,1224,573,,3876,2028,292,292,1736,0,1896,0,1688,292,3876,292,0,0,0,0,0,0,0,0,0,0,1980
matrix-03-eon-mixed,eon,mixed,1788890656.6024005,1848244,1848242,16370725,venus,/nix/store/37v7m8kb88fgs4lgwk7ajcbf9hjb8pn7-yazelix-venus-0.1.0/bin/.yazelix-venus-wrapped,.yazelix-venus-,/nix/store/37v7m8kb88fgs4lgwk7ajcbf9hjb8pn7-yazelix-venus-0.1.0/bin/yazelix-venus --no-decorations --application-id eon --background-opacity 1 --font-family DejaVu Sans Mono --font-size 16 --line-height 1.125 --columns 118 --rows 30 --workspace /tmp/ezlf-oud7sm_m/eon/generations/g1-89197ef167524f65290419c34b3a6b70/eon.sock ,30,120,1224,573,,98428,79600,43239,43224,36347,29,33136,24,22040,43228,97152,43224,0,0,0,0,0,0,0,0,0,0,65268
matrix-03-eon-mixed,eon,mixed,1788890656.6024005,1848343,1848242,16370747,orbit,/nix/store/mi0x8hjx6ys0dwhq13dnwhh5qnl0n0nf-yazelix-orbit-0.1.0/bin/yazelix-orbit,yazelix-orbit,"/nix/store/mi0x8hjx6ys0dwhq13dnwhh5qnl0n0nf-yazelix-orbit-0.1.0/bin/yazelix-orbit serve /tmp/ezlf-oud7sm_m/eon/generations/g1-89197ef167524f65290419c34b3a6b70/orbit.sock --management-v1 session-1 1848242-1788890652446532348-1 91999d79546422b49bdbc124166a65859d0bd872 --ansi-palette-v1 000000,cd0000,00cd00,cdcd00,1093f5,cd00cd,00cdcd,faebd7,404040,ff0000,00ff00,ffff00,11b5f6,ff00ff,00ffff,ffffff -- /usr/bin/python3 /home/lucca/.local/state/eon/proofs/eon-zlf-20260908/child.py /home/lucca/.local/state/eon/proofs/eon-zlf-20260908/runs/matrix-03-eon-mixed mixed ",30,120,1224,573,,19248,16496,15596,15596,900,0,3136,0,516,15596,19248,15596,0,0,0,0,0,0,0,0,0,0,16112
matrix-03-eon-mixed,eon,mixed,1788890656.6024005,1848345,1848343,16370747,child,/usr/bin/python3.12,python3,/usr/bin/python3 /home/lucca/.local/state/eon/proofs/eon-zlf-20260908/child.py /home/lucca/.local/state/eon/proofs/eon-zlf-20260908/runs/matrix-03-eon-mixed mixed ,30,120,1224,573,,11904,6748,5044,5044,1704,0,6840,0,20,5044,11904,5044,0,0,0,0,0,0,0,0,0,0,5064
matrix-03-eon-plain,eon,plain,1788890625.0407116,1838675,1726845,16367583,supervisor,/nix/store/cig8r1rifpl2lzswi4ga6l744y3v0ck9-eon-0.1.0/bin/.eon-wrapped,.eon-wrapped,/nix/store/cig8r1rifpl2lzswi4ga6l744y3v0ck9-eon-0.1.0/bin/eon run -- /usr/bin/python3 /home/lucca/.local/state/eon/proofs/eon-zlf-20260908/child.py /home/lucca/.local/state/eon/proofs/eon-zlf-20260908/runs/matrix-03-eon-plain plain ,30,120,1224,573,,3892,2042,292,292,1750,0,1896,0,1704,292,3892,292,0,0,0,0,0,0,0,0,0,0,1996
matrix-03-eon-plain,eon,plain,1788890625.0407116,1838679,1838675,16367584,venus,/nix/store/37v7m8kb88fgs4lgwk7ajcbf9hjb8pn7-yazelix-venus-0.1.0/bin/.yazelix-venus-wrapped,.yazelix-venus-,/nix/store/37v7m8kb88fgs4lgwk7ajcbf9hjb8pn7-yazelix-venus-0.1.0/bin/yazelix-venus --no-decorations --application-id eon --background-opacity 1 --font-family DejaVu Sans Mono --font-size 16 --line-height 1.125 --columns 118 --rows 30 --workspace /tmp/ezlf-i301t927/eon/generations/g1-89197ef167524f65290419c34b3a6b70/eon.sock ,30,120,1224,573,,98016,79185,43099,43084,36072,29,33144,24,21760,43088,89392,43084,0,0,0,0,0,0,0,0,0,0,64848
matrix-03-eon-plain,eon,plain,1788890625.0407116,1838780,1838675,16367607,orbit,/nix/store/mi0x8hjx6ys0dwhq13dnwhh5qnl0n0nf-yazelix-orbit-0.1.0/bin/yazelix-orbit,yazelix-orbit,"/nix/store/mi0x8hjx6ys0dwhq13dnwhh5qnl0n0nf-yazelix-orbit-0.1.0/bin/yazelix-orbit serve /tmp/ezlf-i301t927/eon/generations/g1-89197ef167524f65290419c34b3a6b70/orbit.sock --management-v1 session-1 1838675-1788890621042740039-1 91999d79546422b49bdbc124166a65859d0bd872 --ansi-palette-v1 000000,cd0000,00cd00,cdcd00,1093f5,cd00cd,00cdcd,faebd7,404040,ff0000,00ff00,ffff00,11b5f6,ff00ff,00ffff,ffffff -- /usr/bin/python3 /home/lucca/.local/state/eon/proofs/eon-zlf-20260908/child.py /home/lucca/.local/state/eon/proofs/eon-zlf-20260908/runs/matrix-03-eon-plain plain ",30,120,1224,573,,14048,11365,10504,10504,861,0,3032,0,512,10504,14048,10504,0,0,0,0,0,0,0,0,0,0,11016
matrix-03-eon-plain,eon,plain,1788890625.0407116,1838781,1838780,16367607,child,/usr/bin/python3.12,python3,/usr/bin/python3 /home/lucca/.local/state/eon/proofs/eon-zlf-20260908/child.py /home/lucca/.local/state/eon/proofs/eon-zlf-20260908/runs/matrix-03-eon-plain plain ,30,120,1224,573,,11912,6748,5044,5044,1704,0,6848,0,20,5044,11908,5044,0,0,0,0,0,0,0,0,0,0,5064
matrix-03-eon-screen,eon,screen,1788891050.5996728,1964431,1964404,16410154,supervisor,/nix/store/cig8r1rifpl2lzswi4ga6l744y3v0ck9-eon-0.1.0/bin/.eon-wrapped,.eon-wrapped,/nix/store/cig8r1rifpl2lzswi4ga6l744y3v0ck9-eon-0.1.0/bin/eon run -- /usr/bin/python3 /home/lucca/.local/state/eon/proofs/eon-zlf-20260908/child.py /home/lucca/.local/state/eon/proofs/eon-zlf-20260908/runs/matrix-03-eon-screen screen ,30,120,1224,573,,3880,2030,292,292,1738,0,1896,0,1692,292,3880,292,0,0,0,0,0,0,0,0,0,0,1984
matrix-03-eon-screen,eon,screen,1788891050.5996728,1964435,1964431,16410154,venus,/nix/store/37v7m8kb88fgs4lgwk7ajcbf9hjb8pn7-yazelix-venus-0.1.0/bin/.yazelix-venus-wrapped,.yazelix-venus-,/nix/store/37v7m8kb88fgs4lgwk7ajcbf9hjb8pn7-yazelix-venus-0.1.0/bin/yazelix-venus --no-decorations --application-id eon --background-opacity 1 --font-family DejaVu Sans Mono --font-size 16 --line-height 1.125 --columns 118 --rows 30 --workspace /tmp/ezlf-len0gfp0/eon/generations/g1-89197ef167524f65290419c34b3a6b70/eon.sock ,30,120,1224,573,,97480,80145,42355,42340,37776,29,30412,24,24700,42344,97480,42340,0,0,0,0,0,0,0,0,0,0,67044
matrix-03-eon-screen,eon,screen,1788891050.5996728,1964543,1964431,16410179,orbit,/nix/store/mi0x8hjx6ys0dwhq13dnwhh5qnl0n0nf-yazelix-orbit-0.1.0/bin/yazelix-orbit,yazelix-orbit,"/nix/store/mi0x8hjx6ys0dwhq13dnwhh5qnl0n0nf-yazelix-orbit-0.1.0/bin/yazelix-orbit serve /tmp/ezlf-len0gfp0/eon/generations/g1-89197ef167524f65290419c34b3a6b70/orbit.sock --management-v1 session-1 1964431-1788891046762865873-1 91999d79546422b49bdbc124166a65859d0bd872 --ansi-palette-v1 000000,cd0000,00cd00,cdcd00,1093f5,cd00cd,00cdcd,faebd7,404040,ff0000,00ff00,ffff00,11b5f6,ff00ff,00ffff,ffffff -- /usr/bin/python3 /home/lucca/.local/state/eon/proofs/eon-zlf-20260908/child.py /home/lucca/.local/state/eon/proofs/eon-zlf-20260908/runs/matrix-03-eon-screen screen ",30,120,1224,573,,4696,1996,700,700,1296,0,3060,0,936,700,4696,700,0,0,0,0,0,0,0,0,0,0,1636
matrix-03-eon-screen,eon,screen,1788891050.5996728,1964544,1964543,16410179,child,/usr/bin/python3.12,python3,/usr/bin/python3 /home/lucca/.local/state/eon/proofs/eon-zlf-20260908/child.py /home/lucca/.local/state/eon/proofs/eon-zlf-20260908/runs/matrix-03-eon-screen screen ,30,120,1224,573,,11988,6747,5040,5040,1707,0,6928,0,20,5040,11988,5040,0,0,0,0,0,0,0,0,0,0,5060
matrix-03-eon-styled,eon,styled,1788891068.3349192,1969650,1964404,16411907,supervisor,/nix/store/cig8r1rifpl2lzswi4ga6l744y3v0ck9-eon-0.1.0/bin/.eon-wrapped,.eon-wrapped,/nix/store/cig8r1rifpl2lzswi4ga6l744y3v0ck9-eon-0.1.0/bin/eon run -- /usr/bin/python3 /home/lucca/.local/state/eon/proofs/eon-zlf-20260908/child.py /home/lucca/.local/state/eon/proofs/eon-zlf-20260908/runs/matrix-03-eon-styled styled ,30,120,1224,573,,3876,2026,288,288,1738,0,1896,0,1692,288,3876,288,0,0,0,0,0,0,0,0,0,0,1980
matrix-03-eon-styled,eon,styled,1788891068.3349192,1969652,1969650,16411907,venus,/nix/store/37v7m8kb88fgs4lgwk7ajcbf9hjb8pn7-yazelix-venus-0.1.0/bin/.yazelix-venus-wrapped,.yazelix-venus-,/nix/store/37v7m8kb88fgs4lgwk7ajcbf9hjb8pn7-yazelix-venus-0.1.0/bin/yazelix-venus --no-decorations --application-id eon --background-opacity 1 --font-family DejaVu Sans Mono --font-size 16 --line-height 1.125 --columns 118 --rows 30 --workspace /tmp/ezlf-ya7cljl0/eon/generations/g1-89197ef167524f65290419c34b3a6b70/eon.sock ,30,120,1224,573,,98520,81192,43215,43200,37963,29,30400,24,24892,43204,98520,43200,0,0,0,0,0,0,0,0,0,0,68096
matrix-03-eon-styled,eon,styled,1788891068.3349192,1969748,1969650,16411928,orbit,/nix/store/mi0x8hjx6ys0dwhq13dnwhh5qnl0n0nf-yazelix-orbit-0.1.0/bin/yazelix-orbit,yazelix-orbit,"/nix/store/mi0x8hjx6ys0dwhq13dnwhh5qnl0n0nf-yazelix-orbit-0.1.0/bin/yazelix-orbit serve /tmp/ezlf-ya7cljl0/eon/generations/g1-89197ef167524f65290419c34b3a6b70/orbit.sock --management-v1 session-1 1969650-1788891064253099531-1 91999d79546422b49bdbc124166a65859d0bd872 --ansi-palette-v1 000000,cd0000,00cd00,cdcd00,1093f5,cd00cd,00cdcd,faebd7,404040,ff0000,00ff00,ffff00,11b5f6,ff00ff,00ffff,ffffff -- /usr/bin/python3 /home/lucca/.local/state/eon/proofs/eon-zlf-20260908/child.py /home/lucca/.local/state/eon/proofs/eon-zlf-20260908/runs/matrix-03-eon-styled styled ",30,120,1224,573,,14744,12059,10812,10812,1247,0,3044,0,888,10812,14744,10812,0,0,0,0,0,0,0,0,0,0,11700
matrix-03-eon-styled,eon,styled,1788891068.3349192,1969749,1969748,16411928,child,/usr/bin/python3.12,python3,/usr/bin/python3 /home/lucca/.local/state/eon/proofs/eon-zlf-20260908/child.py /home/lucca/.local/state/eon/proofs/eon-zlf-20260908/runs/matrix-03-eon-styled styled ,30,120,1224,573,,11872,6747,5044,5044,1703,0,6808,0,20,5044,11872,5044,0,0,0,0,0,0,0,0,0,0,5064
matrix-03-eon-unicode,eon,unicode,1788890643.8312323,1844340,1726845,16369429,supervisor,/nix/store/cig8r1rifpl2lzswi4ga6l744y3v0ck9-eon-0.1.0/bin/.eon-wrapped,.eon-wrapped,/nix/store/cig8r1rifpl2lzswi4ga6l744y3v0ck9-eon-0.1.0/bin/eon run -- /usr/bin/python3 /home/lucca/.local/state/eon/proofs/eon-zlf-20260908/child.py /home/lucca/.local/state/eon/proofs/eon-zlf-20260908/runs/matrix-03-eon-unicode unicode ,30,120,1224,573,,3876,2026,288,288,1738,0,1896,0,1692,288,3876,288,0,0,0,0,0,0,0,0,0,0,1980
matrix-03-eon-unicode,eon,unicode,1788890643.8312323,1844343,1844340,16369430,venus,/nix/store/37v7m8kb88fgs4lgwk7ajcbf9hjb8pn7-yazelix-venus-0.1.0/bin/.yazelix-venus-wrapped,.yazelix-venus-,/nix/store/37v7m8kb88fgs4lgwk7ajcbf9hjb8pn7-yazelix-venus-0.1.0/bin/yazelix-venus --no-decorations --application-id eon --background-opacity 1 --font-family DejaVu Sans Mono --font-size 16 --line-height 1.125 --columns 118 --rows 30 --workspace /tmp/ezlf-tdt7qsv1/eon/generations/g1-89197ef167524f65290419c34b3a6b70/eon.sock ,30,120,1224,573,,98496,79662,43428,43412,36220,30,33148,24,21908,43416,88720,43412,0,0,0,0,0,0,0,0,0,0,65324
matrix-03-eon-unicode,eon,unicode,1788890643.8312323,1844447,1844340,16369452,orbit,/nix/store/mi0x8hjx6ys0dwhq13dnwhh5qnl0n0nf-yazelix-orbit-0.1.0/bin/yazelix-orbit,yazelix-orbit,"/nix/store/mi0x8hjx6ys0dwhq13dnwhh5qnl0n0nf-yazelix-orbit-0.1.0/bin/yazelix-orbit serve /tmp/ezlf-tdt7qsv1/eon/generations/g1-89197ef167524f65290419c34b3a6b70/orbit.sock --management-v1 session-1 1844340-1788890639497359759-1 91999d79546422b49bdbc124166a65859d0bd872 --ansi-palette-v1 000000,cd0000,00cd00,cdcd00,1093f5,cd00cd,00cdcd,faebd7,404040,ff0000,00ff00,ffff00,11b5f6,ff00ff,00ffff,ffffff -- /usr/bin/python3 /home/lucca/.local/state/eon/proofs/eon-zlf-20260908/child.py /home/lucca/.local/state/eon/proofs/eon-zlf-20260908/runs/matrix-03-eon-unicode unicode ",30,120,1224,573,,20436,17686,16728,16728,958,0,3136,0,572,16728,20436,16728,0,0,0,0,0,0,0,0,0,0,17300
matrix-03-eon-unicode,eon,unicode,1788890643.8312323,1844448,1844447,16369452,child,/usr/bin/python3.12,python3,/usr/bin/python3 /home/lucca/.local/state/eon/proofs/eon-zlf-20260908/child.py /home/lucca/.local/state/eon/proofs/eon-zlf-20260908/runs/matrix-03-eon-unicode unicode ,30,120,1224,573,,11912,6749,5044,5044,1705,0,6848,0,20,5044,11912,5044,0,0,0,0,0,0,0,0,0,0,5064
matrix-03-eonterm-empty,eonterm,empty,1788891099.2234156,1979334,1964404,16415011,supervisor,/nix/store/95x87mc3gdc22fvk920dz6jg6mfr3qxs-eonterm-0.1.0/bin/.eonterm-wrapped,.eonterm-wrappe,/nix/store/95x87mc3gdc22fvk920dz6jg6mfr3qxs-eonterm-0.1.0/bin/eonterm -- /usr/bin/python3 /home/lucca/.local/state/eon/proofs/eon-zlf-20260908/child.py /home/lucca/.local/state/eon/proofs/eon-zlf-20260908/runs/matrix-03-eonterm-empty empty ,30,120,1224,564,,3868,2019,288,288,1731,0,1896,0,1684,288,3868,288,0,0,0,0,0,0,0,0,0,0,1972
matrix-03-eonterm-empty,eonterm,empty,1788891099.2234156,1979340,1979334,16415012,venus,/nix/store/37v7m8kb88fgs4lgwk7ajcbf9hjb8pn7-yazelix-venus-0.1.0/bin/.yazelix-venus-wrapped,.yazelix-venus-,/nix/store/37v7m8kb88fgs4lgwk7ajcbf9hjb8pn7-yazelix-venus-0.1.0/bin/yazelix-venus --application-id eonterm --background-opacity 1 --font-family DejaVu Sans Mono --font-size 16 --line-height 1.125 --columns 120 --rows 30 /tmp/ezlf-vy20rlzb/eonterm/generations/g1-89197ef167524f65290419c34b3a6b70/orbit.sock ,30,120,1224,564,,86472,68963,31215,31200,37733,29,30600,24,24644,31204,86472,31200,0,0,0,0,0,0,0,0,0,0,55848
matrix-03-eonterm-empty,eonterm,empty,1788891099.2234156,1979436,1979334,16415038,orbit,/nix/store/mi0x8hjx6ys0dwhq13dnwhh5qnl0n0nf-yazelix-orbit-0.1.0/bin/yazelix-orbit,yazelix-orbit,"/nix/store/mi0x8hjx6ys0dwhq13dnwhh5qnl0n0nf-yazelix-orbit-0.1.0/bin/yazelix-orbit serve /tmp/ezlf-vy20rlzb/eonterm/generations/g1-89197ef167524f65290419c34b3a6b70/orbit.sock --management-v1 session-1 1979334-1788891095355647263-0 91999d79546422b49bdbc124166a65859d0bd872 --ansi-palette-v1 000000,cd0000,00cd00,cdcd00,1093f5,cd00cd,00cdcd,faebd7,404040,ff0000,00ff00,ffff00,11b5f6,ff00ff,00ffff,ffffff -- /usr/bin/python3 /home/lucca/.local/state/eon/proofs/eon-zlf-20260908/child.py /home/lucca/.local/state/eon/proofs/eon-zlf-20260908/runs/matrix-03-eonterm-empty empty ",30,120,1224,564,,4648,1948,652,652,1296,0,3060,0,936,652,4648,652,0,0,0,0,0,0,0,0,0,0,1588
matrix-03-eonterm-empty,eonterm,empty,1788891099.2234156,1979437,1979436,16415038,child,/usr/bin/python3.12,python3,/usr/bin/python3 /home/lucca/.local/state/eon/proofs/eon-zlf-20260908/child.py /home/lucca/.local/state/eon/proofs/eon-zlf-20260908/runs/matrix-03-eonterm-empty empty ,30,120,1224,564,,11872,6747,5040,5040,1707,0,6808,0,24,5040,11872,5040,0,0,0,0,0,0,0,0,0,0,5064
matrix-03-eonterm-mixed,eonterm,mixed,1788890648.3041458,1845767,1726845,16369900,supervisor,/nix/store/95x87mc3gdc22fvk920dz6jg6mfr3qxs-eonterm-0.1.0/bin/.eonterm-wrapped,.eonterm-wrappe,/nix/store/95x87mc3gdc22fvk920dz6jg6mfr3qxs-eonterm-0.1.0/bin/eonterm -- /usr/bin/python3 /home/lucca/.local/state/eon/proofs/eon-zlf-20260908/child.py /home/lucca/.local/state/eon/proofs/eon-zlf-20260908/runs/matrix-03-eonterm-mixed mixed ,30,120,1224,564,,3804,1954,284,284,1670,0,1896,0,1624,284,3804,284,0,0,0,0,0,0,0,0,0,0,1908
matrix-03-eonterm-mixed,eonterm,mixed,1788890648.3041458,1845770,1845767,16369901,venus,/nix/store/37v7m8kb88fgs4lgwk7ajcbf9hjb8pn7-yazelix-venus-0.1.0/bin/.yazelix-venus-wrapped,.yazelix-venus-,/nix/store/37v7m8kb88fgs4lgwk7ajcbf9hjb8pn7-yazelix-venus-0.1.0/bin/yazelix-venus --application-id eonterm --background-opacity 1 --font-family DejaVu Sans Mono --font-size 16 --line-height 1.125 --columns 120 --rows 30 /tmp/ezlf-jw50ajn7/eonterm/generations/g1-89197ef167524f65290419c34b3a6b70/orbit.sock ,30,120,1224,564,,98440,79409,43039,43024,36356,29,33360,24,22028,43028,98280,43024,0,0,0,0,0,0,0,0,0,0,65056
matrix-03-eonterm-mixed,eonterm,mixed,1788890648.3041458,1845830,1845767,16369916,orbit,/nix/store/mi0x8hjx6ys0dwhq13dnwhh5qnl0n0nf-yazelix-orbit-0.1.0/bin/yazelix-orbit,yazelix-orbit,"/nix/store/mi0x8hjx6ys0dwhq13dnwhh5qnl0n0nf-yazelix-orbit-0.1.0/bin/yazelix-orbit serve /tmp/ezlf-jw50ajn7/eonterm/generations/g1-89197ef167524f65290419c34b3a6b70/orbit.sock --management-v1 session-1 1845767-1788890644130157342-0 91999d79546422b49bdbc124166a65859d0bd872 --ansi-palette-v1 000000,cd0000,00cd00,cdcd00,1093f5,cd00cd,00cdcd,faebd7,404040,ff0000,00ff00,ffff00,11b5f6,ff00ff,00ffff,ffffff -- /usr/bin/python3 /home/lucca/.local/state/eon/proofs/eon-zlf-20260908/child.py /home/lucca/.local/state/eon/proofs/eon-zlf-20260908/runs/matrix-03-eonterm-mixed mixed ",30,120,1224,564,,19272,16518,15560,15560,958,0,3140,0,572,15560,19272,15560,0,0,0,0,0,0,0,0,0,0,16132
matrix-03-eonterm-mixed,eonterm,mixed,1788890648.3041458,1845831,1845830,16369916,child,/usr/bin/python3.12,python3,/usr/bin/python3 /home/lucca/.local/state/eon/proofs/eon-zlf-20260908/child.py /home/lucca/.local/state/eon/proofs/eon-zlf-20260908/runs/matrix-03-eonterm-mixed mixed ,30,120,1224,564,,11988,6747,5040,5040,1707,0,6928,0,20,5040,11988,5040,0,0,0,0,0,0,0,0,0,0,5060
matrix-03-eonterm-plain,eonterm,plain,1788890620.684505,1837314,1726845,16367154,supervisor,/nix/store/95x87mc3gdc22fvk920dz6jg6mfr3qxs-eonterm-0.1.0/bin/.eonterm-wrapped,.eonterm-wrappe,/nix/store/95x87mc3gdc22fvk920dz6jg6mfr3qxs-eonterm-0.1.0/bin/eonterm -- /usr/bin/python3 /home/lucca/.local/state/eon/proofs/eon-zlf-20260908/child.py /home/lucca/.local/state/eon/proofs/eon-zlf-20260908/runs/matrix-03-eonterm-plain plain ,30,120,1224,564,,3860,2011,288,288,1723,0,1896,0,1676,288,3860,288,0,0,0,0,0,0,0,0,0,0,1964
matrix-03-eonterm-plain,eonterm,plain,1788890620.684505,1837319,1837314,16367155,venus,/nix/store/37v7m8kb88fgs4lgwk7ajcbf9hjb8pn7-yazelix-venus-0.1.0/bin/.yazelix-venus-wrapped,.yazelix-venus-,/nix/store/37v7m8kb88fgs4lgwk7ajcbf9hjb8pn7-yazelix-venus-0.1.0/bin/yazelix-venus --application-id eonterm --background-opacity 1 --font-family DejaVu Sans Mono --font-size 16 --line-height 1.125 --columns 120 --rows 30 /tmp/ezlf-sudhl6ge/eonterm/generations/g1-89197ef167524f65290419c34b3a6b70/orbit.sock ,30,120,1224,564,,98320,79281,42967,42952,36300,29,33372,24,21968,42956,98320,42952,0,0,0,0,0,0,0,0,0,0,64924
matrix-03-eonterm-plain,eonterm,plain,1788890620.684505,1837387,1837314,16367173,orbit,/nix/store/mi0x8hjx6ys0dwhq13dnwhh5qnl0n0nf-yazelix-orbit-0.1.0/bin/yazelix-orbit,yazelix-orbit,"/nix/store/mi0x8hjx6ys0dwhq13dnwhh5qnl0n0nf-yazelix-orbit-0.1.0/bin/yazelix-orbit serve /tmp/ezlf-sudhl6ge/eonterm/generations/g1-89197ef167524f65290419c34b3a6b70/orbit.sock --management-v1 session-1 1837314-1788890616704582118-0 91999d79546422b49bdbc124166a65859d0bd872 --ansi-palette-v1 000000,cd0000,00cd00,cdcd00,1093f5,cd00cd,00cdcd,faebd7,404040,ff0000,00ff00,ffff00,11b5f6,ff00ff,00ffff,ffffff -- /usr/bin/python3 /home/lucca/.local/state/eon/proofs/eon-zlf-20260908/child.py /home/lucca/.local/state/eon/proofs/eon-zlf-20260908/runs/matrix-03-eonterm-plain plain ",30,120,1224,564,,14040,11382,10480,10480,902,0,3008,0,552,10480,14040,10480,0,0,0,0,0,0,0,0,0,0,11032
matrix-03-eonterm-plain,eonterm,plain,1788890620.684505,1837388,1837387,16367173,child,/usr/bin/python3.12,python3,/usr/bin/python3 /home/lucca/.local/state/eon/proofs/eon-zlf-20260908/child.py /home/lucca/.local/state/eon/proofs/eon-zlf-20260908/runs/matrix-03-eonterm-plain plain ,30,120,1224,564,,11872,6742,5040,5040,1702,0,6812,0,20,5040,11872,5040,0,0,0,0,0,0,0,0,0,0,5060
matrix-03-eonterm-screen,eonterm,screen,1788891054.7768238,1965674,1964404,16410578,supervisor,/nix/store/95x87mc3gdc22fvk920dz6jg6mfr3qxs-eonterm-0.1.0/bin/.eonterm-wrapped,.eonterm-wrappe,/nix/store/95x87mc3gdc22fvk920dz6jg6mfr3qxs-eonterm-0.1.0/bin/eonterm -- /usr/bin/python3 /home/lucca/.local/state/eon/proofs/eon-zlf-20260908/child.py /home/lucca/.local/state/eon/proofs/eon-zlf-20260908/runs/matrix-03-eonterm-screen screen ,30,120,1224,564,,3868,2018,284,284,1734,0,1896,0,1688,284,3868,284,0,0,0,0,0,0,0,0,0,0,1972
matrix-03-eonterm-screen,eonterm,screen,1788891054.7768238,1965679,1965674,16410579,venus,/nix/store/37v7m8kb88fgs4lgwk7ajcbf9hjb8pn7-yazelix-venus-0.1.0/bin/.yazelix-venus-wrapped,.yazelix-venus-,/nix/store/37v7m8kb88fgs4lgwk7ajcbf9hjb8pn7-yazelix-venus-0.1.0/bin/yazelix-venus --application-id eonterm --background-opacity 1 --font-family DejaVu Sans Mono --font-size 16 --line-height 1.125 --columns 120 --rows 30 /tmp/ezlf-p4lpm7in/eonterm/generations/g1-89197ef167524f65290419c34b3a6b70/orbit.sock ,30,120,1224,564,,97456,79926,42147,42132,37765,29,30616,24,24680,42136,97456,42132,0,0,0,0,0,0,0,0,0,0,66816
matrix-03-eonterm-screen,eonterm,screen,1788891054.7768238,1965744,1965674,16410596,orbit,/nix/store/mi0x8hjx6ys0dwhq13dnwhh5qnl0n0nf-yazelix-orbit-0.1.0/bin/yazelix-orbit,yazelix-orbit,"/nix/store/mi0x8hjx6ys0dwhq13dnwhh5qnl0n0nf-yazelix-orbit-0.1.0/bin/yazelix-orbit serve /tmp/ezlf-p4lpm7in/eonterm/generations/g1-89197ef167524f65290419c34b3a6b70/orbit.sock --management-v1 session-1 1965674-1788891050933700879-0 91999d79546422b49bdbc124166a65859d0bd872 --ansi-palette-v1 000000,cd0000,00cd00,cdcd00,1093f5,cd00cd,00cdcd,faebd7,404040,ff0000,00ff00,ffff00,11b5f6,ff00ff,00ffff,ffffff -- /usr/bin/python3 /home/lucca/.local/state/eon/proofs/eon-zlf-20260908/child.py /home/lucca/.local/state/eon/proofs/eon-zlf-20260908/runs/matrix-03-eonterm-screen screen ",30,120,1224,564,,4404,1759,664,664,1095,0,2976,0,764,664,4404,664,0,0,0,0,0,0,0,0,0,0,1428
matrix-03-eonterm-screen,eonterm,screen,1788891054.7768238,1965745,1965744,16410596,child,/usr/bin/python3.12,python3,/usr/bin/python3 /home/lucca/.local/state/eon/proofs/eon-zlf-20260908/child.py /home/lucca/.local/state/eon/proofs/eon-zlf-20260908/runs/matrix-03-eonterm-screen screen ,30,120,1224,564,,11896,6752,5044,5044,1708,0,6832,0,20,5044,11896,5044,0,0,0,0,0,0,0,0,0,0,5064
matrix-03-eonterm-styled,eonterm,styled,1788891072.7107806,1970945,1964404,16412346,supervisor,/nix/store/95x87mc3gdc22fvk920dz6jg6mfr3qxs-eonterm-0.1.0/bin/.eonterm-wrapped,.eonterm-wrappe,/nix/store/95x87mc3gdc22fvk920dz6jg6mfr3qxs-eonterm-0.1.0/bin/eonterm -- /usr/bin/python3 /home/lucca/.local/state/eon/proofs/eon-zlf-20260908/child.py /home/lucca/.local/state/eon/proofs/eon-zlf-20260908/runs/matrix-03-eonterm-styled styled ,30,120,1224,564,,3844,1995,288,288,1707,0,1896,0,1660,288,3844,288,0,0,0,0,0,0,0,0,0,0,1948
matrix-03-eonterm-styled,eonterm,styled,1788891072.7107806,1970948,1970945,16412347,venus,/nix/store/37v7m8kb88fgs4lgwk7ajcbf9hjb8pn7-yazelix-venus-0.1.0/bin/.yazelix-venus-wrapped,.yazelix-venus-,/nix/store/37v7m8kb88fgs4lgwk7ajcbf9hjb8pn7-yazelix-venus-0.1.0/bin/yazelix-venus --application-id eonterm --background-opacity 1 --font-family DejaVu Sans Mono --font-size 16 --line-height 1.125 --columns 120 --rows 30 /tmp/ezlf-tyqjh_x4/eonterm/generations/g1-89197ef167524f65290419c34b3a6b70/orbit.sock ,30,120,1224,564,,98396,80890,43023,43008,37852,29,30592,24,24768,43012,98396,43008,0,0,0,0,0,0,0,0,0,0,67780
matrix-03-eonterm-styled,eonterm,styled,1788891072.7107806,1971006,1970945,16412361,orbit,/nix/store/mi0x8hjx6ys0dwhq13dnwhh5qnl0n0nf-yazelix-orbit-0.1.0/bin/yazelix-orbit,yazelix-orbit,"/nix/store/mi0x8hjx6ys0dwhq13dnwhh5qnl0n0nf-yazelix-orbit-0.1.0/bin/yazelix-orbit serve /tmp/ezlf-tyqjh_x4/eonterm/generations/g1-89197ef167524f65290419c34b3a6b70/orbit.sock --management-v1 session-1 1970945-1788891068584654474-0 91999d79546422b49bdbc124166a65859d0bd872 --ansi-palette-v1 000000,cd0000,00cd00,cdcd00,1093f5,cd00cd,00cdcd,faebd7,404040,ff0000,00ff00,ffff00,11b5f6,ff00ff,00ffff,ffffff -- /usr/bin/python3 /home/lucca/.local/state/eon/proofs/eon-zlf-20260908/child.py /home/lucca/.local/state/eon/proofs/eon-zlf-20260908/runs/matrix-03-eonterm-styled styled ",30,120,1224,564,,14532,11891,10792,10792,1099,0,2972,0,768,10792,14532,10792,0,0,0,0,0,0,0,0,0,0,11560
matrix-03-eonterm-styled,eonterm,styled,1788891072.7107806,1971007,1971006,16412361,child,/usr/bin/python3.12,python3,/usr/bin/python3 /home/lucca/.local/state/eon/proofs/eon-zlf-20260908/child.py /home/lucca/.local/state/eon/proofs/eon-zlf-20260908/runs/matrix-03-eonterm-styled styled ,30,120,1224,564,,11892,6740,5036,5036,1704,0,6836,0,20,5036,11892,5036,0,0,0,0,0,0,0,0,0,0,5056
matrix-03-eonterm-unicode,eonterm,unicode,1788890629.7056942,1839983,1726845,16368021,supervisor,/nix/store/95x87mc3gdc22fvk920dz6jg6mfr3qxs-eonterm-0.1.0/bin/.eonterm-wrapped,.eonterm-wrappe,/nix/store/95x87mc3gdc22fvk920dz6jg6mfr3qxs-eonterm-0.1.0/bin/eonterm -- /usr/bin/python3 /home/lucca/.local/state/eon/proofs/eon-zlf-20260908/child.py /home/lucca/.local/state/eon/proofs/eon-zlf-20260908/runs/matrix-03-eonterm-unicode unicode ,30,120,1224,564,,3872,2022,288,288,1734,0,1896,0,1688,288,3872,288,0,0,0,0,0,0,0,0,0,0,1976
matrix-03-eonterm-unicode,eonterm,unicode,1788890629.7056942,1839984,1839983,16368021,venus,/nix/store/37v7m8kb88fgs4lgwk7ajcbf9hjb8pn7-yazelix-venus-0.1.0/bin/.yazelix-venus-wrapped,.yazelix-venus-,/nix/store/37v7m8kb88fgs4lgwk7ajcbf9hjb8pn7-yazelix-venus-0.1.0/bin/yazelix-venus --application-id eonterm --background-opacity 1 --font-family DejaVu Sans Mono --font-size 16 --line-height 1.125 --columns 120 --rows 30 /tmp/ezlf-_xhyfb_b/eonterm/generations/g1-89197ef167524f65290419c34b3a6b70/orbit.sock ,30,120,1224,564,,98640,79615,43316,43300,36285,30,33356,24,21956,43304,98604,43300,0,0,0,0,0,0,0,0,0,0,65260
matrix-03-eonterm-unicode,eonterm,unicode,1788890629.7056942,1840054,1839983,16368038,orbit,/nix/store/mi0x8hjx6ys0dwhq13dnwhh5qnl0n0nf-yazelix-orbit-0.1.0/bin/yazelix-orbit,yazelix-orbit,"/nix/store/mi0x8hjx6ys0dwhq13dnwhh5qnl0n0nf-yazelix-orbit-0.1.0/bin/yazelix-orbit serve /tmp/ezlf-_xhyfb_b/eonterm/generations/g1-89197ef167524f65290419c34b3a6b70/orbit.sock --management-v1 session-1 1839983-1788890625353076546-0 91999d79546422b49bdbc124166a65859d0bd872 --ansi-palette-v1 000000,cd0000,00cd00,cdcd00,1093f5,cd00cd,00cdcd,faebd7,404040,ff0000,00ff00,ffff00,11b5f6,ff00ff,00ffff,ffffff -- /usr/bin/python3 /home/lucca/.local/state/eon/proofs/eon-zlf-20260908/child.py /home/lucca/.local/state/eon/proofs/eon-zlf-20260908/runs/matrix-03-eonterm-unicode unicode ",30,120,1224,564,,20332,17624,16696,16696,928,0,3080,0,556,16696,20072,16696,0,0,0,0,0,0,0,0,0,0,17252
matrix-03-eonterm-unicode,eonterm,unicode,1788890629.7056942,1840055,1840054,16368038,child,/usr/bin/python3.12,python3,/usr/bin/python3 /home/lucca/.local/state/eon/proofs/eon-zlf-20260908/child.py /home/lucca/.local/state/eon/proofs/eon-zlf-20260908/runs/matrix-03-eonterm-unicode unicode ,30,120,1224,564,,11904,6748,5044,5044,1704,0,6840,0,20,5044,11904,5044,0,0,0,0,0,0,0,0,0,0,5064
matrix-03-foot-empty,foot,empty,1788891095.0260074,1977968,1964404,16414637,terminal,/usr/bin/foot,foot,/usr/bin/foot -c /home/lucca/.local/state/eon/proofs/eon-zlf-20260908/runs/matrix-03-foot-empty/foot.ini -T eon-zlf benchmark --app-id=eon-zlf-foot /usr/bin/python3 /home/lucca/.local/state/eon/proofs/eon-zlf-20260908/child.py /home/lucca/.local/state/eon/proofs/eon-zlf-20260908/runs/matrix-03-foot-empty empty ,30,120,1200,540,30,18912,11508,8742,4760,2766,3982,6776,2660,2064,7412,18912,4760,0,0,0,0,0,0,0,0,0,0,9476
matrix-03-foot-empty,foot,empty,1788891095.0260074,1977978,1977968,16414640,child,/usr/bin/python3.12,python3,/usr/bin/python3 /home/lucca/.local/state/eon/proofs/eon-zlf-20260908/child.py /home/lucca/.local/state/eon/proofs/eon-zlf-20260908/runs/matrix-03-foot-empty empty ,30,120,1200,540,30,11912,6753,5044,5044,1709,0,6844,0,24,5044,11912,5044,0,0,0,0,0,0,0,0,0,0,5068
matrix-03-foot-mixed,foot,mixed,1788890652.0880766,1847094,1726845,16370343,terminal,/usr/bin/foot,foot,/usr/bin/foot -c /home/lucca/.local/state/eon/proofs/eon-zlf-20260908/runs/matrix-03-foot-mixed/foot.ini -T eon-zlf benchmark --app-id=eon-zlf-foot /usr/bin/python3 /home/lucca/.local/state/eon/proofs/eon-zlf-20260908/child.py /home/lucca/.local/state/eon/proofs/eon-zlf-20260908/runs/matrix-03-foot-mixed mixed ,30,120,1200,540,,34036,25294,22484,19704,2810,2780,6992,5064,2028,19952,34036,19704,0,0,0,0,0,0,0,0,0,0,21980
matrix-03-foot-mixed,foot,mixed,1788890652.0880766,1847104,1847094,16370346,child,/usr/bin/python3.12,python3,/usr/bin/python3 /home/lucca/.local/state/eon/proofs/eon-zlf-20260908/child.py /home/lucca/.local/state/eon/proofs/eon-zlf-20260908/runs/matrix-03-foot-mixed mixed ,30,120,1200,540,,11884,6746,5048,5048,1698,0,6816,0,20,5048,11884,5048,0,0,0,0,0,0,0,0,0,0,5068
matrix-03-foot-plain,foot,plain,1788890611.1356134,1834514,1726845,16366249,terminal,/usr/bin/foot,foot,/usr/bin/foot -c /home/lucca/.local/state/eon/proofs/eon-zlf-20260908/runs/matrix-03-foot-plain/foot.ini -T eon-zlf benchmark --app-id=eon-zlf-foot /usr/bin/python3 /home/lucca/.local/state/eon/proofs/eon-zlf-20260908/child.py /home/lucca/.local/state/eon/proofs/eon-zlf-20260908/runs/matrix-03-foot-plain plain ,30,120,1200,540,,33704,24908,22228,19448,2680,2780,7084,5064,1860,19696,33704,19448,0,0,0,0,0,0,0,0,0,0,21556
matrix-03-foot-plain,foot,plain,1788890611.1356134,1834524,1834514,16366251,child,/usr/bin/python3.12,python3,/usr/bin/python3 /home/lucca/.local/state/eon/proofs/eon-zlf-20260908/child.py /home/lucca/.local/state/eon/proofs/eon-zlf-20260908/runs/matrix-03-foot-plain plain ,30,120,1200,540,,11988,6746,5044,5044,1702,0,6924,0,20,5044,11988,5044,0,0,0,0,0,0,0,0,0,0,5064
matrix-03-foot-screen,foot,screen,1788891058.557682,1966925,1964404,16410991,terminal,/usr/bin/foot,foot,/usr/bin/foot -c /home/lucca/.local/state/eon/proofs/eon-zlf-20260908/runs/matrix-03-foot-screen/foot.ini -T eon-zlf benchmark --app-id=eon-zlf-foot /usr/bin/python3 /home/lucca/.local/state/eon/proofs/eon-zlf-20260908/child.py /home/lucca/.local/state/eon/proofs/eon-zlf-20260908/runs/matrix-03-foot-screen screen ,30,120,1200,540,,19500,12005,9096,5164,2909,3932,6848,2760,2176,7716,19500,5164,0,0,0,0,0,0,0,0,0,0,9892
matrix-03-foot-screen,foot,screen,1788891058.557682,1966938,1966925,16410993,child,/usr/bin/python3.12,python3,/usr/bin/python3 /home/lucca/.local/state/eon/proofs/eon-zlf-20260908/child.py /home/lucca/.local/state/eon/proofs/eon-zlf-20260908/runs/matrix-03-foot-screen screen ,30,120,1200,540,,11884,6743,5044,5044,1699,0,6820,0,20,5044,11884,5044,0,0,0,0,0,0,0,0,0,0,5064
matrix-03-foot-styled,foot,styled,1788891081.7918098,1974024,1964404,16413315,terminal,/usr/bin/foot,foot,/usr/bin/foot -c /home/lucca/.local/state/eon/proofs/eon-zlf-20260908/runs/matrix-03-foot-styled/foot.ini -T eon-zlf benchmark --app-id=eon-zlf-foot /usr/bin/python3 /home/lucca/.local/state/eon/proofs/eon-zlf-20260908/child.py /home/lucca/.local/state/eon/proofs/eon-zlf-20260908/runs/matrix-03-foot-styled styled ,30,120,1200,540,,33856,25266,22308,19528,2958,2780,6788,5064,2228,19776,33856,19528,0,0,0,0,0,0,0,0,0,0,22004
matrix-03-foot-styled,foot,styled,1788891081.7918098,1974034,1974024,16413317,child,/usr/bin/python3.12,python3,/usr/bin/python3 /home/lucca/.local/state/eon/proofs/eon-zlf-20260908/child.py /home/lucca/.local/state/eon/proofs/eon-zlf-20260908/runs/matrix-03-foot-styled styled ,30,120,1200,540,,11884,6747,5040,5040,1707,0,6820,0,24,5040,11884,5040,0,0,0,0,0,0,0,0,0,0,5064
matrix-03-foot-unicode,foot,unicode,1788890639.1861107,1843185,1726845,16369050,terminal,/usr/bin/foot,foot,/usr/bin/foot -c /home/lucca/.local/state/eon/proofs/eon-zlf-20260908/runs/matrix-03-foot-unicode/foot.ini -T eon-zlf benchmark --app-id=eon-zlf-foot /usr/bin/python3 /home/lucca/.local/state/eon/proofs/eon-zlf-20260908/child.py /home/lucca/.local/state/eon/proofs/eon-zlf-20260908/runs/matrix-03-foot-unicode unicode ,30,120,1200,540,,33756,25062,22336,19556,2726,2780,6944,5064,1944,19804,33756,19556,0,0,0,0,0,0,0,0,0,0,21748
matrix-03-foot-unicode,foot,unicode,1788890639.1861107,1843196,1843185,16369052,child,/usr/bin/python3.12,python3,/usr/bin/python3 /home/lucca/.local/state/eon/proofs/eon-zlf-20260908/child.py /home/lucca/.local/state/eon/proofs/eon-zlf-20260908/runs/matrix-03-foot-unicode unicode ,30,120,1200,540,,11876,6742,5044,5044,1698,0,6812,0,20,5044,11876,5044,0,0,0,0,0,0,0,0,0,0,5064
matrix-03-ghostty-empty,ghostty,empty,1788891087.040615,1975144,1964404,16413694,terminal,/snap/ghostty/820/bin/ghostty,ghostty,/snap/ghostty/820/bin/ghostty --config-default-files=false --gtk-single-instance=false --font-family=DejaVu Sans Mono --font-size=12 --adjust-cell-height=-1 --window-width=121 --window-height=33 --scrollback-limit=16777216 --background-opacity=1 --background-blur=false --window-save-state=never --title=eon-zlf benchmark --class=com.mitchellh.ghostty.eonzlf -e /usr/bin/python3 /home/lucca/.local/state/eon/proofs/eon-zlf-20260908/child.py /home/lucca/.local/state/eon/proofs/eon-zlf-20260908/runs/matrix-03-ghostty-empty empty ,30,120,1206,544,,189592,187119,82397,80436,106662,21,2872,12,104316,82392,189592,80436,0,0,0,0,0,0,0,0,0,0,186708
matrix-03-ghostty-empty,ghostty,empty,1788891087.040615,1975688,1975144,16413844,child,/usr/bin/python3.12,python3,/usr/bin/python3 /home/lucca/.local/state/eon/proofs/eon-zlf-20260908/child.py /home/lucca/.local/state/eon/proofs/eon-zlf-20260908/runs/matrix-03-ghostty-empty empty ,30,120,1206,544,,11904,6755,5044,5044,1711,0,6836,0,24,5044,11904,5044,0,0,0,0,0,0,0,0,0,0,5068
matrix-03-ghostty-mixed,ghostty,mixed,1788890846.7622747,1905501,1905491,16389613,terminal,/snap/ghostty/820/bin/ghostty,ghostty,/snap/ghostty/820/bin/ghostty --config-default-files=false --gtk-single-instance=false --font-family=DejaVu Sans Mono --font-size=12 --adjust-cell-height=-1 --window-width=121 --window-height=33 --scrollback-limit=16777216 --background-opacity=1 --background-blur=false --window-save-state=never --title=eon-zlf benchmark --class=com.mitchellh.ghostty.eonzlf -e /usr/bin/python3 /home/lucca/.local/state/eon/proofs/eon-zlf-20260908/child.py /home/lucca/.local/state/eon/proofs/eon-zlf-20260908/runs/matrix-03-ghostty-mixed mixed ,30,120,1206,544,,194120,191637,86981,85020,106600,17,2900,4,104236,86980,194120,85020,0,0,0,0,0,0,0,0,0,0,191216
matrix-03-ghostty-mixed,ghostty,mixed,1788890846.7622747,1906180,1905501,16389804,child,/usr/bin/python3.12,python3,/usr/bin/python3 /home/lucca/.local/state/eon/proofs/eon-zlf-20260908/child.py /home/lucca/.local/state/eon/proofs/eon-zlf-20260908/runs/matrix-03-ghostty-mixed mixed ,30,120,1206,544,,11888,6754,5044,5044,1710,0,6816,0,28,5044,11888,5044,0,0,0,0,0,0,0,0,0,0,5072
matrix-03-ghostty-plain,ghostty,plain,1788890616.3862953,1835630,1726845,16366624,terminal,/snap/ghostty/820/bin/ghostty,ghostty,/snap/ghostty/820/bin/ghostty --config-default-files=false --gtk-single-instance=false --font-family=DejaVu Sans Mono --font-size=12 --adjust-cell-height=-1 --window-width=121 --window-height=33 --scrollback-limit=16777216 --background-opacity=1 --background-blur=false --window-save-state=never --title=eon-zlf benchmark --class=com.mitchellh.ghostty.eonzlf -e /usr/bin/python3 /home/lucca/.local/state/eon/proofs/eon-zlf-20260908/child.py /home/lucca/.local/state/eon/proofs/eon-zlf-20260908/runs/matrix-03-ghostty-plain plain ,30,120,1206,544,,199120,196632,92077,90120,106495,17,2900,4,104140,92076,199120,90120,0,0,0,0,0,0,0,0,0,0,196216
matrix-03-ghostty-plain,ghostty,plain,1788890616.3862953,1836211,1835630,16366774,child,/usr/bin/python3.12,python3,/usr/bin/python3 /home/lucca/.local/state/eon/proofs/eon-zlf-20260908/child.py /home/lucca/.local/state/eon/proofs/eon-zlf-20260908/runs/matrix-03-ghostty-plain plain ,30,120,1206,544,,11888,6748,5048,5048,1700,0,6820,0,20,5048,11888,5048,0,0,0,0,0,0,0,0,0,0,5068
matrix-03-ghostty-screen,ghostty,screen,1788891063.8611312,1967999,1964404,16411366,terminal,/snap/ghostty/820/bin/ghostty,ghostty,/snap/ghostty/820/bin/ghostty --config-default-files=false --gtk-single-instance=false --font-family=DejaVu Sans Mono --font-size=12 --adjust-cell-height=-1 --window-width=121 --window-height=33 --scrollback-limit=16777216 --background-opacity=1 --background-blur=false --window-save-state=never --title=eon-zlf benchmark --class=com.mitchellh.ghostty.eonzlf -e /usr/bin/python3 /home/lucca/.local/state/eon/proofs/eon-zlf-20260908/child.py /home/lucca/.local/state/eon/proofs/eon-zlf-20260908/runs/matrix-03-ghostty-screen screen ,30,120,1206,544,,190660,188208,83513,81552,106634,21,2848,12,104292,83508,190660,81552,0,0,0,0,0,0,0,0,0,0,187800
matrix-03-ghostty-screen,ghostty,screen,1788891063.8611312,1968600,1967999,16411529,child,/usr/bin/python3.12,python3,/usr/bin/python3 /home/lucca/.local/state/eon/proofs/eon-zlf-20260908/child.py /home/lucca/.local/state/eon/proofs/eon-zlf-20260908/runs/matrix-03-ghostty-screen screen ,30,120,1206,544,,11924,6747,5048,5048,1699,0,6856,0,20,5048,11924,5048,0,0,0,0,0,0,0,0,0,0,5068
matrix-03-ghostty-styled,ghostty,styled,1788891077.9905934,1972381,1964404,16412784,terminal,/snap/ghostty/820/bin/ghostty,ghostty,/snap/ghostty/820/bin/ghostty --config-default-files=false --gtk-single-instance=false --font-family=DejaVu Sans Mono --font-size=12 --adjust-cell-height=-1 --window-width=121 --window-height=33 --scrollback-limit=16777216 --background-opacity=1 --background-blur=false --window-save-state=never --title=eon-zlf benchmark --class=com.mitchellh.ghostty.eonzlf -e /usr/bin/python3 /home/lucca/.local/state/eon/proofs/eon-zlf-20260908/child.py /home/lucca/.local/state/eon/proofs/eon-zlf-20260908/runs/matrix-03-ghostty-styled styled ,30,120,1206,544,,201764,199303,94753,92788,106493,21,2864,12,104140,94748,201764,92788,0,0,0,0,0,0,0,0,0,0,198888
matrix-03-ghostty-styled,ghostty,styled,1788891077.9905934,1972917,1972381,16412931,child,/usr/bin/python3.12,python3,/usr/bin/python3 /home/lucca/.local/state/eon/proofs/eon-zlf-20260908/child.py /home/lucca/.local/state/eon/proofs/eon-zlf-20260908/runs/matrix-03-ghostty-styled styled ,30,120,1206,544,,11896,6755,5048,5048,1707,0,6824,0,24,5048,11896,5048,0,0,0,0,0,0,0,0,0,0,5072
matrix-03-ghostty-unicode,ghostty,unicode,1788890635.3415413,1841448,1726845,16368489,terminal,/snap/ghostty/820/bin/ghostty,ghostty,/snap/ghostty/820/bin/ghostty --config-default-files=false --gtk-single-instance=false --font-family=DejaVu Sans Mono --font-size=12 --adjust-cell-height=-1 --window-width=121 --window-height=33 --scrollback-limit=16777216 --background-opacity=1 --background-blur=false --window-save-state=never --title=eon-zlf benchmark --class=com.mitchellh.ghostty.eonzlf -e /usr/bin/python3 /home/lucca/.local/state/eon/proofs/eon-zlf-20260908/child.py /home/lucca/.local/state/eon/proofs/eon-zlf-20260908/runs/matrix-03-ghostty-unicode unicode ,30,120,1206,544,,196580,194085,89441,87480,106588,17,2912,4,104224,89440,196580,87480,0,0,0,0,0,0,0,0,0,0,193664
matrix-03-ghostty-unicode,ghostty,unicode,1788890635.3415413,1842020,1841448,16368646,child,/usr/bin/python3.12,python3,/usr/bin/python3 /home/lucca/.local/state/eon/proofs/eon-zlf-20260908/child.py /home/lucca/.local/state/eon/proofs/eon-zlf-20260908/runs/matrix-03-ghostty-unicode unicode ,30,120,1206,544,,11880,6743,5044,5044,1699,0,6816,0,20,5044,11880,5044,0,0,0,0,0,0,0,0,0,0,5064
matrix-04-eon-empty,eon,empty,1788891152.4464097,1996159,1964404,16420340,supervisor,/nix/store/cig8r1rifpl2lzswi4ga6l744y3v0ck9-eon-0.1.0/bin/.eon-wrapped,.eon-wrapped,/nix/store/cig8r1rifpl2lzswi4ga6l744y3v0ck9-eon-0.1.0/bin/eon run -- /usr/bin/python3 /home/lucca/.local/state/eon/proofs/eon-zlf-20260908/child.py /home/lucca/.local/state/eon/proofs/eon-zlf-20260908/runs/matrix-04-eon-empty empty ,30,120,1224,573,,3880,2030,292,292,1738,0,1896,0,1692,292,3880,292,0,0,0,0,0,0,0,0,0,0,1984
matrix-04-eon-empty,eon,empty,1788891152.4464097,1996165,1996159,16420341,venus,/nix/store/37v7m8kb88fgs4lgwk7ajcbf9hjb8pn7-yazelix-venus-0.1.0/bin/.yazelix-venus-wrapped,.yazelix-venus-,/nix/store/37v7m8kb88fgs4lgwk7ajcbf9hjb8pn7-yazelix-venus-0.1.0/bin/yazelix-venus --no-decorations --application-id eon --background-opacity 1 --font-family DejaVu Sans Mono --font-size 16 --line-height 1.125 --columns 118 --rows 30 --workspace /tmp/ezlf-5c8o8a3j/eon/generations/g1-89197ef167524f65290419c34b3a6b70/eon.sock ,30,120,1224,573,,86300,68955,31315,31300,37626,29,30416,24,24556,31304,86300,31300,0,0,0,0,0,0,0,0,0,0,55860
matrix-04-eon-empty,eon,empty,1788891152.4464097,1996261,1996159,16420362,orbit,/nix/store/mi0x8hjx6ys0dwhq13dnwhh5qnl0n0nf-yazelix-orbit-0.1.0/bin/yazelix-orbit,yazelix-orbit,"/nix/store/mi0x8hjx6ys0dwhq13dnwhh5qnl0n0nf-yazelix-orbit-0.1.0/bin/yazelix-orbit serve /tmp/ezlf-5c8o8a3j/eon/generations/g1-89197ef167524f65290419c34b3a6b70/orbit.sock --management-v1 session-1 1996159-1788891148596856935-1 91999d79546422b49bdbc124166a65859d0bd872 --ansi-palette-v1 000000,cd0000,00cd00,cdcd00,1093f5,cd00cd,00cdcd,faebd7,404040,ff0000,00ff00,ffff00,11b5f6,ff00ff,00ffff,ffffff -- /usr/bin/python3 /home/lucca/.local/state/eon/proofs/eon-zlf-20260908/child.py /home/lucca/.local/state/eon/proofs/eon-zlf-20260908/runs/matrix-04-eon-empty empty ",30,120,1224,573,,4620,1928,688,688,1240,0,3048,0,884,688,4620,688,0,0,0,0,0,0,0,0,0,0,1572
matrix-04-eon-empty,eon,empty,1788891152.4464097,1996262,1996261,16420363,child,/usr/bin/python3.12,python3,/usr/bin/python3 /home/lucca/.local/state/eon/proofs/eon-zlf-20260908/child.py /home/lucca/.local/state/eon/proofs/eon-zlf-20260908/runs/matrix-04-eon-empty empty ,30,120,1224,573,,11888,6749,5040,5040,1709,0,6824,0,24,5040,11888,5040,0,0,0,0,0,0,0,0,0,0,5064
matrix-04-eon-mixed,eon,mixed,1788891113.4711242,1984227,1964404,16416415,supervisor,/nix/store/cig8r1rifpl2lzswi4ga6l744y3v0ck9-eon-0.1.0/bin/.eon-wrapped,.eon-wrapped,/nix/store/cig8r1rifpl2lzswi4ga6l744y3v0ck9-eon-0.1.0/bin/eon run -- /usr/bin/python3 /home/lucca/.local/state/eon/proofs/eon-zlf-20260908/child.py /home/lucca/.local/state/eon/proofs/eon-zlf-20260908/runs/matrix-04-eon-mixed mixed ,30,120,1224,573,,3868,2019,292,292,1727,0,1896,0,1680,292,3868,292,0,0,0,0,0,0,0,0,0,0,1972
matrix-04-eon-mixed,eon,mixed,1788891113.4711242,1984232,1984227,16416415,venus,/nix/store/37v7m8kb88fgs4lgwk7ajcbf9hjb8pn7-yazelix-venus-0.1.0/bin/.yazelix-venus-wrapped,.yazelix-venus-,/nix/store/37v7m8kb88fgs4lgwk7ajcbf9hjb8pn7-yazelix-venus-0.1.0/bin/yazelix-venus --no-decorations --application-id eon --background-opacity 1 --font-family DejaVu Sans Mono --font-size 16 --line-height 1.125 --columns 118 --rows 30 --workspace /tmp/ezlf-wgdowsvn/eon/generations/g1-89197ef167524f65290419c34b3a6b70/eon.sock ,30,120,1224,573,,98448,81119,43203,43188,37901,29,30400,24,24832,43192,98448,43188,0,0,0,0,0,0,0,0,0,0,68024
matrix-04-eon-mixed,eon,mixed,1788891113.4711242,1984327,1984227,16416437,orbit,/nix/store/mi0x8hjx6ys0dwhq13dnwhh5qnl0n0nf-yazelix-orbit-0.1.0/bin/yazelix-orbit,yazelix-orbit,"/nix/store/mi0x8hjx6ys0dwhq13dnwhh5qnl0n0nf-yazelix-orbit-0.1.0/bin/yazelix-orbit serve /tmp/ezlf-wgdowsvn/eon/generations/g1-89197ef167524f65290419c34b3a6b70/orbit.sock --management-v1 session-1 1984227-1788891109342681484-1 91999d79546422b49bdbc124166a65859d0bd872 --ansi-palette-v1 000000,cd0000,00cd00,cdcd00,1093f5,cd00cd,00cdcd,faebd7,404040,ff0000,00ff00,ffff00,11b5f6,ff00ff,00ffff,ffffff -- /usr/bin/python3 /home/lucca/.local/state/eon/proofs/eon-zlf-20260908/child.py /home/lucca/.local/state/eon/proofs/eon-zlf-20260908/runs/matrix-04-eon-mixed mixed ",30,120,1224,573,,19524,16840,15588,15588,1252,0,3040,0,896,15588,19524,15588,0,0,0,0,0,0,0,0,0,0,16484
matrix-04-eon-mixed,eon,mixed,1788891113.4711242,1984328,1984327,16416437,child,/usr/bin/python3.12,python3,/usr/bin/python3 /home/lucca/.local/state/eon/proofs/eon-zlf-20260908/child.py /home/lucca/.local/state/eon/proofs/eon-zlf-20260908/runs/matrix-04-eon-mixed mixed ,30,120,1224,573,,11880,6750,5044,5044,1706,0,6812,0,24,5044,11880,5044,0,0,0,0,0,0,0,0,0,0,5068
matrix-04-eon-plain,eon,plain,1788891161.2057025,1998742,1964404,16421197,supervisor,/nix/store/cig8r1rifpl2lzswi4ga6l744y3v0ck9-eon-0.1.0/bin/.eon-wrapped,.eon-wrapped,/nix/store/cig8r1rifpl2lzswi4ga6l744y3v0ck9-eon-0.1.0/bin/eon run -- /usr/bin/python3 /home/lucca/.local/state/eon/proofs/eon-zlf-20260908/child.py /home/lucca/.local/state/eon/proofs/eon-zlf-20260908/runs/matrix-04-eon-plain plain ,30,120,1224,573,,3868,2020,292,292,1728,0,1896,0,1680,292,3868,292,0,0,0,0,0,0,0,0,0,0,1972
matrix-04-eon-plain,eon,plain,1788891161.2057025,1998746,1998742,16421197,venus,/nix/store/37v7m8kb88fgs4lgwk7ajcbf9hjb8pn7-yazelix-venus-0.1.0/bin/.yazelix-venus-wrapped,.yazelix-venus-,/nix/store/37v7m8kb88fgs4lgwk7ajcbf9hjb8pn7-yazelix-venus-0.1.0/bin/yazelix-venus --no-decorations --application-id eon --background-opacity 1 --font-family DejaVu Sans Mono --font-size 16 --line-height 1.125 --columns 118 --rows 30 --workspace /tmp/ezlf-f461q_nc/eon/generations/g1-89197ef167524f65290419c34b3a6b70/eon.sock ,30,120,1224,573,,98236,80890,43119,43104,37757,29,30420,24,24684,43108,98236,43104,0,0,0,0,0,0,0,0,0,0,67792
matrix-04-eon-plain,eon,plain,1788891161.2057025,1998844,1998742,16421218,orbit,/nix/store/mi0x8hjx6ys0dwhq13dnwhh5qnl0n0nf-yazelix-orbit-0.1.0/bin/yazelix-orbit,yazelix-orbit,"/nix/store/mi0x8hjx6ys0dwhq13dnwhh5qnl0n0nf-yazelix-orbit-0.1.0/bin/yazelix-orbit serve /tmp/ezlf-f461q_nc/eon/generations/g1-89197ef167524f65290419c34b3a6b70/orbit.sock --management-v1 session-1 1998742-1788891157153791736-1 91999d79546422b49bdbc124166a65859d0bd872 --ansi-palette-v1 000000,cd0000,00cd00,cdcd00,1093f5,cd00cd,00cdcd,faebd7,404040,ff0000,00ff00,ffff00,11b5f6,ff00ff,00ffff,ffffff -- /usr/bin/python3 /home/lucca/.local/state/eon/proofs/eon-zlf-20260908/child.py /home/lucca/.local/state/eon/proofs/eon-zlf-20260908/runs/matrix-04-eon-plain plain ",30,120,1224,573,,14316,11664,10504,10504,1160,0,2992,0,820,10504,14316,10504,0,0,0,0,0,0,0,0,0,0,11324
matrix-04-eon-plain,eon,plain,1788891161.2057025,1998846,1998844,16421218,child,/usr/bin/python3.12,python3,/usr/bin/python3 /home/lucca/.local/state/eon/proofs/eon-zlf-20260908/child.py /home/lucca/.local/state/eon/proofs/eon-zlf-20260908/runs/matrix-04-eon-plain plain ,30,120,1224,573,,11892,6755,5048,5048,1707,0,6820,0,24,5048,11892,5048,0,0,0,0,0,0,0,0,0,0,5072
matrix-04-eon-screen,eon,screen,1788891183.867449,2005764,1964404,16423481,supervisor,/nix/store/cig8r1rifpl2lzswi4ga6l744y3v0ck9-eon-0.1.0/bin/.eon-wrapped,.eon-wrapped,/nix/store/cig8r1rifpl2lzswi4ga6l744y3v0ck9-eon-0.1.0/bin/eon run -- /usr/bin/python3 /home/lucca/.local/state/eon/proofs/eon-zlf-20260908/child.py /home/lucca/.local/state/eon/proofs/eon-zlf-20260908/runs/matrix-04-eon-screen screen ,30,120,1224,573,,3872,2022,292,292,1730,0,1896,0,1684,292,3872,292,0,0,0,0,0,0,0,0,0,0,1976
matrix-04-eon-screen,eon,screen,1788891183.867449,2005769,2005764,16423482,venus,/nix/store/37v7m8kb88fgs4lgwk7ajcbf9hjb8pn7-yazelix-venus-0.1.0/bin/.yazelix-venus-wrapped,.yazelix-venus-,/nix/store/37v7m8kb88fgs4lgwk7ajcbf9hjb8pn7-yazelix-venus-0.1.0/bin/yazelix-venus --no-decorations --application-id eon --background-opacity 1 --font-family DejaVu Sans Mono --font-size 16 --line-height 1.125 --columns 118 --rows 30 --workspace /tmp/ezlf-n_0g2_p5/eon/generations/g1-89197ef167524f65290419c34b3a6b70/eon.sock ,30,120,1224,573,,97464,80110,42328,42312,37768,30,30440,24,24684,42316,97464,42312,0,0,0,0,0,0,0,0,0,0,67000
matrix-04-eon-screen,eon,screen,1788891183.867449,2005865,2005764,16423504,orbit,/nix/store/mi0x8hjx6ys0dwhq13dnwhh5qnl0n0nf-yazelix-orbit-0.1.0/bin/yazelix-orbit,yazelix-orbit,"/nix/store/mi0x8hjx6ys0dwhq13dnwhh5qnl0n0nf-yazelix-orbit-0.1.0/bin/yazelix-orbit serve /tmp/ezlf-n_0g2_p5/eon/generations/g1-89197ef167524f65290419c34b3a6b70/orbit.sock --management-v1 session-1 2005764-1788891180018077539-1 91999d79546422b49bdbc124166a65859d0bd872 --ansi-palette-v1 000000,cd0000,00cd00,cdcd00,1093f5,cd00cd,00cdcd,faebd7,404040,ff0000,00ff00,ffff00,11b5f6,ff00ff,00ffff,ffffff -- /usr/bin/python3 /home/lucca/.local/state/eon/proofs/eon-zlf-20260908/child.py /home/lucca/.local/state/eon/proofs/eon-zlf-20260908/runs/matrix-04-eon-screen screen ",30,120,1224,573,,4444,1799,704,704,1095,0,2976,0,764,704,4444,704,0,0,0,0,0,0,0,0,0,0,1468
matrix-04-eon-screen,eon,screen,1788891183.867449,2005866,2005865,16423505,child,/usr/bin/python3.12,python3,/usr/bin/python3 /home/lucca/.local/state/eon/proofs/eon-zlf-20260908/child.py /home/lucca/.local/state/eon/proofs/eon-zlf-20260908/runs/matrix-04-eon-screen screen ,30,120,1224,573,,11948,6758,5048,5048,1710,0,6876,0,24,5048,11948,5048,0,0,0,0,0,0,0,0,0,0,5072
matrix-04-eon-styled,eon,styled,1788891125.477394,1987846,1964404,16417619,supervisor,/nix/store/cig8r1rifpl2lzswi4ga6l744y3v0ck9-eon-0.1.0/bin/.eon-wrapped,.eon-wrapped,/nix/store/cig8r1rifpl2lzswi4ga6l744y3v0ck9-eon-0.1.0/bin/eon run -- /usr/bin/python3 /home/lucca/.local/state/eon/proofs/eon-zlf-20260908/child.py /home/lucca/.local/state/eon/proofs/eon-zlf-20260908/runs/matrix-04-eon-styled styled ,30,120,1224,573,,3812,1962,288,288,1674,0,1896,0,1628,288,3812,288,0,0,0,0,0,0,0,0,0,0,1916
matrix-04-eon-styled,eon,styled,1788891125.477394,1987851,1987846,16417619,venus,/nix/store/37v7m8kb88fgs4lgwk7ajcbf9hjb8pn7-yazelix-venus-0.1.0/bin/.yazelix-venus-wrapped,.yazelix-venus-,/nix/store/37v7m8kb88fgs4lgwk7ajcbf9hjb8pn7-yazelix-venus-0.1.0/bin/yazelix-venus --no-decorations --application-id eon --background-opacity 1 --font-family DejaVu Sans Mono --font-size 16 --line-height 1.125 --columns 118 --rows 30 --workspace /tmp/ezlf-ypqjv0sj/eon/generations/g1-89197ef167524f65290419c34b3a6b70/eon.sock ,30,120,1224,573,,98016,80665,43007,42992,37644,29,30424,24,24572,42996,98016,42992,0,0,0,0,0,0,0,0,0,0,67568
matrix-04-eon-styled,eon,styled,1788891125.477394,1987946,1987846,16417640,orbit,/nix/store/mi0x8hjx6ys0dwhq13dnwhh5qnl0n0nf-yazelix-orbit-0.1.0/bin/yazelix-orbit,yazelix-orbit,"/nix/store/mi0x8hjx6ys0dwhq13dnwhh5qnl0n0nf-yazelix-orbit-0.1.0/bin/yazelix-orbit serve /tmp/ezlf-ypqjv0sj/eon/generations/g1-89197ef167524f65290419c34b3a6b70/orbit.sock --management-v1 session-1 1987846-1788891121377924956-1 91999d79546422b49bdbc124166a65859d0bd872 --ansi-palette-v1 000000,cd0000,00cd00,cdcd00,1093f5,cd00cd,00cdcd,faebd7,404040,ff0000,00ff00,ffff00,11b5f6,ff00ff,00ffff,ffffff -- /usr/bin/python3 /home/lucca/.local/state/eon/proofs/eon-zlf-20260908/child.py /home/lucca/.local/state/eon/proofs/eon-zlf-20260908/runs/matrix-04-eon-styled styled ",30,120,1224,573,,14744,12052,10812,10812,1240,0,3048,0,884,10812,14744,10812,0,0,0,0,0,0,0,0,0,0,11696
matrix-04-eon-styled,eon,styled,1788891125.477394,1987947,1987946,16417641,child,/usr/bin/python3.12,python3,/usr/bin/python3 /home/lucca/.local/state/eon/proofs/eon-zlf-20260908/child.py /home/lucca/.local/state/eon/proofs/eon-zlf-20260908/runs/matrix-04-eon-styled styled ,30,120,1224,573,,11928,6751,5044,5044,1707,0,6860,0,24,5044,11928,5044,0,0,0,0,0,0,0,0,0,0,5068
matrix-04-eon-unicode,eon,unicode,1788891196.8448067,2009629,1964404,16424738,supervisor,/nix/store/cig8r1rifpl2lzswi4ga6l744y3v0ck9-eon-0.1.0/bin/.eon-wrapped,.eon-wrapped,/nix/store/cig8r1rifpl2lzswi4ga6l744y3v0ck9-eon-0.1.0/bin/eon run -- /usr/bin/python3 /home/lucca/.local/state/eon/proofs/eon-zlf-20260908/child.py /home/lucca/.local/state/eon/proofs/eon-zlf-20260908/runs/matrix-04-eon-unicode unicode ,30,120,1224,573,,3892,2042,292,292,1750,0,1896,0,1704,292,3892,292,0,0,0,0,0,0,0,0,0,0,1996
matrix-04-eon-unicode,eon,unicode,1788891196.8448067,2009633,2009629,16424738,venus,/nix/store/37v7m8kb88fgs4lgwk7ajcbf9hjb8pn7-yazelix-venus-0.1.0/bin/.yazelix-venus-wrapped,.yazelix-venus-,/nix/store/37v7m8kb88fgs4lgwk7ajcbf9hjb8pn7-yazelix-venus-0.1.0/bin/yazelix-venus --no-decorations --application-id eon --background-opacity 1 --font-family DejaVu Sans Mono --font-size 16 --line-height 1.125 --columns 118 --rows 30 --workspace /tmp/ezlf-k0t55dd8/eon/generations/g1-89197ef167524f65290419c34b3a6b70/eon.sock ,30,120,1224,573,,98460,81128,43451,43436,37663,29,30396,24,24600,43440,98460,43436,0,0,0,0,0,0,0,0,0,0,68040
matrix-04-eon-unicode,eon,unicode,1788891196.8448067,2009731,2009629,16424760,orbit,/nix/store/mi0x8hjx6ys0dwhq13dnwhh5qnl0n0nf-yazelix-orbit-0.1.0/bin/yazelix-orbit,yazelix-orbit,"/nix/store/mi0x8hjx6ys0dwhq13dnwhh5qnl0n0nf-yazelix-orbit-0.1.0/bin/yazelix-orbit serve /tmp/ezlf-k0t55dd8/eon/generations/g1-89197ef167524f65290419c34b3a6b70/orbit.sock --management-v1 session-1 2009629-1788891192574952810-1 91999d79546422b49bdbc124166a65859d0bd872 --ansi-palette-v1 000000,cd0000,00cd00,cdcd00,1093f5,cd00cd,00cdcd,faebd7,404040,ff0000,00ff00,ffff00,11b5f6,ff00ff,00ffff,ffffff -- /usr/bin/python3 /home/lucca/.local/state/eon/proofs/eon-zlf-20260908/child.py /home/lucca/.local/state/eon/proofs/eon-zlf-20260908/runs/matrix-04-eon-unicode unicode ",30,120,1224,573,,20532,17862,16728,16728,1134,0,3012,0,792,16728,20532,16728,0,0,0,0,0,0,0,0,0,0,17520
matrix-04-eon-unicode,eon,unicode,1788891196.8448067,2009732,2009731,16424760,child,/usr/bin/python3.12,python3,/usr/bin/python3 /home/lucca/.local/state/eon/proofs/eon-zlf-20260908/child.py /home/lucca/.local/state/eon/proofs/eon-zlf-20260908/runs/matrix-04-eon-unicode unicode ,30,120,1224,573,,11896,6765,5048,5048,1717,0,6820,0,28,5048,11896,5048,0,0,0,0,0,0,0,0,0,0,5076
matrix-04-eonterm-empty,eonterm,empty,1788891139.2339003,1992135,1964404,16419028,supervisor,/nix/store/95x87mc3gdc22fvk920dz6jg6mfr3qxs-eonterm-0.1.0/bin/.eonterm-wrapped,.eonterm-wrappe,/nix/store/95x87mc3gdc22fvk920dz6jg6mfr3qxs-eonterm-0.1.0/bin/eonterm -- /usr/bin/python3 /home/lucca/.local/state/eon/proofs/eon-zlf-20260908/child.py /home/lucca/.local/state/eon/proofs/eon-zlf-20260908/runs/matrix-04-eonterm-empty empty ,30,120,1224,564,,3840,1990,288,288,1702,0,1896,0,1656,288,3840,288,0,0,0,0,0,0,0,0,0,0,1944
matrix-04-eonterm-empty,eonterm,empty,1788891139.2339003,1992139,1992135,16419029,venus,/nix/store/37v7m8kb88fgs4lgwk7ajcbf9hjb8pn7-yazelix-venus-0.1.0/bin/.yazelix-venus-wrapped,.yazelix-venus-,/nix/store/37v7m8kb88fgs4lgwk7ajcbf9hjb8pn7-yazelix-venus-0.1.0/bin/yazelix-venus --application-id eonterm --background-opacity 1 --font-family DejaVu Sans Mono --font-size 16 --line-height 1.125 --columns 120 --rows 30 /tmp/ezlf-k7kd491a/eonterm/generations/g1-89197ef167524f65290419c34b3a6b70/orbit.sock ,30,120,1224,564,,86496,68968,31179,31164,37774,29,30612,24,24692,31168,86496,31164,0,0,0,0,0,0,0,0,0,0,55860
matrix-04-eonterm-empty,eonterm,empty,1788891139.2339003,1992196,1992135,16419043,orbit,/nix/store/mi0x8hjx6ys0dwhq13dnwhh5qnl0n0nf-yazelix-orbit-0.1.0/bin/yazelix-orbit,yazelix-orbit,"/nix/store/mi0x8hjx6ys0dwhq13dnwhh5qnl0n0nf-yazelix-orbit-0.1.0/bin/yazelix-orbit serve /tmp/ezlf-k7kd491a/eonterm/generations/g1-89197ef167524f65290419c34b3a6b70/orbit.sock --management-v1 session-1 1992135-1788891135405915497-0 91999d79546422b49bdbc124166a65859d0bd872 --ansi-palette-v1 000000,cd0000,00cd00,cdcd00,1093f5,cd00cd,00cdcd,faebd7,404040,ff0000,00ff00,ffff00,11b5f6,ff00ff,00ffff,ffffff -- /usr/bin/python3 /home/lucca/.local/state/eon/proofs/eon-zlf-20260908/child.py /home/lucca/.local/state/eon/proofs/eon-zlf-20260908/runs/matrix-04-eonterm-empty empty ",30,120,1224,564,,4452,1793,648,648,1145,0,3004,0,800,648,4452,648,0,0,0,0,0,0,0,0,0,0,1448
matrix-04-eonterm-empty,eonterm,empty,1788891139.2339003,1992197,1992196,16419043,child,/usr/bin/python3.12,python3,/usr/bin/python3 /home/lucca/.local/state/eon/proofs/eon-zlf-20260908/child.py /home/lucca/.local/state/eon/proofs/eon-zlf-20260908/runs/matrix-04-eonterm-empty empty ,30,120,1224,564,,11888,6749,5040,5040,1709,0,6824,0,24,5040,11888,5040,0,0,0,0,0,0,0,0,0,0,5064
matrix-04-eonterm-mixed,eonterm,mixed,1788891103.655973,1981175,1964404,16415436,supervisor,/nix/store/95x87mc3gdc22fvk920dz6jg6mfr3qxs-eonterm-0.1.0/bin/.eonterm-wrapped,.eonterm-wrappe,/nix/store/95x87mc3gdc22fvk920dz6jg6mfr3qxs-eonterm-0.1.0/bin/eonterm -- /usr/bin/python3 /home/lucca/.local/state/eon/proofs/eon-zlf-20260908/child.py /home/lucca/.local/state/eon/proofs/eon-zlf-20260908/runs/matrix-04-eonterm-mixed mixed ,30,120,1224,564,,3872,2023,288,288,1735,0,1896,0,1688,288,3872,288,0,0,0,0,0,0,0,0,0,0,1976
matrix-04-eonterm-mixed,eonterm,mixed,1788891103.655973,1981176,1981175,16415436,venus,/nix/store/37v7m8kb88fgs4lgwk7ajcbf9hjb8pn7-yazelix-venus-0.1.0/bin/.yazelix-venus-wrapped,.yazelix-venus-,/nix/store/37v7m8kb88fgs4lgwk7ajcbf9hjb8pn7-yazelix-venus-0.1.0/bin/yazelix-venus --application-id eonterm --background-opacity 1 --font-family DejaVu Sans Mono --font-size 16 --line-height 1.125 --columns 120 --rows 30 /tmp/ezlf-b8owrh1f/eonterm/generations/g1-89197ef167524f65290419c34b3a6b70/orbit.sock ,30,120,1224,564,,98648,81128,43148,43136,37962,30,30604,24,24884,43136,98648,43136,0,0,0,0,0,0,0,0,0,0,68020
matrix-04-eonterm-mixed,eonterm,mixed,1788891103.655973,1981252,1981175,16415451,orbit,/nix/store/mi0x8hjx6ys0dwhq13dnwhh5qnl0n0nf-yazelix-orbit-0.1.0/bin/yazelix-orbit,yazelix-orbit,"/nix/store/mi0x8hjx6ys0dwhq13dnwhh5qnl0n0nf-yazelix-orbit-0.1.0/bin/yazelix-orbit serve /tmp/ezlf-b8owrh1f/eonterm/generations/g1-89197ef167524f65290419c34b3a6b70/orbit.sock --management-v1 session-1 1981175-1788891099485328231-0 91999d79546422b49bdbc124166a65859d0bd872 --ansi-palette-v1 000000,cd0000,00cd00,cdcd00,1093f5,cd00cd,00cdcd,faebd7,404040,ff0000,00ff00,ffff00,11b5f6,ff00ff,00ffff,ffffff -- /usr/bin/python3 /home/lucca/.local/state/eon/proofs/eon-zlf-20260908/child.py /home/lucca/.local/state/eon/proofs/eon-zlf-20260908/runs/matrix-04-eonterm-mixed mixed ",30,120,1224,564,,19484,16812,15560,15560,1252,0,3028,0,896,15560,19484,15560,0,0,0,0,0,0,0,0,0,0,16456
matrix-04-eonterm-mixed,eonterm,mixed,1788891103.655973,1981253,1981252,16415451,child,/usr/bin/python3.12,python3,/usr/bin/python3 /home/lucca/.local/state/eon/proofs/eon-zlf-20260908/child.py /home/lucca/.local/state/eon/proofs/eon-zlf-20260908/runs/matrix-04-eonterm-mixed mixed ,30,120,1224,564,,11900,6748,5040,5040,1708,0,6836,0,24,5040,11900,5040,0,0,0,0,0,0,0,0,0,0,5064
matrix-04-eonterm-plain,eonterm,plain,1788891156.8292744,1997383,1964404,16420758,supervisor,/nix/store/95x87mc3gdc22fvk920dz6jg6mfr3qxs-eonterm-0.1.0/bin/.eonterm-wrapped,.eonterm-wrappe,/nix/store/95x87mc3gdc22fvk920dz6jg6mfr3qxs-eonterm-0.1.0/bin/eonterm -- /usr/bin/python3 /home/lucca/.local/state/eon/proofs/eon-zlf-20260908/child.py /home/lucca/.local/state/eon/proofs/eon-zlf-20260908/runs/matrix-04-eonterm-plain plain ,30,120,1224,564,,3852,2008,284,284,1724,0,1892,0,1676,284,3852,284,0,0,0,0,0,0,0,0,0,0,1960
matrix-04-eonterm-plain,eonterm,plain,1788891156.8292744,1997386,1997383,16420759,venus,/nix/store/37v7m8kb88fgs4lgwk7ajcbf9hjb8pn7-yazelix-venus-0.1.0/bin/.yazelix-venus-wrapped,.yazelix-venus-,/nix/store/37v7m8kb88fgs4lgwk7ajcbf9hjb8pn7-yazelix-venus-0.1.0/bin/yazelix-venus --application-id eonterm --background-opacity 1 --font-family DejaVu Sans Mono --font-size 16 --line-height 1.125 --columns 120 --rows 30 /tmp/ezlf-hk1mz3gc/eonterm/generations/g1-89197ef167524f65290419c34b3a6b70/orbit.sock ,30,120,1224,564,,98240,80704,42983,42968,37707,29,30620,24,24624,42972,98240,42968,0,0,0,0,0,0,0,0,0,0,67596
matrix-04-eonterm-plain,eonterm,plain,1788891156.8292744,1997444,1997383,16420774,orbit,/nix/store/mi0x8hjx6ys0dwhq13dnwhh5qnl0n0nf-yazelix-orbit-0.1.0/bin/yazelix-orbit,yazelix-orbit,"/nix/store/mi0x8hjx6ys0dwhq13dnwhh5qnl0n0nf-yazelix-orbit-0.1.0/bin/yazelix-orbit serve /tmp/ezlf-hk1mz3gc/eonterm/generations/g1-89197ef167524f65290419c34b3a6b70/orbit.sock --management-v1 session-1 1997383-1788891152711720511-0 91999d79546422b49bdbc124166a65859d0bd872 --ansi-palette-v1 000000,cd0000,00cd00,cdcd00,1093f5,cd00cd,00cdcd,faebd7,404040,ff0000,00ff00,ffff00,11b5f6,ff00ff,00ffff,ffffff -- /usr/bin/python3 /home/lucca/.local/state/eon/proofs/eon-zlf-20260908/child.py /home/lucca/.local/state/eon/proofs/eon-zlf-20260908/runs/matrix-04-eonterm-plain plain ",30,120,1224,564,,14412,11716,10484,10484,1232,0,3056,0,872,10484,14412,10484,0,0,0,0,0,0,0,0,0,0,11356
matrix-04-eonterm-plain,eonterm,plain,1788891156.8292744,1997445,1997444,16420774,child,/usr/bin/python3.12,python3,/usr/bin/python3 /home/lucca/.local/state/eon/proofs/eon-zlf-20260908/child.py /home/lucca/.local/state/eon/proofs/eon-zlf-20260908/runs/matrix-04-eonterm-plain plain ,30,120,1224,564,,11880,6742,5036,5036,1706,0,6820,0,24,5036,11880,5036,0,0,0,0,0,0,0,0,0,0,5060
matrix-04-eonterm-screen,eonterm,screen,1788891174.385024,2002807,1964404,16422538,supervisor,/nix/store/95x87mc3gdc22fvk920dz6jg6mfr3qxs-eonterm-0.1.0/bin/.eonterm-wrapped,.eonterm-wrappe,/nix/store/95x87mc3gdc22fvk920dz6jg6mfr3qxs-eonterm-0.1.0/bin/eonterm -- /usr/bin/python3 /home/lucca/.local/state/eon/proofs/eon-zlf-20260908/child.py /home/lucca/.local/state/eon/proofs/eon-zlf-20260908/runs/matrix-04-eonterm-screen screen ,30,120,1224,564,,3808,1958,288,288,1670,0,1896,0,1624,288,3808,288,0,0,0,0,0,0,0,0,0,0,1912
matrix-04-eonterm-screen,eonterm,screen,1788891174.385024,2002808,2002807,16422538,venus,/nix/store/37v7m8kb88fgs4lgwk7ajcbf9hjb8pn7-yazelix-venus-0.1.0/bin/.yazelix-venus-wrapped,.yazelix-venus-,/nix/store/37v7m8kb88fgs4lgwk7ajcbf9hjb8pn7-yazelix-venus-0.1.0/bin/yazelix-venus --application-id eonterm --background-opacity 1 --font-family DejaVu Sans Mono --font-size 16 --line-height 1.125 --columns 120 --rows 30 /tmp/ezlf-j6nhb9ox/eonterm/generations/g1-89197ef167524f65290419c34b3a6b70/orbit.sock ,30,120,1224,564,,97388,79852,42151,42136,37687,29,30624,24,24600,42140,97388,42136,0,0,0,0,0,0,0,0,0,0,66740
matrix-04-eonterm-screen,eonterm,screen,1788891174.385024,2002872,2002807,16422554,orbit,/nix/store/mi0x8hjx6ys0dwhq13dnwhh5qnl0n0nf-yazelix-orbit-0.1.0/bin/yazelix-orbit,yazelix-orbit,"/nix/store/mi0x8hjx6ys0dwhq13dnwhh5qnl0n0nf-yazelix-orbit-0.1.0/bin/yazelix-orbit serve /tmp/ezlf-j6nhb9ox/eonterm/generations/g1-89197ef167524f65290419c34b3a6b70/orbit.sock --management-v1 session-1 2002807-1788891170512548630-0 91999d79546422b49bdbc124166a65859d0bd872 --ansi-palette-v1 000000,cd0000,00cd00,cdcd00,1093f5,cd00cd,00cdcd,faebd7,404040,ff0000,00ff00,ffff00,11b5f6,ff00ff,00ffff,ffffff -- /usr/bin/python3 /home/lucca/.local/state/eon/proofs/eon-zlf-20260908/child.py /home/lucca/.local/state/eon/proofs/eon-zlf-20260908/runs/matrix-04-eonterm-screen screen ",30,120,1224,564,,4472,1818,656,656,1162,0,2996,0,820,656,4472,656,0,0,0,0,0,0,0,0,0,0,1476
matrix-04-eonterm-screen,eonterm,screen,1788891174.385024,2002873,2002872,16422554,child,/usr/bin/python3.12,python3,/usr/bin/python3 /home/lucca/.local/state/eon/proofs/eon-zlf-20260908/child.py /home/lucca/.local/state/eon/proofs/eon-zlf-20260908/runs/matrix-04-eonterm-screen screen ,30,120,1224,564,,11880,6747,5040,5040,1707,0,6816,0,24,5040,11880,5040,0,0,0,0,0,0,0,0,0,0,5064
matrix-04-eonterm-styled,eonterm,styled,1788891135.1096053,1990861,1964404,16418596,supervisor,/nix/store/95x87mc3gdc22fvk920dz6jg6mfr3qxs-eonterm-0.1.0/bin/.eonterm-wrapped,.eonterm-wrappe,/nix/store/95x87mc3gdc22fvk920dz6jg6mfr3qxs-eonterm-0.1.0/bin/eonterm -- /usr/bin/python3 /home/lucca/.local/state/eon/proofs/eon-zlf-20260908/child.py /home/lucca/.local/state/eon/proofs/eon-zlf-20260908/runs/matrix-04-eonterm-styled styled ,30,120,1224,564,,3872,2021,288,288,1733,0,1896,0,1688,288,3872,288,0,0,0,0,0,0,0,0,0,0,1976
matrix-04-eonterm-styled,eonterm,styled,1788891135.1096053,1990865,1990861,16418597,venus,/nix/store/37v7m8kb88fgs4lgwk7ajcbf9hjb8pn7-yazelix-venus-0.1.0/bin/.yazelix-venus-wrapped,.yazelix-venus-,/nix/store/37v7m8kb88fgs4lgwk7ajcbf9hjb8pn7-yazelix-venus-0.1.0/bin/yazelix-venus --application-id eonterm --background-opacity 1 --font-family DejaVu Sans Mono --font-size 16 --line-height 1.125 --columns 120 --rows 30 /tmp/ezlf-i1m962pq/eonterm/generations/g1-89197ef167524f65290419c34b3a6b70/orbit.sock ,30,120,1224,564,,98428,80916,42936,42920,37966,30,30588,24,24892,42924,98428,42920,0,0,0,0,0,0,0,0,0,0,67816
matrix-04-eonterm-styled,eonterm,styled,1788891135.1096053,1990921,1990861,16418610,orbit,/nix/store/mi0x8hjx6ys0dwhq13dnwhh5qnl0n0nf-yazelix-orbit-0.1.0/bin/yazelix-orbit,yazelix-orbit,"/nix/store/mi0x8hjx6ys0dwhq13dnwhh5qnl0n0nf-yazelix-orbit-0.1.0/bin/yazelix-orbit serve /tmp/ezlf-i1m962pq/eonterm/generations/g1-89197ef167524f65290419c34b3a6b70/orbit.sock --management-v1 session-1 1990861-1788891131078082324-0 91999d79546422b49bdbc124166a65859d0bd872 --ansi-palette-v1 000000,cd0000,00cd00,cdcd00,1093f5,cd00cd,00cdcd,faebd7,404040,ff0000,00ff00,ffff00,11b5f6,ff00ff,00ffff,ffffff -- /usr/bin/python3 /home/lucca/.local/state/eon/proofs/eon-zlf-20260908/child.py /home/lucca/.local/state/eon/proofs/eon-zlf-20260908/runs/matrix-04-eonterm-styled styled ",30,120,1224,564,,14588,11932,10788,10788,1144,0,3000,0,800,10788,14588,10788,0,0,0,0,0,0,0,0,0,0,11588
matrix-04-eonterm-styled,eonterm,styled,1788891135.1096053,1990923,1990921,16418611,child,/usr/bin/python3.12,python3,/usr/bin/python3 /home/lucca/.local/state/eon/proofs/eon-zlf-20260908/child.py /home/lucca/.local/state/eon/proofs/eon-zlf-20260908/runs/matrix-04-eonterm-styled styled ,30,120,1224,564,,11928,6751,5044,5044,1707,0,6860,0,24,5044,11928,5044,0,0,0,0,0,0,0,0,0,0,5068
matrix-04-eonterm-unicode,eonterm,unicode,1788891192.2437394,2008201,1964404,16424274,supervisor,/nix/store/95x87mc3gdc22fvk920dz6jg6mfr3qxs-eonterm-0.1.0/bin/.eonterm-wrapped,.eonterm-wrappe,/nix/store/95x87mc3gdc22fvk920dz6jg6mfr3qxs-eonterm-0.1.0/bin/eonterm -- /usr/bin/python3 /home/lucca/.local/state/eon/proofs/eon-zlf-20260908/child.py /home/lucca/.local/state/eon/proofs/eon-zlf-20260908/runs/matrix-04-eonterm-unicode unicode ,30,120,1224,564,,3872,2022,288,288,1734,0,1896,0,1688,288,3872,288,0,0,0,0,0,0,0,0,0,0,1976
matrix-04-eonterm-unicode,eonterm,unicode,1788891192.2437394,2008204,2008201,16424275,venus,/nix/store/37v7m8kb88fgs4lgwk7ajcbf9hjb8pn7-yazelix-venus-0.1.0/bin/.yazelix-venus-wrapped,.yazelix-venus-,/nix/store/37v7m8kb88fgs4lgwk7ajcbf9hjb8pn7-yazelix-venus-0.1.0/bin/yazelix-venus --application-id eonterm --background-opacity 1 --font-family DejaVu Sans Mono --font-size 16 --line-height 1.125 --columns 120 --rows 30 /tmp/ezlf-a37fn2bn/eonterm/generations/g1-89197ef167524f65290419c34b3a6b70/orbit.sock ,30,120,1224,564,,98544,81027,43267,43252,37746,29,30596,24,24668,43256,98544,43252,0,0,0,0,0,0,0,0,0,0,67924
matrix-04-eonterm-unicode,eonterm,unicode,1788891192.2437394,2008261,2008201,16424290,orbit,/nix/store/mi0x8hjx6ys0dwhq13dnwhh5qnl0n0nf-yazelix-orbit-0.1.0/bin/yazelix-orbit,yazelix-orbit,"/nix/store/mi0x8hjx6ys0dwhq13dnwhh5qnl0n0nf-yazelix-orbit-0.1.0/bin/yazelix-orbit serve /tmp/ezlf-a37fn2bn/eonterm/generations/g1-89197ef167524f65290419c34b3a6b70/orbit.sock --management-v1 session-1 2008201-1788891187872825374-0 91999d79546422b49bdbc124166a65859d0bd872 --ansi-palette-v1 000000,cd0000,00cd00,cdcd00,1093f5,cd00cd,00cdcd,faebd7,404040,ff0000,00ff00,ffff00,11b5f6,ff00ff,00ffff,ffffff -- /usr/bin/python3 /home/lucca/.local/state/eon/proofs/eon-zlf-20260908/child.py /home/lucca/.local/state/eon/proofs/eon-zlf-20260908/runs/matrix-04-eonterm-unicode unicode ",30,120,1224,564,,20632,17939,16700,16700,1239,0,3052,0,880,16700,20632,16700,0,0,0,0,0,0,0,0,0,0,17580
matrix-04-eonterm-unicode,eonterm,unicode,1788891192.2437394,2008263,2008261,16424290,child,/usr/bin/python3.12,python3,/usr/bin/python3 /home/lucca/.local/state/eon/proofs/eon-zlf-20260908/child.py /home/lucca/.local/state/eon/proofs/eon-zlf-20260908/runs/matrix-04-eonterm-unicode unicode ,30,120,1224,564,,11900,6754,5044,5044,1710,0,6832,0,24,5044,11900,5044,0,0,0,0,0,0,0,0,0,0,5068
matrix-04-foot-empty,foot,empty,1788891142.9805977,1993379,1964404,16419439,terminal,/usr/bin/foot,foot,/usr/bin/foot -c /home/lucca/.local/state/eon/proofs/eon-zlf-20260908/runs/matrix-04-foot-empty/foot.ini -T eon-zlf benchmark --app-id=eon-zlf-foot /usr/bin/python3 /home/lucca/.local/state/eon/proofs/eon-zlf-20260908/child.py /home/lucca/.local/state/eon/proofs/eon-zlf-20260908/runs/matrix-04-foot-empty empty ,30,120,1200,540,,18944,11573,8742,4760,2831,3982,6728,2660,2144,7412,18944,4760,0,0,0,0,0,0,0,0,0,0,9556
matrix-04-foot-empty,foot,empty,1788891142.9805977,1993388,1993379,16419441,child,/usr/bin/python3.12,python3,/usr/bin/python3 /home/lucca/.local/state/eon/proofs/eon-zlf-20260908/child.py /home/lucca/.local/state/eon/proofs/eon-zlf-20260908/runs/matrix-04-foot-empty empty ,30,120,1200,540,,11932,6747,5044,5044,1703,0,6864,0,24,5044,11932,5044,0,0,0,0,0,0,0,0,0,0,5068
matrix-04-foot-mixed,foot,mixed,1788891117.2426722,1985528,1964404,16416860,terminal,/usr/bin/foot,foot,/usr/bin/foot -c /home/lucca/.local/state/eon/proofs/eon-zlf-20260908/runs/matrix-04-foot-mixed/foot.ini -T eon-zlf benchmark --app-id=eon-zlf-foot /usr/bin/python3 /home/lucca/.local/state/eon/proofs/eon-zlf-20260908/child.py /home/lucca/.local/state/eon/proofs/eon-zlf-20260908/runs/matrix-04-foot-mixed mixed ,30,120,1200,540,,34064,26643,23678,19696,2965,3982,6812,2660,2244,22348,34064,19696,0,0,0,0,0,0,0,0,0,0,24592
matrix-04-foot-mixed,foot,mixed,1788891117.2426722,1985538,1985528,16416862,child,/usr/bin/python3.12,python3,/usr/bin/python3 /home/lucca/.local/state/eon/proofs/eon-zlf-20260908/child.py /home/lucca/.local/state/eon/proofs/eon-zlf-20260908/runs/matrix-04-foot-mixed mixed ,30,120,1200,540,,11928,6745,5040,5040,1705,0,6864,0,24,5040,11928,5040,0,0,0,0,0,0,0,0,0,0,5064
matrix-04-foot-plain,foot,plain,1788891170.276601,2001694,1964404,16422163,terminal,/usr/bin/foot,foot,/usr/bin/foot -c /home/lucca/.local/state/eon/proofs/eon-zlf-20260908/runs/matrix-04-foot-plain/foot.ini -T eon-zlf benchmark --app-id=eon-zlf-foot /usr/bin/python3 /home/lucca/.local/state/eon/proofs/eon-zlf-20260908/child.py /home/lucca/.local/state/eon/proofs/eon-zlf-20260908/runs/matrix-04-foot-plain plain ,30,120,1200,540,,33656,25083,22216,19436,2867,2780,6740,5064,2168,19684,33656,19436,0,0,0,0,0,0,0,0,0,0,21852
matrix-04-foot-plain,foot,plain,1788891170.276601,2001704,2001694,16422165,child,/usr/bin/python3.12,python3,/usr/bin/python3 /home/lucca/.local/state/eon/proofs/eon-zlf-20260908/child.py /home/lucca/.local/state/eon/proofs/eon-zlf-20260908/runs/matrix-04-foot-plain plain ,30,120,1200,540,,11888,6753,5044,5044,1709,0,6816,0,28,5044,11888,5044,0,0,0,0,0,0,0,0,0,0,5072
matrix-04-foot-screen,foot,screen,1788891187.5877848,2007034,1964404,16423900,terminal,/usr/bin/foot,foot,/usr/bin/foot -c /home/lucca/.local/state/eon/proofs/eon-zlf-20260908/runs/matrix-04-foot-screen/foot.ini -T eon-zlf benchmark --app-id=eon-zlf-foot /usr/bin/python3 /home/lucca/.local/state/eon/proofs/eon-zlf-20260908/child.py /home/lucca/.local/state/eon/proofs/eon-zlf-20260908/runs/matrix-04-foot-screen screen ,30,120,1200,540,,19508,12027,9084,5152,2943,3932,6824,2760,2220,7704,19508,5152,0,0,0,0,0,0,0,0,0,0,9924
matrix-04-foot-screen,foot,screen,1788891187.5877848,2007043,2007034,16423902,child,/usr/bin/python3.12,python3,/usr/bin/python3 /home/lucca/.local/state/eon/proofs/eon-zlf-20260908/child.py /home/lucca/.local/state/eon/proofs/eon-zlf-20260908/runs/matrix-04-foot-screen screen ,30,120,1200,540,,11900,6749,5044,5044,1705,0,6832,0,24,5044,11900,5044,0,0,0,0,0,0,0,0,0,0,5068
matrix-04-foot-styled,foot,styled,1788891121.0340774,1986696,1964404,16417240,terminal,/usr/bin/foot,foot,/usr/bin/foot -c /home/lucca/.local/state/eon/proofs/eon-zlf-20260908/runs/matrix-04-foot-styled/foot.ini -T eon-zlf benchmark --app-id=eon-zlf-foot /usr/bin/python3 /home/lucca/.local/state/eon/proofs/eon-zlf-20260908/child.py /home/lucca/.local/state/eon/proofs/eon-zlf-20260908/runs/matrix-04-foot-styled styled ,30,120,1200,540,,33872,26325,23468,19536,2857,3932,6900,2760,2124,22088,33872,19536,0,0,0,0,0,0,0,0,0,0,24212
matrix-04-foot-styled,foot,styled,1788891121.0340774,1986710,1986696,16417244,child,/usr/bin/python3.12,python3,/usr/bin/python3 /home/lucca/.local/state/eon/proofs/eon-zlf-20260908/child.py /home/lucca/.local/state/eon/proofs/eon-zlf-20260908/runs/matrix-04-foot-styled styled ,30,120,1200,540,,11888,6750,5048,5048,1702,0,6816,0,24,5048,11888,5048,0,0,0,0,0,0,0,0,0,0,5072
matrix-04-foot-unicode,foot,unicode,1788891200.6887438,2011035,1964404,16425203,terminal,/usr/bin/foot,foot,/usr/bin/foot -c /home/lucca/.local/state/eon/proofs/eon-zlf-20260908/runs/matrix-04-foot-unicode/foot.ini -T eon-zlf benchmark --app-id=eon-zlf-foot /usr/bin/python3 /home/lucca/.local/state/eon/proofs/eon-zlf-20260908/child.py /home/lucca/.local/state/eon/proofs/eon-zlf-20260908/runs/matrix-04-foot-unicode unicode ,30,120,1200,540,,33972,25367,22332,19552,3035,2780,6772,5064,2336,19800,33972,19552,0,0,0,0,0,0,0,0,0,0,22136
matrix-04-foot-unicode,foot,unicode,1788891200.6887438,2011044,2011035,16425205,child,/usr/bin/python3.12,python3,/usr/bin/python3 /home/lucca/.local/state/eon/proofs/eon-zlf-20260908/child.py /home/lucca/.local/state/eon/proofs/eon-zlf-20260908/runs/matrix-04-foot-unicode unicode ,30,120,1200,540,,11892,6750,5044,5044,1706,0,6824,0,24,5044,11892,5044,0,0,0,0,0,0,0,0,0,0,5068
matrix-04-ghostty-empty,ghostty,empty,1788891148.2437325,1994504,1964404,16419813,terminal,/snap/ghostty/820/bin/ghostty,ghostty,/snap/ghostty/820/bin/ghostty --config-default-files=false --gtk-single-instance=false --font-family=DejaVu Sans Mono --font-size=12 --adjust-cell-height=-1 --window-width=121 --window-height=33 --scrollback-limit=16777216 --background-opacity=1 --background-blur=false --window-save-state=never --title=eon-zlf benchmark --class=com.mitchellh.ghostty.eonzlf -e /usr/bin/python3 /home/lucca/.local/state/eon/proofs/eon-zlf-20260908/child.py /home/lucca/.local/state/eon/proofs/eon-zlf-20260908/runs/matrix-04-ghostty-empty empty ,30,120,1206,544,,189440,186990,82753,80792,106177,21,2856,12,103824,82748,189440,80792,0,0,0,0,0,0,0,0,0,0,186572
matrix-04-ghostty-empty,ghostty,empty,1788891148.2437325,1995055,1994504,16419963,child,/usr/bin/python3.12,python3,/usr/bin/python3 /home/lucca/.local/state/eon/proofs/eon-zlf-20260908/child.py /home/lucca/.local/state/eon/proofs/eon-zlf-20260908/runs/matrix-04-ghostty-empty empty ,30,120,1206,544,,11880,6746,5044,5044,1702,0,6812,0,24,5044,11880,5044,0,0,0,0,0,0,0,0,0,0,5068
matrix-04-ghostty-mixed,ghostty,mixed,1788891108.9934871,1982607,1964404,16415879,terminal,/snap/ghostty/820/bin/ghostty,ghostty,/snap/ghostty/820/bin/ghostty --config-default-files=false --gtk-single-instance=false --font-family=DejaVu Sans Mono --font-size=12 --adjust-cell-height=-1 --window-width=121 --window-height=33 --scrollback-limit=16777216 --background-opacity=1 --background-blur=false --window-save-state=never --title=eon-zlf benchmark --class=com.mitchellh.ghostty.eonzlf -e /usr/bin/python3 /home/lucca/.local/state/eon/proofs/eon-zlf-20260908/child.py /home/lucca/.local/state/eon/proofs/eon-zlf-20260908/runs/matrix-04-ghostty-mixed mixed ,30,120,1206,544,,195244,192776,88257,86292,106463,21,2868,12,104112,88252,195244,86292,0,0,0,0,0,0,0,0,0,0,192364
matrix-04-ghostty-mixed,ghostty,mixed,1788891108.9934871,1983150,1982607,16416027,child,/usr/bin/python3.12,python3,/usr/bin/python3 /home/lucca/.local/state/eon/proofs/eon-zlf-20260908/child.py /home/lucca/.local/state/eon/proofs/eon-zlf-20260908/runs/matrix-04-ghostty-mixed mixed ,30,120,1206,544,,11848,6761,5044,5044,1717,0,6772,0,32,5044,11848,5044,0,0,0,0,0,0,0,0,0,0,5076
matrix-04-ghostty-plain,ghostty,plain,1788891166.4687753,2000055,1964404,16421637,terminal,/snap/ghostty/820/bin/ghostty,ghostty,/snap/ghostty/820/bin/ghostty --config-default-files=false --gtk-single-instance=false --font-family=DejaVu Sans Mono --font-size=12 --adjust-cell-height=-1 --window-width=121 --window-height=33 --scrollback-limit=16777216 --background-opacity=1 --background-blur=false --window-save-state=never --title=eon-zlf benchmark --class=com.mitchellh.ghostty.eonzlf -e /usr/bin/python3 /home/lucca/.local/state/eon/proofs/eon-zlf-20260908/child.py /home/lucca/.local/state/eon/proofs/eon-zlf-20260908/runs/matrix-04-ghostty-plain plain ,30,120,1206,544,,200876,198398,93573,91612,106765,21,2884,12,104412,93568,200876,91612,0,0,0,0,0,0,0,0,0,0,197980
matrix-04-ghostty-plain,ghostty,plain,1788891166.4687753,2000592,2000055,16421783,child,/usr/bin/python3.12,python3,/usr/bin/python3 /home/lucca/.local/state/eon/proofs/eon-zlf-20260908/child.py /home/lucca/.local/state/eon/proofs/eon-zlf-20260908/runs/matrix-04-ghostty-plain plain ,30,120,1206,544,,11892,6764,5048,5048,1716,0,6812,0,32,5048,11892,5048,0,0,0,0,0,0,0,0,0,0,5080
matrix-04-ghostty-screen,ghostty,screen,1788891179.657281,2004084,1964404,16422956,terminal,/snap/ghostty/820/bin/ghostty,ghostty,/snap/ghostty/820/bin/ghostty --config-default-files=false --gtk-single-instance=false --font-family=DejaVu Sans Mono --font-size=12 --adjust-cell-height=-1 --window-width=121 --window-height=33 --scrollback-limit=16777216 --background-opacity=1 --background-blur=false --window-save-state=never --title=eon-zlf benchmark --class=com.mitchellh.ghostty.eonzlf -e /usr/bin/python3 /home/lucca/.local/state/eon/proofs/eon-zlf-20260908/child.py /home/lucca/.local/state/eon/proofs/eon-zlf-20260908/runs/matrix-04-ghostty-screen screen ,30,120,1206,544,,190412,187936,82561,80600,107314,21,2880,12,104964,82556,190412,80600,0,0,0,0,0,0,0,0,0,0,187520
matrix-04-ghostty-screen,ghostty,screen,1788891179.657281,2004640,2004084,16423106,child,/usr/bin/python3.12,python3,/usr/bin/python3 /home/lucca/.local/state/eon/proofs/eon-zlf-20260908/child.py /home/lucca/.local/state/eon/proofs/eon-zlf-20260908/runs/matrix-04-ghostty-screen screen ,30,120,1206,544,,11884,6751,5048,5048,1703,0,6812,0,24,5048,11884,5048,0,0,0,0,0,0,0,0,0,0,5072
matrix-04-ghostty-styled,ghostty,styled,1788891130.8026912,1989185,1964404,16418065,terminal,/snap/ghostty/820/bin/ghostty,ghostty,/snap/ghostty/820/bin/ghostty --config-default-files=false --gtk-single-instance=false --font-family=DejaVu Sans Mono --font-size=12 --adjust-cell-height=-1 --window-width=121 --window-height=33 --scrollback-limit=16777216 --background-opacity=1 --background-blur=false --window-save-state=never --title=eon-zlf benchmark --class=com.mitchellh.ghostty.eonzlf -e /usr/bin/python3 /home/lucca/.local/state/eon/proofs/eon-zlf-20260908/child.py /home/lucca/.local/state/eon/proofs/eon-zlf-20260908/runs/matrix-04-ghostty-styled styled ,30,120,1206,544,,202240,199783,94645,92680,107082,21,2860,12,104728,94640,202240,92680,0,0,0,0,0,0,0,0,0,0,199368
matrix-04-ghostty-styled,ghostty,styled,1788891130.8026912,1989737,1989185,16418214,child,/usr/bin/python3.12,python3,/usr/bin/python3 /home/lucca/.local/state/eon/proofs/eon-zlf-20260908/child.py /home/lucca/.local/state/eon/proofs/eon-zlf-20260908/runs/matrix-04-ghostty-styled styled ,30,120,1206,544,,11916,6755,5048,5048,1707,0,6844,0,24,5048,11916,5048,0,0,0,0,0,0,0,0,0,0,5072
matrix-04-ghostty-unicode,ghostty,unicode,1788891206.1553113,2012206,1964404,16425581,terminal,/snap/ghostty/820/bin/ghostty,ghostty,/snap/ghostty/820/bin/ghostty --config-default-files=false --gtk-single-instance=false --font-family=DejaVu Sans Mono --font-size=12 --adjust-cell-height=-1 --window-width=121 --window-height=33 --scrollback-limit=16777216 --background-opacity=1 --background-blur=false --window-save-state=never --title=eon-zlf benchmark --class=com.mitchellh.ghostty.eonzlf -e /usr/bin/python3 /home/lucca/.local/state/eon/proofs/eon-zlf-20260908/child.py /home/lucca/.local/state/eon/proofs/eon-zlf-20260908/runs/matrix-04-ghostty-unicode unicode ,30,120,1206,544,,196440,193970,89177,87212,106736,21,2868,12,104388,89172,196440,87212,0,0,0,0,0,0,0,0,0,0,193560
matrix-04-ghostty-unicode,ghostty,unicode,1788891206.1553113,2012762,2012206,16425735,child,/usr/bin/python3.12,python3,/usr/bin/python3 /home/lucca/.local/state/eon/proofs/eon-zlf-20260908/child.py /home/lucca/.local/state/eon/proofs/eon-zlf-20260908/runs/matrix-04-ghostty-unicode unicode ,30,120,1206,544,,11912,6755,5044,5044,1711,0,6844,0,24,5044,11912,5044,0,0,0,0,0,0,0,0,0,0,5068
matrix-05-eon-empty,eon,empty,1788891210.5025656,2014080,1964404,16426131,supervisor,/nix/store/cig8r1rifpl2lzswi4ga6l744y3v0ck9-eon-0.1.0/bin/.eon-wrapped,.eon-wrapped,/nix/store/cig8r1rifpl2lzswi4ga6l744y3v0ck9-eon-0.1.0/bin/eon run -- /usr/bin/python3 /home/lucca/.local/state/eon/proofs/eon-zlf-20260908/child.py /home/lucca/.local/state/eon/proofs/eon-zlf-20260908/runs/matrix-05-eon-empty empty ,30,120,1224,573,,3864,2029,292,292,1737,0,1880,0,1692,292,3864,292,0,0,0,0,0,0,0,0,0,0,1984
matrix-05-eon-empty,eon,empty,1788891210.5025656,2014082,2014080,16426131,venus,/nix/store/37v7m8kb88fgs4lgwk7ajcbf9hjb8pn7-yazelix-venus-0.1.0/bin/.yazelix-venus-wrapped,.yazelix-venus-,/nix/store/37v7m8kb88fgs4lgwk7ajcbf9hjb8pn7-yazelix-venus-0.1.0/bin/yazelix-venus --no-decorations --application-id eon --background-opacity 1 --font-family DejaVu Sans Mono --font-size 16 --line-height 1.125 --columns 118 --rows 30 --workspace /tmp/ezlf-c_7wo7sr/eon/generations/g1-89197ef167524f65290419c34b3a6b70/eon.sock ,30,120,1224,573,,86420,69098,31327,31312,37756,29,30392,24,24688,31316,86420,31312,0,0,0,0,0,0,0,0,0,0,56004
matrix-05-eon-empty,eon,empty,1788891210.5025656,2014210,2014080,16426153,orbit,/nix/store/mi0x8hjx6ys0dwhq13dnwhh5qnl0n0nf-yazelix-orbit-0.1.0/bin/yazelix-orbit,yazelix-orbit,"/nix/store/mi0x8hjx6ys0dwhq13dnwhh5qnl0n0nf-yazelix-orbit-0.1.0/bin/yazelix-orbit serve /tmp/ezlf-c_7wo7sr/eon/generations/g1-89197ef167524f65290419c34b3a6b70/orbit.sock --management-v1 session-1 2014080-1788891206507604181-1 91999d79546422b49bdbc124166a65859d0bd872 --ansi-palette-v1 000000,cd0000,00cd00,cdcd00,1093f5,cd00cd,00cdcd,faebd7,404040,ff0000,00ff00,ffff00,11b5f6,ff00ff,00ffff,ffffff -- /usr/bin/python3 /home/lucca/.local/state/eon/proofs/eon-zlf-20260908/child.py /home/lucca/.local/state/eon/proofs/eon-zlf-20260908/runs/matrix-05-eon-empty empty ",30,120,1224,573,,4428,1787,688,688,1099,0,2972,0,768,688,4428,688,0,0,0,0,0,0,0,0,0,0,1456
matrix-05-eon-empty,eon,empty,1788891210.5025656,2014211,2014210,16426154,child,/usr/bin/python3.12,python3,/usr/bin/python3 /home/lucca/.local/state/eon/proofs/eon-zlf-20260908/child.py /home/lucca/.local/state/eon/proofs/eon-zlf-20260908/runs/matrix-05-eon-empty empty ,30,120,1224,573,,11880,6751,5044,5044,1707,0,6812,0,24,5044,11880,5044,0,0,0,0,0,0,0,0,0,0,5068
matrix-05-eon-mixed,eon,mixed,1788891274.6216967,2034960,1964404,16432539,supervisor,/nix/store/cig8r1rifpl2lzswi4ga6l744y3v0ck9-eon-0.1.0/bin/.eon-wrapped,.eon-wrapped,/nix/store/cig8r1rifpl2lzswi4ga6l744y3v0ck9-eon-0.1.0/bin/eon run -- /usr/bin/python3 /home/lucca/.local/state/eon/proofs/eon-zlf-20260908/child.py /home/lucca/.local/state/eon/proofs/eon-zlf-20260908/runs/matrix-05-eon-mixed mixed ,30,120,1224,573,,3872,2022,288,288,1734,0,1896,0,1688,288,3872,288,0,0,0,0,0,0,0,0,0,0,1976
matrix-05-eon-mixed,eon,mixed,1788891274.6216967,2034965,2034960,16432539,venus,/nix/store/37v7m8kb88fgs4lgwk7ajcbf9hjb8pn7-yazelix-venus-0.1.0/bin/.yazelix-venus-wrapped,.yazelix-venus-,/nix/store/37v7m8kb88fgs4lgwk7ajcbf9hjb8pn7-yazelix-venus-0.1.0/bin/yazelix-venus --no-decorations --application-id eon --background-opacity 1 --font-family DejaVu Sans Mono --font-size 16 --line-height 1.125 --columns 118 --rows 30 --workspace /tmp/ezlf-kiptoy0b/eon/generations/g1-89197ef167524f65290419c34b3a6b70/eon.sock ,30,120,1224,573,,98348,80993,43235,43220,37743,29,30436,24,24664,43224,98348,43220,0,0,0,0,0,0,0,0,0,0,67888
matrix-05-eon-mixed,eon,mixed,1788891274.6216967,2035119,2034960,16432560,orbit,/nix/store/mi0x8hjx6ys0dwhq13dnwhh5qnl0n0nf-yazelix-orbit-0.1.0/bin/yazelix-orbit,yazelix-orbit,"/nix/store/mi0x8hjx6ys0dwhq13dnwhh5qnl0n0nf-yazelix-orbit-0.1.0/bin/yazelix-orbit serve /tmp/ezlf-kiptoy0b/eon/generations/g1-89197ef167524f65290419c34b3a6b70/orbit.sock --management-v1 session-1 2034960-1788891270577626923-1 91999d79546422b49bdbc124166a65859d0bd872 --ansi-palette-v1 000000,cd0000,00cd00,cdcd00,1093f5,cd00cd,00cdcd,faebd7,404040,ff0000,00ff00,ffff00,11b5f6,ff00ff,00ffff,ffffff -- /usr/bin/python3 /home/lucca/.local/state/eon/proofs/eon-zlf-20260908/child.py /home/lucca/.local/state/eon/proofs/eon-zlf-20260908/runs/matrix-05-eon-mixed mixed ",30,120,1224,573,,19396,16726,15592,15592,1134,0,3012,0,792,15592,19396,15592,0,0,0,0,0,0,0,0,0,0,16384
matrix-05-eon-mixed,eon,mixed,1788891274.6216967,2035120,2035119,16432561,child,/usr/bin/python3.12,python3,/usr/bin/python3 /home/lucca/.local/state/eon/proofs/eon-zlf-20260908/child.py /home/lucca/.local/state/eon/proofs/eon-zlf-20260908/runs/matrix-05-eon-mixed mixed ,30,120,1224,573,,11864,6280,5040,5040,1240,0,6820,0,4,5040,11864,5040,0,0,0,0,0,0,0,0,0,0,5044
matrix-05-eon-plain,eon,plain,1788891255.8087375,2028933,1964404,16430662,supervisor,/nix/store/cig8r1rifpl2lzswi4ga6l744y3v0ck9-eon-0.1.0/bin/.eon-wrapped,.eon-wrapped,/nix/store/cig8r1rifpl2lzswi4ga6l744y3v0ck9-eon-0.1.0/bin/eon run -- /usr/bin/python3 /home/lucca/.local/state/eon/proofs/eon-zlf-20260908/child.py /home/lucca/.local/state/eon/proofs/eon-zlf-20260908/runs/matrix-05-eon-plain plain ,30,120,1224,573,,3876,2026,288,288,1738,0,1896,0,1692,288,3876,288,0,0,0,0,0,0,0,0,0,0,1980
matrix-05-eon-plain,eon,plain,1788891255.8087375,2028937,2028933,16430662,venus,/nix/store/37v7m8kb88fgs4lgwk7ajcbf9hjb8pn7-yazelix-venus-0.1.0/bin/.yazelix-venus-wrapped,.yazelix-venus-,/nix/store/37v7m8kb88fgs4lgwk7ajcbf9hjb8pn7-yazelix-venus-0.1.0/bin/yazelix-venus --no-decorations --application-id eon --background-opacity 1 --font-family DejaVu Sans Mono --font-size 16 --line-height 1.125 --columns 118 --rows 30 --workspace /tmp/ezlf-4ktog6e2/eon/generations/g1-89197ef167524f65290419c34b3a6b70/eon.sock ,30,120,1224,573,,98104,80799,43028,43012,37757,30,30364,24,24700,43016,98104,43012,0,0,0,0,0,0,0,0,0,0,67716
matrix-05-eon-plain,eon,plain,1788891255.8087375,2029032,2028933,16430684,orbit,/nix/store/mi0x8hjx6ys0dwhq13dnwhh5qnl0n0nf-yazelix-orbit-0.1.0/bin/yazelix-orbit,yazelix-orbit,"/nix/store/mi0x8hjx6ys0dwhq13dnwhh5qnl0n0nf-yazelix-orbit-0.1.0/bin/yazelix-orbit serve /tmp/ezlf-4ktog6e2/eon/generations/g1-89197ef167524f65290419c34b3a6b70/orbit.sock --management-v1 session-1 2028933-1788891251813930585-1 91999d79546422b49bdbc124166a65859d0bd872 --ansi-palette-v1 000000,cd0000,00cd00,cdcd00,1093f5,cd00cd,00cdcd,faebd7,404040,ff0000,00ff00,ffff00,11b5f6,ff00ff,00ffff,ffffff -- /usr/bin/python3 /home/lucca/.local/state/eon/proofs/eon-zlf-20260908/child.py /home/lucca/.local/state/eon/proofs/eon-zlf-20260908/runs/matrix-05-eon-plain plain ",30,120,1224,573,,14248,11603,10508,10508,1095,0,2976,0,764,10508,14248,10508,0,0,0,0,0,0,0,0,0,0,11272
matrix-05-eon-plain,eon,plain,1788891255.8087375,2029034,2029032,16430684,child,/usr/bin/python3.12,python3,/usr/bin/python3 /home/lucca/.local/state/eon/proofs/eon-zlf-20260908/child.py /home/lucca/.local/state/eon/proofs/eon-zlf-20260908/runs/matrix-05-eon-plain plain ,30,120,1224,573,,11896,6750,5044,5044,1706,0,6828,0,24,5044,11896,5044,0,0,0,0,0,0,0,0,0,0,5068
matrix-05-eon-screen,eon,screen,1788891301.1104648,2043933,1964404,16435212,supervisor,/nix/store/cig8r1rifpl2lzswi4ga6l744y3v0ck9-eon-0.1.0/bin/.eon-wrapped,.eon-wrapped,/nix/store/cig8r1rifpl2lzswi4ga6l744y3v0ck9-eon-0.1.0/bin/eon run -- /usr/bin/python3 /home/lucca/.local/state/eon/proofs/eon-zlf-20260908/child.py /home/lucca/.local/state/eon/proofs/eon-zlf-20260908/runs/matrix-05-eon-screen screen ,30,120,1224,573,,3868,2018,288,288,1730,0,1896,0,1684,288,3868,288,0,0,0,0,0,0,0,0,0,0,1972
matrix-05-eon-screen,eon,screen,1788891301.1104648,2043936,2043933,16435213,venus,/nix/store/37v7m8kb88fgs4lgwk7ajcbf9hjb8pn7-yazelix-venus-0.1.0/bin/.yazelix-venus-wrapped,.yazelix-venus-,/nix/store/37v7m8kb88fgs4lgwk7ajcbf9hjb8pn7-yazelix-venus-0.1.0/bin/yazelix-venus --no-decorations --application-id eon --background-opacity 1 --font-family DejaVu Sans Mono --font-size 16 --line-height 1.125 --columns 118 --rows 30 --workspace /tmp/ezlf-cmfewc53/eon/generations/g1-89197ef167524f65290419c34b3a6b70/eon.sock ,30,120,1224,573,,97376,80034,42199,42184,37821,29,30416,24,24748,42188,85360,42184,0,0,0,0,0,0,0,0,0,0,66936
matrix-05-eon-screen,eon,screen,1788891301.1104648,2044035,2043933,16435234,orbit,/nix/store/mi0x8hjx6ys0dwhq13dnwhh5qnl0n0nf-yazelix-orbit-0.1.0/bin/yazelix-orbit,yazelix-orbit,"/nix/store/mi0x8hjx6ys0dwhq13dnwhh5qnl0n0nf-yazelix-orbit-0.1.0/bin/yazelix-orbit serve /tmp/ezlf-cmfewc53/eon/generations/g1-89197ef167524f65290419c34b3a6b70/orbit.sock --management-v1 session-1 2043933-1788891297318578950-1 91999d79546422b49bdbc124166a65859d0bd872 --ansi-palette-v1 000000,cd0000,00cd00,cdcd00,1093f5,cd00cd,00cdcd,faebd7,404040,ff0000,00ff00,ffff00,11b5f6,ff00ff,00ffff,ffffff -- /usr/bin/python3 /home/lucca/.local/state/eon/proofs/eon-zlf-20260908/child.py /home/lucca/.local/state/eon/proofs/eon-zlf-20260908/runs/matrix-05-eon-screen screen ",30,120,1224,573,,4636,1948,704,704,1244,0,3044,0,888,704,4460,704,0,0,0,0,0,0,0,0,0,0,1592
matrix-05-eon-screen,eon,screen,1788891301.1104648,2044036,2044035,16435235,child,/usr/bin/python3.12,python3,/usr/bin/python3 /home/lucca/.local/state/eon/proofs/eon-zlf-20260908/child.py /home/lucca/.local/state/eon/proofs/eon-zlf-20260908/runs/matrix-05-eon-screen screen ,30,120,1224,573,,11904,6752,5044,5044,1708,0,6836,0,24,5044,11904,5044,0,0,0,0,0,0,0,0,0,0,5068
matrix-05-eon-styled,eon,styled,1788891296.8953226,2042551,1964404,16434766,supervisor,/nix/store/cig8r1rifpl2lzswi4ga6l744y3v0ck9-eon-0.1.0/bin/.eon-wrapped,.eon-wrapped,/nix/store/cig8r1rifpl2lzswi4ga6l744y3v0ck9-eon-0.1.0/bin/eon run -- /usr/bin/python3 /home/lucca/.local/state/eon/proofs/eon-zlf-20260908/child.py /home/lucca/.local/state/eon/proofs/eon-zlf-20260908/runs/matrix-05-eon-styled styled ,30,120,1224,573,,3892,2042,292,292,1750,0,1896,0,1704,292,3892,292,0,0,0,0,0,0,0,0,0,0,1996
matrix-05-eon-styled,eon,styled,1788891296.8953226,2042553,2042551,16434766,venus,/nix/store/37v7m8kb88fgs4lgwk7ajcbf9hjb8pn7-yazelix-venus-0.1.0/bin/.yazelix-venus-wrapped,.yazelix-venus-,/nix/store/37v7m8kb88fgs4lgwk7ajcbf9hjb8pn7-yazelix-venus-0.1.0/bin/yazelix-venus --no-decorations --application-id eon --background-opacity 1 --font-family DejaVu Sans Mono --font-size 16 --line-height 1.125 --columns 118 --rows 30 --workspace /tmp/ezlf-hccozsse/eon/generations/g1-89197ef167524f65290419c34b3a6b70/eon.sock ,30,120,1224,573,,98236,80906,43179,43164,37712,29,30404,24,24640,43168,98236,43164,0,0,0,0,0,0,0,0,0,0,67808
matrix-05-eon-styled,eon,styled,1788891296.8953226,2042652,2042551,16434788,orbit,/nix/store/mi0x8hjx6ys0dwhq13dnwhh5qnl0n0nf-yazelix-orbit-0.1.0/bin/yazelix-orbit,yazelix-orbit,"/nix/store/mi0x8hjx6ys0dwhq13dnwhh5qnl0n0nf-yazelix-orbit-0.1.0/bin/yazelix-orbit serve /tmp/ezlf-hccozsse/eon/generations/g1-89197ef167524f65290419c34b3a6b70/orbit.sock --management-v1 session-1 2042551-1788891292852416200-1 91999d79546422b49bdbc124166a65859d0bd872 --ansi-palette-v1 000000,cd0000,00cd00,cdcd00,1093f5,cd00cd,00cdcd,faebd7,404040,ff0000,00ff00,ffff00,11b5f6,ff00ff,00ffff,ffffff -- /usr/bin/python3 /home/lucca/.local/state/eon/proofs/eon-zlf-20260908/child.py /home/lucca/.local/state/eon/proofs/eon-zlf-20260908/runs/matrix-05-eon-styled styled ",30,120,1224,573,,14612,11956,10812,10812,1144,0,3000,0,800,10812,14612,10812,0,0,0,0,0,0,0,0,0,0,11612
matrix-05-eon-styled,eon,styled,1788891296.8953226,2042655,2042652,16434788,child,/usr/bin/python3.12,python3,/usr/bin/python3 /home/lucca/.local/state/eon/proofs/eon-zlf-20260908/child.py /home/lucca/.local/state/eon/proofs/eon-zlf-20260908/runs/matrix-05-eon-styled styled ,30,120,1224,573,,11888,6751,5044,5044,1707,0,6820,0,24,5044,11888,5044,0,0,0,0,0,0,0,0,0,0,5068
matrix-05-eon-unicode,eon,unicode,1788891234.1960342,2022322,1964404,16428467,supervisor,/nix/store/cig8r1rifpl2lzswi4ga6l744y3v0ck9-eon-0.1.0/bin/.eon-wrapped,.eon-wrapped,/nix/store/cig8r1rifpl2lzswi4ga6l744y3v0ck9-eon-0.1.0/bin/eon run -- /usr/bin/python3 /home/lucca/.local/state/eon/proofs/eon-zlf-20260908/child.py /home/lucca/.local/state/eon/proofs/eon-zlf-20260908/runs/matrix-05-eon-unicode unicode ,30,120,1224,573,,3880,2030,292,292,1738,0,1896,0,1692,292,3880,292,0,0,0,0,0,0,0,0,0,0,1984
matrix-05-eon-unicode,eon,unicode,1788891234.1960342,2022328,2022322,16428468,venus,/nix/store/37v7m8kb88fgs4lgwk7ajcbf9hjb8pn7-yazelix-venus-0.1.0/bin/.yazelix-venus-wrapped,.yazelix-venus-,/nix/store/37v7m8kb88fgs4lgwk7ajcbf9hjb8pn7-yazelix-venus-0.1.0/bin/yazelix-venus --no-decorations --application-id eon --background-opacity 1 --font-family DejaVu Sans Mono --font-size 16 --line-height 1.125 --columns 118 --rows 30 --workspace /tmp/ezlf-x5_5zco6/eon/generations/g1-89197ef167524f65290419c34b3a6b70/eon.sock ,30,120,1224,573,,98548,81240,43375,43360,37851,29,30376,24,24784,43364,98548,43360,0,0,0,0,0,0,0,0,0,0,68148
matrix-05-eon-unicode,eon,unicode,1788891234.1960342,2022423,2022322,16428489,orbit,/nix/store/mi0x8hjx6ys0dwhq13dnwhh5qnl0n0nf-yazelix-orbit-0.1.0/bin/yazelix-orbit,yazelix-orbit,"/nix/store/mi0x8hjx6ys0dwhq13dnwhh5qnl0n0nf-yazelix-orbit-0.1.0/bin/yazelix-orbit serve /tmp/ezlf-x5_5zco6/eon/generations/g1-89197ef167524f65290419c34b3a6b70/orbit.sock --management-v1 session-1 2022322-1788891229862429511-1 91999d79546422b49bdbc124166a65859d0bd872 --ansi-palette-v1 000000,cd0000,00cd00,cdcd00,1093f5,cd00cd,00cdcd,faebd7,404040,ff0000,00ff00,ffff00,11b5f6,ff00ff,00ffff,ffffff -- /usr/bin/python3 /home/lucca/.local/state/eon/proofs/eon-zlf-20260908/child.py /home/lucca/.local/state/eon/proofs/eon-zlf-20260908/runs/matrix-05-eon-unicode unicode ",30,120,1224,573,,20716,18018,16720,16720,1298,0,3060,0,936,16720,20716,16720,0,0,0,0,0,0,0,0,0,0,17656
matrix-05-eon-unicode,eon,unicode,1788891234.1960342,2022425,2022423,16428489,child,/usr/bin/python3.12,python3,/usr/bin/python3 /home/lucca/.local/state/eon/proofs/eon-zlf-20260908/child.py /home/lucca/.local/state/eon/proofs/eon-zlf-20260908/runs/matrix-05-eon-unicode unicode ,30,120,1224,573,,11888,6757,5040,5040,1717,0,6820,0,28,5040,11888,5040,0,0,0,0,0,0,0,0,0,0,5068
matrix-05-eonterm-empty,eonterm,empty,1788891224.9554582,2019689,1964404,16427595,supervisor,/nix/store/95x87mc3gdc22fvk920dz6jg6mfr3qxs-eonterm-0.1.0/bin/.eonterm-wrapped,.eonterm-wrappe,/nix/store/95x87mc3gdc22fvk920dz6jg6mfr3qxs-eonterm-0.1.0/bin/eonterm -- /usr/bin/python3 /home/lucca/.local/state/eon/proofs/eon-zlf-20260908/child.py /home/lucca/.local/state/eon/proofs/eon-zlf-20260908/runs/matrix-05-eonterm-empty empty ,30,120,1224,564,,3872,2022,288,288,1734,0,1896,0,1688,288,3872,288,0,0,0,0,0,0,0,0,0,0,1976
matrix-05-eonterm-empty,eonterm,empty,1788891224.9554582,2019693,2019689,16427596,venus,/nix/store/37v7m8kb88fgs4lgwk7ajcbf9hjb8pn7-yazelix-venus-0.1.0/bin/.yazelix-venus-wrapped,.yazelix-venus-,/nix/store/37v7m8kb88fgs4lgwk7ajcbf9hjb8pn7-yazelix-venus-0.1.0/bin/yazelix-venus --application-id eonterm --background-opacity 1 --font-family DejaVu Sans Mono --font-size 16 --line-height 1.125 --columns 120 --rows 30 /tmp/ezlf-zlwu0t4q/eonterm/generations/g1-89197ef167524f65290419c34b3a6b70/orbit.sock ,30,120,1224,564,,86552,69087,31195,31180,37877,29,30540,24,24804,31184,86552,31180,0,0,0,0,0,0,0,0,0,0,55988
matrix-05-eonterm-empty,eonterm,empty,1788891224.9554582,2019749,2019689,16427610,orbit,/nix/store/mi0x8hjx6ys0dwhq13dnwhh5qnl0n0nf-yazelix-orbit-0.1.0/bin/yazelix-orbit,yazelix-orbit,"/nix/store/mi0x8hjx6ys0dwhq13dnwhh5qnl0n0nf-yazelix-orbit-0.1.0/bin/yazelix-orbit serve /tmp/ezlf-zlwu0t4q/eonterm/generations/g1-89197ef167524f65290419c34b3a6b70/orbit.sock --management-v1 session-1 2019689-1788891221075668686-0 91999d79546422b49bdbc124166a65859d0bd872 --ansi-palette-v1 000000,cd0000,00cd00,cdcd00,1093f5,cd00cd,00cdcd,faebd7,404040,ff0000,00ff00,ffff00,11b5f6,ff00ff,00ffff,ffffff -- /usr/bin/python3 /home/lucca/.local/state/eon/proofs/eon-zlf-20260908/child.py /home/lucca/.local/state/eon/proofs/eon-zlf-20260908/runs/matrix-05-eonterm-empty empty ",30,120,1224,564,,4580,1892,648,648,1244,0,3044,0,888,648,4580,648,0,0,0,0,0,0,0,0,0,0,1536
matrix-05-eonterm-empty,eonterm,empty,1788891224.9554582,2019750,2019749,16427610,child,/usr/bin/python3.12,python3,/usr/bin/python3 /home/lucca/.local/state/eon/proofs/eon-zlf-20260908/child.py /home/lucca/.local/state/eon/proofs/eon-zlf-20260908/runs/matrix-05-eonterm-empty empty ,30,120,1224,564,,11872,6747,5040,5040,1707,0,6808,0,24,5040,11872,5040,0,0,0,0,0,0,0,0,0,0,5064
matrix-05-eonterm-mixed,eonterm,mixed,1788891279.0347126,2036436,1964404,16432979,supervisor,/nix/store/95x87mc3gdc22fvk920dz6jg6mfr3qxs-eonterm-0.1.0/bin/.eonterm-wrapped,.eonterm-wrappe,/nix/store/95x87mc3gdc22fvk920dz6jg6mfr3qxs-eonterm-0.1.0/bin/eonterm -- /usr/bin/python3 /home/lucca/.local/state/eon/proofs/eon-zlf-20260908/child.py /home/lucca/.local/state/eon/proofs/eon-zlf-20260908/runs/matrix-05-eonterm-mixed mixed ,30,120,1224,564,,3808,1958,288,288,1670,0,1896,0,1624,288,3808,288,0,0,0,0,0,0,0,0,0,0,1912
matrix-05-eonterm-mixed,eonterm,mixed,1788891279.0347126,2036440,2036436,16432980,venus,/nix/store/37v7m8kb88fgs4lgwk7ajcbf9hjb8pn7-yazelix-venus-0.1.0/bin/.yazelix-venus-wrapped,.yazelix-venus-,/nix/store/37v7m8kb88fgs4lgwk7ajcbf9hjb8pn7-yazelix-venus-0.1.0/bin/yazelix-venus --application-id eonterm --background-opacity 1 --font-family DejaVu Sans Mono --font-size 16 --line-height 1.125 --columns 120 --rows 30 /tmp/ezlf-i7okcp3g/eonterm/generations/g1-89197ef167524f65290419c34b3a6b70/orbit.sock ,30,120,1224,564,,98772,81233,43143,43128,38075,29,30636,24,24980,43132,98772,43128,0,0,0,0,0,0,0,0,0,0,68112
matrix-05-eonterm-mixed,eonterm,mixed,1788891279.0347126,2036502,2036436,16432994,orbit,/nix/store/mi0x8hjx6ys0dwhq13dnwhh5qnl0n0nf-yazelix-orbit-0.1.0/bin/yazelix-orbit,yazelix-orbit,"/nix/store/mi0x8hjx6ys0dwhq13dnwhh5qnl0n0nf-yazelix-orbit-0.1.0/bin/yazelix-orbit serve /tmp/ezlf-i7okcp3g/eonterm/generations/g1-89197ef167524f65290419c34b3a6b70/orbit.sock --management-v1 session-1 2036436-1788891274918599517-0 91999d79546422b49bdbc124166a65859d0bd872 --ansi-palette-v1 000000,cd0000,00cd00,cdcd00,1093f5,cd00cd,00cdcd,faebd7,404040,ff0000,00ff00,ffff00,11b5f6,ff00ff,00ffff,ffffff -- /usr/bin/python3 /home/lucca/.local/state/eon/proofs/eon-zlf-20260908/child.py /home/lucca/.local/state/eon/proofs/eon-zlf-20260908/runs/matrix-05-eonterm-mixed mixed ",30,120,1224,564,,19372,16702,15568,15568,1134,0,3012,0,792,15568,19372,15568,0,0,0,0,0,0,0,0,0,0,16360
matrix-05-eonterm-mixed,eonterm,mixed,1788891279.0347126,2036503,2036502,16432995,child,/usr/bin/python3.12,python3,/usr/bin/python3 /home/lucca/.local/state/eon/proofs/eon-zlf-20260908/child.py /home/lucca/.local/state/eon/proofs/eon-zlf-20260908/runs/matrix-05-eonterm-mixed mixed ,30,120,1224,564,,11912,6274,5036,5036,1238,0,6872,0,4,5036,11912,5036,0,0,0,0,0,0,0,0,0,0,5040
matrix-05-eonterm-plain,eonterm,plain,1788891247.6670406,2026536,1964404,16429857,supervisor,/nix/store/95x87mc3gdc22fvk920dz6jg6mfr3qxs-eonterm-0.1.0/bin/.eonterm-wrapped,.eonterm-wrappe,/nix/store/95x87mc3gdc22fvk920dz6jg6mfr3qxs-eonterm-0.1.0/bin/eonterm -- /usr/bin/python3 /home/lucca/.local/state/eon/proofs/eon-zlf-20260908/child.py /home/lucca/.local/state/eon/proofs/eon-zlf-20260908/runs/matrix-05-eonterm-plain plain ,30,120,1224,564,,3876,2026,292,292,1734,0,1896,0,1688,292,3876,292,0,0,0,0,0,0,0,0,0,0,1980
matrix-05-eonterm-plain,eonterm,plain,1788891247.6670406,2026537,2026536,16429858,venus,/nix/store/37v7m8kb88fgs4lgwk7ajcbf9hjb8pn7-yazelix-venus-0.1.0/bin/.yazelix-venus-wrapped,.yazelix-venus-,/nix/store/37v7m8kb88fgs4lgwk7ajcbf9hjb8pn7-yazelix-venus-0.1.0/bin/yazelix-venus --application-id eonterm --background-opacity 1 --font-family DejaVu Sans Mono --font-size 16 --line-height 1.125 --columns 120 --rows 30 /tmp/ezlf-fkhyh0gl/eonterm/generations/g1-89197ef167524f65290419c34b3a6b70/orbit.sock ,30,120,1224,564,,98100,80600,42967,42952,37618,29,30576,24,24544,42956,98100,42952,0,0,0,0,0,0,0,0,0,0,67500
matrix-05-eonterm-plain,eonterm,plain,1788891247.6670406,2026594,2026536,16429872,orbit,/nix/store/mi0x8hjx6ys0dwhq13dnwhh5qnl0n0nf-yazelix-orbit-0.1.0/bin/yazelix-orbit,yazelix-orbit,"/nix/store/mi0x8hjx6ys0dwhq13dnwhh5qnl0n0nf-yazelix-orbit-0.1.0/bin/yazelix-orbit serve /tmp/ezlf-fkhyh0gl/eonterm/generations/g1-89197ef167524f65290419c34b3a6b70/orbit.sock --management-v1 session-1 2026536-1788891243690292467-0 91999d79546422b49bdbc124166a65859d0bd872 --ansi-palette-v1 000000,cd0000,00cd00,cdcd00,1093f5,cd00cd,00cdcd,faebd7,404040,ff0000,00ff00,ffff00,11b5f6,ff00ff,00ffff,ffffff -- /usr/bin/python3 /home/lucca/.local/state/eon/proofs/eon-zlf-20260908/child.py /home/lucca/.local/state/eon/proofs/eon-zlf-20260908/runs/matrix-05-eonterm-plain plain ",30,120,1224,564,,14220,11581,10480,10480,1101,0,2972,0,768,10480,14220,10480,0,0,0,0,0,0,0,0,0,0,11248
matrix-05-eonterm-plain,eonterm,plain,1788891247.6670406,2026595,2026594,16429872,child,/usr/bin/python3.12,python3,/usr/bin/python3 /home/lucca/.local/state/eon/proofs/eon-zlf-20260908/child.py /home/lucca/.local/state/eon/proofs/eon-zlf-20260908/runs/matrix-05-eonterm-plain plain ,30,120,1224,564,,11888,6757,5040,5040,1717,0,6820,0,28,5040,11888,5040,0,0,0,0,0,0,0,0,0,0,5068
matrix-05-eonterm-screen,eonterm,screen,1788891308.9710424,2046258,1964404,16436002,supervisor,/nix/store/95x87mc3gdc22fvk920dz6jg6mfr3qxs-eonterm-0.1.0/bin/.eonterm-wrapped,.eonterm-wrappe,/nix/store/95x87mc3gdc22fvk920dz6jg6mfr3qxs-eonterm-0.1.0/bin/eonterm -- /usr/bin/python3 /home/lucca/.local/state/eon/proofs/eon-zlf-20260908/child.py /home/lucca/.local/state/eon/proofs/eon-zlf-20260908/runs/matrix-05-eonterm-screen screen ,30,120,1224,564,,3864,2014,284,284,1730,0,1896,0,1684,284,3864,284,0,0,0,0,0,0,0,0,0,0,1968
matrix-05-eonterm-screen,eonterm,screen,1788891308.9710424,2046259,2046258,16436003,venus,/nix/store/37v7m8kb88fgs4lgwk7ajcbf9hjb8pn7-yazelix-venus-0.1.0/bin/.yazelix-venus-wrapped,.yazelix-venus-,/nix/store/37v7m8kb88fgs4lgwk7ajcbf9hjb8pn7-yazelix-venus-0.1.0/bin/yazelix-venus --application-id eonterm --background-opacity 1 --font-family DejaVu Sans Mono --font-size 16 --line-height 1.125 --columns 120 --rows 30 /tmp/ezlf-atkae8pw/eonterm/generations/g1-89197ef167524f65290419c34b3a6b70/orbit.sock ,30,120,1224,564,,97568,80025,42251,42236,37760,29,30636,24,24668,42240,97568,42236,0,0,0,0,0,0,0,0,0,0,66908
matrix-05-eonterm-screen,eonterm,screen,1788891308.9710424,2046319,2046258,16436017,orbit,/nix/store/mi0x8hjx6ys0dwhq13dnwhh5qnl0n0nf-yazelix-orbit-0.1.0/bin/yazelix-orbit,yazelix-orbit,"/nix/store/mi0x8hjx6ys0dwhq13dnwhh5qnl0n0nf-yazelix-orbit-0.1.0/bin/yazelix-orbit serve /tmp/ezlf-atkae8pw/eonterm/generations/g1-89197ef167524f65290419c34b3a6b70/orbit.sock --management-v1 session-1 2046258-1788891305146875180-0 91999d79546422b49bdbc124166a65859d0bd872 --ansi-palette-v1 000000,cd0000,00cd00,cdcd00,1093f5,cd00cd,00cdcd,faebd7,404040,ff0000,00ff00,ffff00,11b5f6,ff00ff,00ffff,ffffff -- /usr/bin/python3 /home/lucca/.local/state/eon/proofs/eon-zlf-20260908/child.py /home/lucca/.local/state/eon/proofs/eon-zlf-20260908/runs/matrix-05-eonterm-screen screen ",30,120,1224,564,,4400,1756,660,660,1096,0,2976,0,764,660,4400,660,0,0,0,0,0,0,0,0,0,0,1424
matrix-05-eonterm-screen,eonterm,screen,1788891308.9710424,2046320,2046319,16436017,child,/usr/bin/python3.12,python3,/usr/bin/python3 /home/lucca/.local/state/eon/proofs/eon-zlf-20260908/child.py /home/lucca/.local/state/eon/proofs/eon-zlf-20260908/runs/matrix-05-eonterm-screen screen ,30,120,1224,564,,11880,6755,5048,5048,1707,0,6808,0,24,5048,11880,5048,0,0,0,0,0,0,0,0,0,0,5072
matrix-05-eonterm-styled,eonterm,styled,1788891288.7531812,2039785,1964404,16433961,supervisor,/nix/store/95x87mc3gdc22fvk920dz6jg6mfr3qxs-eonterm-0.1.0/bin/.eonterm-wrapped,.eonterm-wrappe,/nix/store/95x87mc3gdc22fvk920dz6jg6mfr3qxs-eonterm-0.1.0/bin/eonterm -- /usr/bin/python3 /home/lucca/.local/state/eon/proofs/eon-zlf-20260908/child.py /home/lucca/.local/state/eon/proofs/eon-zlf-20260908/runs/matrix-05-eonterm-styled styled ,30,120,1224,564,,3836,1986,284,284,1702,0,1896,0,1656,284,3836,284,0,0,0,0,0,0,0,0,0,0,1940
matrix-05-eonterm-styled,eonterm,styled,1788891288.7531812,2039788,2039785,16433961,venus,/nix/store/37v7m8kb88fgs4lgwk7ajcbf9hjb8pn7-yazelix-venus-0.1.0/bin/.yazelix-venus-wrapped,.yazelix-venus-,/nix/store/37v7m8kb88fgs4lgwk7ajcbf9hjb8pn7-yazelix-venus-0.1.0/bin/yazelix-venus --application-id eonterm --background-opacity 1 --font-family DejaVu Sans Mono --font-size 16 --line-height 1.125 --columns 120 --rows 30 /tmp/ezlf-qw1b1n49/eonterm/generations/g1-89197ef167524f65290419c34b3a6b70/orbit.sock ,30,120,1224,564,,98512,80972,43039,43024,37919,29,30628,24,24832,43028,98512,43024,0,0,0,0,0,0,0,0,0,0,67860
matrix-05-eonterm-styled,eonterm,styled,1788891288.7531812,2039846,2039785,16433976,orbit,/nix/store/mi0x8hjx6ys0dwhq13dnwhh5qnl0n0nf-yazelix-orbit-0.1.0/bin/yazelix-orbit,yazelix-orbit,"/nix/store/mi0x8hjx6ys0dwhq13dnwhh5qnl0n0nf-yazelix-orbit-0.1.0/bin/yazelix-orbit serve /tmp/ezlf-qw1b1n49/eonterm/generations/g1-89197ef167524f65290419c34b3a6b70/orbit.sock --management-v1 session-1 2039785-1788891284731033910-0 91999d79546422b49bdbc124166a65859d0bd872 --ansi-palette-v1 000000,cd0000,00cd00,cdcd00,1093f5,cd00cd,00cdcd,faebd7,404040,ff0000,00ff00,ffff00,11b5f6,ff00ff,00ffff,ffffff -- /usr/bin/python3 /home/lucca/.local/state/eon/proofs/eon-zlf-20260908/child.py /home/lucca/.local/state/eon/proofs/eon-zlf-20260908/runs/matrix-05-eonterm-styled styled ",30,120,1224,564,,14720,12028,10788,10788,1240,0,3048,0,884,10788,14720,10788,0,0,0,0,0,0,0,0,0,0,11672
matrix-05-eonterm-styled,eonterm,styled,1788891288.7531812,2039847,2039846,16433976,child,/usr/bin/python3.12,python3,/usr/bin/python3 /home/lucca/.local/state/eon/proofs/eon-zlf-20260908/child.py /home/lucca/.local/state/eon/proofs/eon-zlf-20260908/runs/matrix-05-eonterm-styled styled ,30,120,1224,564,,11888,6284,5040,5040,1244,0,6840,0,8,5040,11888,5040,0,0,0,0,0,0,0,0,0,0,5048
matrix-05-eonterm-unicode,eonterm,unicode,1788891229.5079727,2020919,1964404,16428011,supervisor,/nix/store/95x87mc3gdc22fvk920dz6jg6mfr3qxs-eonterm-0.1.0/bin/.eonterm-wrapped,.eonterm-wrappe,/nix/store/95x87mc3gdc22fvk920dz6jg6mfr3qxs-eonterm-0.1.0/bin/eonterm -- /usr/bin/python3 /home/lucca/.local/state/eon/proofs/eon-zlf-20260908/child.py /home/lucca/.local/state/eon/proofs/eon-zlf-20260908/runs/matrix-05-eonterm-unicode unicode ,30,120,1224,564,,3808,1962,292,292,1670,0,1892,0,1624,292,3808,292,0,0,0,0,0,0,0,0,0,0,1916
matrix-05-eonterm-unicode,eonterm,unicode,1788891229.5079727,2020920,2020919,16428012,venus,/nix/store/37v7m8kb88fgs4lgwk7ajcbf9hjb8pn7-yazelix-venus-0.1.0/bin/.yazelix-venus-wrapped,.yazelix-venus-,/nix/store/37v7m8kb88fgs4lgwk7ajcbf9hjb8pn7-yazelix-venus-0.1.0/bin/yazelix-venus --application-id eonterm --background-opacity 1 --font-family DejaVu Sans Mono --font-size 16 --line-height 1.125 --columns 120 --rows 30 /tmp/ezlf-uhstufb7/eonterm/generations/g1-89197ef167524f65290419c34b3a6b70/orbit.sock ,30,120,1224,564,,98696,81178,43347,43332,37817,29,30600,24,24736,43336,98696,43332,0,0,0,0,0,0,0,0,0,0,68072
matrix-05-eonterm-unicode,eonterm,unicode,1788891229.5079727,2020981,2020919,16428026,orbit,/nix/store/mi0x8hjx6ys0dwhq13dnwhh5qnl0n0nf-yazelix-orbit-0.1.0/bin/yazelix-orbit,yazelix-orbit,"/nix/store/mi0x8hjx6ys0dwhq13dnwhh5qnl0n0nf-yazelix-orbit-0.1.0/bin/yazelix-orbit serve /tmp/ezlf-uhstufb7/eonterm/generations/g1-89197ef167524f65290419c34b3a6b70/orbit.sock --management-v1 session-1 2020919-1788891225230246093-0 91999d79546422b49bdbc124166a65859d0bd872 --ansi-palette-v1 000000,cd0000,00cd00,cdcd00,1093f5,cd00cd,00cdcd,faebd7,404040,ff0000,00ff00,ffff00,11b5f6,ff00ff,00ffff,ffffff -- /usr/bin/python3 /home/lucca/.local/state/eon/proofs/eon-zlf-20260908/child.py /home/lucca/.local/state/eon/proofs/eon-zlf-20260908/runs/matrix-05-eonterm-unicode unicode ",30,120,1224,564,,20624,17927,16692,16692,1235,0,3056,0,876,16692,20624,16692,0,0,0,0,0,0,0,0,0,0,17568
matrix-05-eonterm-unicode,eonterm,unicode,1788891229.5079727,2020982,2020981,16428026,child,/usr/bin/python3.12,python3,/usr/bin/python3 /home/lucca/.local/state/eon/proofs/eon-zlf-20260908/child.py /home/lucca/.local/state/eon/proofs/eon-zlf-20260908/runs/matrix-05-eonterm-unicode unicode ,30,120,1224,564,,11892,6761,5044,5044,1717,0,6820,0,28,5044,11892,5044,0,0,0,0,0,0,0,0,0,0,5072
matrix-05-foot-empty,foot,empty,1788891220.8449376,2018491,1964404,16427220,terminal,/usr/bin/foot,foot,/usr/bin/foot -c /home/lucca/.local/state/eon/proofs/eon-zlf-20260908/runs/matrix-05-foot-empty/foot.ini -T eon-zlf benchmark --app-id=eon-zlf-foot /usr/bin/python3 /home/lucca/.local/state/eon/proofs/eon-zlf-20260908/child.py /home/lucca/.local/state/eon/proofs/eon-zlf-20260908/runs/matrix-05-foot-empty empty ,30,120,1200,540,,18832,11481,8734,4752,2747,3982,6704,2660,2064,7404,18832,4752,0,0,0,0,0,0,0,0,0,0,9468
matrix-05-foot-empty,foot,empty,1788891220.8449376,2018501,2018491,16427223,child,/usr/bin/python3.12,python3,/usr/bin/python3 /home/lucca/.local/state/eon/proofs/eon-zlf-20260908/child.py /home/lucca/.local/state/eon/proofs/eon-zlf-20260908/runs/matrix-05-foot-empty empty ,30,120,1200,540,,11864,6746,5044,5044,1702,0,6796,0,24,5044,11864,5044,0,0,0,0,0,0,0,0,0,0,5068
matrix-05-foot-mixed,foot,mixed,1788891270.2338552,2033733,1964404,16432159,terminal,/usr/bin/foot,foot,/usr/bin/foot -c /home/lucca/.local/state/eon/proofs/eon-zlf-20260908/runs/matrix-05-foot-mixed/foot.ini -T eon-zlf benchmark --app-id=eon-zlf-foot /usr/bin/python3 /home/lucca/.local/state/eon/proofs/eon-zlf-20260908/child.py /home/lucca/.local/state/eon/proofs/eon-zlf-20260908/runs/matrix-05-foot-mixed mixed ,30,120,1200,540,,34164,25519,22480,19700,3039,2780,6840,5064,2312,19948,34164,19700,0,0,0,0,0,0,0,0,0,0,22260
matrix-05-foot-mixed,foot,mixed,1788891270.2338552,2033742,2033733,16432161,child,/usr/bin/python3.12,python3,/usr/bin/python3 /home/lucca/.local/state/eon/proofs/eon-zlf-20260908/child.py /home/lucca/.local/state/eon/proofs/eon-zlf-20260908/runs/matrix-05-foot-mixed mixed ,30,120,1200,540,,11896,6749,5044,5044,1705,0,6828,0,24,5044,11896,5044,0,0,0,0,0,0,0,0,0,0,5068
matrix-05-foot-plain,foot,plain,1788891251.463061,2027820,1964404,16430282,terminal,/usr/bin/foot,foot,/usr/bin/foot -c /home/lucca/.local/state/eon/proofs/eon-zlf-20260908/runs/matrix-05-foot-plain/foot.ini -T eon-zlf benchmark --app-id=eon-zlf-foot /usr/bin/python3 /home/lucca/.local/state/eon/proofs/eon-zlf-20260908/child.py /home/lucca/.local/state/eon/proofs/eon-zlf-20260908/runs/matrix-05-foot-plain plain ,30,120,1200,540,,33552,24975,22224,19444,2751,2780,6752,5064,2044,19692,33552,19444,0,0,0,0,0,0,0,0,0,0,21736
matrix-05-foot-plain,foot,plain,1788891251.463061,2027826,2027820,16430284,child,/usr/bin/python3.12,python3,/usr/bin/python3 /home/lucca/.local/state/eon/proofs/eon-zlf-20260908/child.py /home/lucca/.local/state/eon/proofs/eon-zlf-20260908/runs/matrix-05-foot-plain plain ,30,120,1200,540,,11888,6749,5044,5044,1705,0,6820,0,24,5044,11888,5044,0,0,0,0,0,0,0,0,0,0,5068
matrix-05-foot-screen,foot,screen,1788891304.871418,2045171,1964404,16435628,terminal,/usr/bin/foot,foot,/usr/bin/foot -c /home/lucca/.local/state/eon/proofs/eon-zlf-20260908/runs/matrix-05-foot-screen/foot.ini -T eon-zlf benchmark --app-id=eon-zlf-foot /usr/bin/python3 /home/lucca/.local/state/eon/proofs/eon-zlf-20260908/child.py /home/lucca/.local/state/eon/proofs/eon-zlf-20260908/runs/matrix-05-foot-screen screen ,30,120,1200,540,,19428,10789,7940,5160,2849,2780,6840,5064,2116,5408,19428,5160,0,0,0,0,0,0,0,0,0,0,7524
matrix-05-foot-screen,foot,screen,1788891304.871418,2045181,2045171,16435631,child,/usr/bin/python3.12,python3,/usr/bin/python3 /home/lucca/.local/state/eon/proofs/eon-zlf-20260908/child.py /home/lucca/.local/state/eon/proofs/eon-zlf-20260908/runs/matrix-05-foot-screen screen ,30,120,1200,540,,11904,6751,5044,5044,1707,0,6836,0,24,5044,11904,5044,0,0,0,0,0,0,0,0,0,0,5068
matrix-05-foot-styled,foot,styled,1788891292.5554156,2041212,1964404,16434392,terminal,/usr/bin/foot,foot,/usr/bin/foot -c /home/lucca/.local/state/eon/proofs/eon-zlf-20260908/runs/matrix-05-foot-styled/foot.ini -T eon-zlf benchmark --app-id=eon-zlf-foot /usr/bin/python3 /home/lucca/.local/state/eon/proofs/eon-zlf-20260908/child.py /home/lucca/.local/state/eon/proofs/eon-zlf-20260908/runs/matrix-05-foot-styled styled ,30,120,1200,540,,33824,25175,22316,19536,2859,2780,6848,5064,2128,19784,33824,19536,0,0,0,0,0,0,0,0,0,0,21912
matrix-05-foot-styled,foot,styled,1788891292.5554156,2041221,2041212,16434394,child,/usr/bin/python3.12,python3,/usr/bin/python3 /home/lucca/.local/state/eon/proofs/eon-zlf-20260908/child.py /home/lucca/.local/state/eon/proofs/eon-zlf-20260908/runs/matrix-05-foot-styled styled ,30,120,1200,540,,11888,6274,5044,5044,1230,0,6840,0,4,5044,11888,5044,0,0,0,0,0,0,0,0,0,0,5048
matrix-05-foot-unicode,foot,unicode,1788891238.0091603,2023705,1964404,16428932,terminal,/usr/bin/foot,foot,/usr/bin/foot -c /home/lucca/.local/state/eon/proofs/eon-zlf-20260908/runs/matrix-05-foot-unicode/foot.ini -T eon-zlf benchmark --app-id=eon-zlf-foot /usr/bin/python3 /home/lucca/.local/state/eon/proofs/eon-zlf-20260908/child.py /home/lucca/.local/state/eon/proofs/eon-zlf-20260908/runs/matrix-05-foot-unicode unicode ,30,120,1200,540,,33808,25236,22344,19564,2892,2780,6752,5064,2180,19812,33808,19564,0,0,0,0,0,0,0,0,0,0,21992
matrix-05-foot-unicode,foot,unicode,1788891238.0091603,2023712,2023705,16428934,child,/usr/bin/python3.12,python3,/usr/bin/python3 /home/lucca/.local/state/eon/proofs/eon-zlf-20260908/child.py /home/lucca/.local/state/eon/proofs/eon-zlf-20260908/runs/matrix-05-foot-unicode unicode ,30,120,1200,540,,11896,6749,5044,5044,1705,0,6828,0,24,5044,11896,5044,0,0,0,0,0,0,0,0,0,0,5068
matrix-05-ghostty-empty,ghostty,empty,1788891217.0381088,2015683,1964404,16426564,terminal,/snap/ghostty/820/bin/ghostty,ghostty,/snap/ghostty/820/bin/ghostty --config-default-files=false --gtk-single-instance=false --font-family=DejaVu Sans Mono --font-size=12 --adjust-cell-height=-1 --window-width=121 --window-height=33 --scrollback-limit=16777216 --background-opacity=1 --background-blur=false --window-save-state=never --title=eon-zlf benchmark --class=com.mitchellh.ghostty.eonzlf -e /usr/bin/python3 /home/lucca/.local/state/eon/proofs/eon-zlf-20260908/child.py /home/lucca/.local/state/eon/proofs/eon-zlf-20260908/runs/matrix-05-ghostty-empty empty ,30,120,1206,544,,190360,187879,83577,81616,106242,21,2884,12,103892,83572,190360,81616,0,0,0,0,0,0,0,0,0,0,187464
matrix-05-ghostty-empty,ghostty,empty,1788891217.0381088,2016920,2015683,16426837,child,/usr/bin/python3.12,python3,/usr/bin/python3 /home/lucca/.local/state/eon/proofs/eon-zlf-20260908/child.py /home/lucca/.local/state/eon/proofs/eon-zlf-20260908/runs/matrix-05-ghostty-empty empty ,30,120,1206,544,,11908,6751,5040,5040,1711,0,6844,0,24,5040,11908,5040,0,0,0,0,0,0,0,0,0,0,5064
matrix-05-ghostty-mixed,ghostty,mixed,1788891266.3848193,2032070,1964404,16431623,terminal,/snap/ghostty/820/bin/ghostty,ghostty,/snap/ghostty/820/bin/ghostty --config-default-files=false --gtk-single-instance=false --font-family=DejaVu Sans Mono --font-size=12 --adjust-cell-height=-1 --window-width=121 --window-height=33 --scrollback-limit=16777216 --background-opacity=1 --background-blur=false --window-save-state=never --title=eon-zlf benchmark --class=com.mitchellh.ghostty.eonzlf -e /usr/bin/python3 /home/lucca/.local/state/eon/proofs/eon-zlf-20260908/child.py /home/lucca/.local/state/eon/proofs/eon-zlf-20260908/runs/matrix-05-ghostty-mixed mixed ,30,120,1206,544,,196076,193623,88341,86376,107226,21,2852,12,104876,88336,196076,86376,0,0,0,0,0,0,0,0,0,0,193212
matrix-05-ghostty-mixed,ghostty,mixed,1788891266.3848193,2032604,2032070,16431770,child,/usr/bin/python3.12,python3,/usr/bin/python3 /home/lucca/.local/state/eon/proofs/eon-zlf-20260908/child.py /home/lucca/.local/state/eon/proofs/eon-zlf-20260908/runs/matrix-05-ghostty-mixed mixed ,30,120,1206,544,,11860,6742,5040,5040,1702,0,6796,0,24,5040,11860,5040,0,0,0,0,0,0,0,0,0,0,5064
matrix-05-ghostty-plain,ghostty,plain,1788891261.0782852,2030218,1964404,16431098,terminal,/snap/ghostty/820/bin/ghostty,ghostty,/snap/ghostty/820/bin/ghostty --config-default-files=false --gtk-single-instance=false --font-family=DejaVu Sans Mono --font-size=12 --adjust-cell-height=-1 --window-width=121 --window-height=33 --scrollback-limit=16777216 --background-opacity=1 --background-blur=false --window-save-state=never --title=eon-zlf benchmark --class=com.mitchellh.ghostty.eonzlf -e /usr/bin/python3 /home/lucca/.local/state/eon/proofs/eon-zlf-20260908/child.py /home/lucca/.local/state/eon/proofs/eon-zlf-20260908/runs/matrix-05-ghostty-plain plain ,30,120,1206,544,,200040,197565,92717,90756,106788,21,2888,12,104428,92712,200040,90756,0,0,0,0,0,0,0,0,0,0,197140
matrix-05-ghostty-plain,ghostty,plain,1788891261.0782852,2030837,2030218,16431245,child,/usr/bin/python3.12,python3,/usr/bin/python3 /home/lucca/.local/state/eon/proofs/eon-zlf-20260908/child.py /home/lucca/.local/state/eon/proofs/eon-zlf-20260908/runs/matrix-05-ghostty-plain plain ,30,120,1206,544,,11932,6749,5044,5044,1705,0,6864,0,24,5044,11932,5044,0,0,0,0,0,0,0,0,0,0,5068
matrix-05-ghostty-screen,ghostty,screen,1788891315.0398407,2047506,1964404,16436414,terminal,/snap/ghostty/820/bin/ghostty,ghostty,/snap/ghostty/820/bin/ghostty --config-default-files=false --gtk-single-instance=false --font-family=DejaVu Sans Mono --font-size=12 --adjust-cell-height=-1 --window-width=121 --window-height=33 --scrollback-limit=16777216 --background-opacity=1 --background-blur=false --window-save-state=never --title=eon-zlf benchmark --class=com.mitchellh.ghostty.eonzlf -e /usr/bin/python3 /home/lucca/.local/state/eon/proofs/eon-zlf-20260908/child.py /home/lucca/.local/state/eon/proofs/eon-zlf-20260908/runs/matrix-05-ghostty-screen screen ,30,120,1206,544,,190836,188366,83681,81720,106625,21,2872,12,104276,83676,190836,81720,0,0,0,0,0,0,0,0,0,0,187952
matrix-05-ghostty-screen,ghostty,screen,1788891315.0398407,2048357,2047506,16436643,child,/usr/bin/python3.12,python3,/usr/bin/python3 /home/lucca/.local/state/eon/proofs/eon-zlf-20260908/child.py /home/lucca/.local/state/eon/proofs/eon-zlf-20260908/runs/matrix-05-ghostty-screen screen ,30,120,1206,544,,11900,6770,5052,5052,1718,0,6816,0,32,5052,11900,5052,0,0,0,0,0,0,0,0,0,0,5084
matrix-05-ghostty-styled,ghostty,styled,1788891284.4524229,2037936,1964404,16433421,terminal,/snap/ghostty/820/bin/ghostty,ghostty,/snap/ghostty/820/bin/ghostty --config-default-files=false --gtk-single-instance=false --font-family=DejaVu Sans Mono --font-size=12 --adjust-cell-height=-1 --window-width=121 --window-height=33 --scrollback-limit=16777216 --background-opacity=1 --background-blur=false --window-save-state=never --title=eon-zlf benchmark --class=com.mitchellh.ghostty.eonzlf -e /usr/bin/python3 /home/lucca/.local/state/eon/proofs/eon-zlf-20260908/child.py /home/lucca/.local/state/eon/proofs/eon-zlf-20260908/runs/matrix-05-ghostty-styled styled ,30,120,1206,544,,200676,198214,93813,91852,106341,21,2856,12,104000,93808,200676,91852,0,0,0,0,0,0,0,0,0,0,197808
matrix-05-ghostty-styled,ghostty,styled,1788891284.4524229,2038542,2037936,16433578,child,/usr/bin/python3.12,python3,/usr/bin/python3 /home/lucca/.local/state/eon/proofs/eon-zlf-20260908/child.py /home/lucca/.local/state/eon/proofs/eon-zlf-20260908/runs/matrix-05-ghostty-styled styled ,30,120,1206,544,,11892,6281,5048,5048,1233,0,6840,0,4,5048,11892,5048,0,0,0,0,0,0,0,0,0,0,5052
matrix-05-ghostty-unicode,ghostty,unicode,1788891243.4095035,2024799,1964404,16429311,terminal,/snap/ghostty/820/bin/ghostty,ghostty,/snap/ghostty/820/bin/ghostty --config-default-files=false --gtk-single-instance=false --font-family=DejaVu Sans Mono --font-size=12 --adjust-cell-height=-1 --window-width=121 --window-height=33 --scrollback-limit=16777216 --background-opacity=1 --background-blur=false --window-save-state=never --title=eon-zlf benchmark --class=com.mitchellh.ghostty.eonzlf -e /usr/bin/python3 /home/lucca/.local/state/eon/proofs/eon-zlf-20260908/child.py /home/lucca/.local/state/eon/proofs/eon-zlf-20260908/runs/matrix-05-ghostty-unicode unicode ,30,120,1206,544,,195956,193502,88673,86708,106773,21,2860,12,104416,88668,195956,86708,0,0,0,0,0,0,0,0,0,0,193084
matrix-05-ghostty-unicode,ghostty,unicode,1788891243.4095035,2025339,2024799,16429459,child,/usr/bin/python3.12,python3,/usr/bin/python3 /home/lucca/.local/state/eon/proofs/eon-zlf-20260908/child.py /home/lucca/.local/state/eon/proofs/eon-zlf-20260908/runs/matrix-05-ghostty-unicode unicode ,30,120,1206,544,,11880,6751,5048,5048,1703,0,6808,0,24,5048,11880,5048,0,0,0,0,0,0,0,0,0,0,5072
matrix-06-eon-empty,eon,empty,1788891408.904779,2076329,1964404,16445986,supervisor,/nix/store/cig8r1rifpl2lzswi4ga6l744y3v0ck9-eon-0.1.0/bin/.eon-wrapped,.eon-wrapped,/nix/store/cig8r1rifpl2lzswi4ga6l744y3v0ck9-eon-0.1.0/bin/eon run -- /usr/bin/python3 /home/lucca/.local/state/eon/proofs/eon-zlf-20260908/child.py /home/lucca/.local/state/eon/proofs/eon-zlf-20260908/runs/matrix-06-eon-empty empty ,30,120,1224,573,,3844,2002,288,288,1714,0,1888,0,1668,288,3844,288,0,0,0,0,0,0,0,0,0,0,1956
matrix-06-eon-empty,eon,empty,1788891408.904779,2076331,2076329,16445986,venus,/nix/store/37v7m8kb88fgs4lgwk7ajcbf9hjb8pn7-yazelix-venus-0.1.0/bin/.yazelix-venus-wrapped,.yazelix-venus-,/nix/store/37v7m8kb88fgs4lgwk7ajcbf9hjb8pn7-yazelix-venus-0.1.0/bin/yazelix-venus --no-decorations --application-id eon --background-opacity 1 --font-family DejaVu Sans Mono --font-size 16 --line-height 1.125 --columns 118 --rows 30 --workspace /tmp/ezlf-igrhhtta/eon/generations/g1-89197ef167524f65290419c34b3a6b70/eon.sock ,30,120,1224,573,,86456,69115,31423,31408,37678,29,30408,24,24612,31412,86456,31408,0,0,0,0,0,0,0,0,0,0,56024
matrix-06-eon-empty,eon,empty,1788891408.904779,2076432,2076329,16446008,orbit,/nix/store/mi0x8hjx6ys0dwhq13dnwhh5qnl0n0nf-yazelix-orbit-0.1.0/bin/yazelix-orbit,yazelix-orbit,"/nix/store/mi0x8hjx6ys0dwhq13dnwhh5qnl0n0nf-yazelix-orbit-0.1.0/bin/yazelix-orbit serve /tmp/ezlf-igrhhtta/eon/generations/g1-89197ef167524f65290419c34b3a6b70/orbit.sock --management-v1 session-1 2076329-1788891405054492101-1 91999d79546422b49bdbc124166a65859d0bd872 --ansi-palette-v1 000000,cd0000,00cd00,cdcd00,1093f5,cd00cd,00cdcd,faebd7,404040,ff0000,00ff00,ffff00,11b5f6,ff00ff,00ffff,ffffff -- /usr/bin/python3 /home/lucca/.local/state/eon/proofs/eon-zlf-20260908/child.py /home/lucca/.local/state/eon/proofs/eon-zlf-20260908/runs/matrix-06-eon-empty empty ",30,120,1224,573,,4488,1831,684,684,1147,0,3000,0,804,684,4488,684,0,0,0,0,0,0,0,0,0,0,1488
matrix-06-eon-empty,eon,empty,1788891408.904779,2076433,2076432,16446008,child,/usr/bin/python3.12,python3,/usr/bin/python3 /home/lucca/.local/state/eon/proofs/eon-zlf-20260908/child.py /home/lucca/.local/state/eon/proofs/eon-zlf-20260908/runs/matrix-06-eon-empty empty ,30,120,1224,573,,11912,6751,5044,5044,1707,0,6844,0,24,5044,11912,5044,0,0,0,0,0,0,0,0,0,0,5068
matrix-06-eon-mixed,eon,mixed,1788891342.6045935,2056447,1964404,16439327,supervisor,/nix/store/cig8r1rifpl2lzswi4ga6l744y3v0ck9-eon-0.1.0/bin/.eon-wrapped,.eon-wrapped,/nix/store/cig8r1rifpl2lzswi4ga6l744y3v0ck9-eon-0.1.0/bin/eon run -- /usr/bin/python3 /home/lucca/.local/state/eon/proofs/eon-zlf-20260908/child.py /home/lucca/.local/state/eon/proofs/eon-zlf-20260908/runs/matrix-06-eon-mixed mixed ,30,120,1224,573,,3876,2026,292,292,1734,0,1896,0,1688,292,3876,292,0,0,0,0,0,0,0,0,0,0,1980
matrix-06-eon-mixed,eon,mixed,1788891342.6045935,2056451,2056447,16439328,venus,/nix/store/37v7m8kb88fgs4lgwk7ajcbf9hjb8pn7-yazelix-venus-0.1.0/bin/.yazelix-venus-wrapped,.yazelix-venus-,/nix/store/37v7m8kb88fgs4lgwk7ajcbf9hjb8pn7-yazelix-venus-0.1.0/bin/yazelix-venus --no-decorations --application-id eon --background-opacity 1 --font-family DejaVu Sans Mono --font-size 16 --line-height 1.125 --columns 118 --rows 30 --workspace /tmp/ezlf-xdk4d77p/eon/generations/g1-89197ef167524f65290419c34b3a6b70/eon.sock ,30,120,1224,573,,98368,81060,43123,43108,37923,29,30376,24,24856,43112,98368,43108,0,0,0,0,0,0,0,0,0,0,67968
matrix-06-eon-mixed,eon,mixed,1788891342.6045935,2056549,2056447,16439350,orbit,/nix/store/mi0x8hjx6ys0dwhq13dnwhh5qnl0n0nf-yazelix-orbit-0.1.0/bin/yazelix-orbit,yazelix-orbit,"/nix/store/mi0x8hjx6ys0dwhq13dnwhh5qnl0n0nf-yazelix-orbit-0.1.0/bin/yazelix-orbit serve /tmp/ezlf-xdk4d77p/eon/generations/g1-89197ef167524f65290419c34b3a6b70/orbit.sock --management-v1 session-1 2056447-1788891338468539222-1 91999d79546422b49bdbc124166a65859d0bd872 --ansi-palette-v1 000000,cd0000,00cd00,cdcd00,1093f5,cd00cd,00cdcd,faebd7,404040,ff0000,00ff00,ffff00,11b5f6,ff00ff,00ffff,ffffff -- /usr/bin/python3 /home/lucca/.local/state/eon/proofs/eon-zlf-20260908/child.py /home/lucca/.local/state/eon/proofs/eon-zlf-20260908/runs/matrix-06-eon-mixed mixed ",30,120,1224,573,,19520,16838,15588,15588,1250,0,3036,0,896,15588,19520,15588,0,0,0,0,0,0,0,0,0,0,16484
matrix-06-eon-mixed,eon,mixed,1788891342.6045935,2056550,2056549,16439350,child,/usr/bin/python3.12,python3,/usr/bin/python3 /home/lucca/.local/state/eon/proofs/eon-zlf-20260908/child.py /home/lucca/.local/state/eon/proofs/eon-zlf-20260908/runs/matrix-06-eon-mixed mixed ,30,120,1224,573,,11872,6747,5040,5040,1707,0,6808,0,24,5040,11872,5040,0,0,0,0,0,0,0,0,0,0,5064
matrix-06-eon-plain,eon,plain,1788891319.4356794,2049450,1964404,16437025,supervisor,/nix/store/cig8r1rifpl2lzswi4ga6l744y3v0ck9-eon-0.1.0/bin/.eon-wrapped,.eon-wrapped,/nix/store/cig8r1rifpl2lzswi4ga6l744y3v0ck9-eon-0.1.0/bin/eon run -- /usr/bin/python3 /home/lucca/.local/state/eon/proofs/eon-zlf-20260908/child.py /home/lucca/.local/state/eon/proofs/eon-zlf-20260908/runs/matrix-06-eon-plain plain ,30,120,1224,573,,3888,2038,288,288,1750,0,1896,0,1704,288,3888,288,0,0,0,0,0,0,0,0,0,0,1992
matrix-06-eon-plain,eon,plain,1788891319.4356794,2049454,2049450,16437026,venus,/nix/store/37v7m8kb88fgs4lgwk7ajcbf9hjb8pn7-yazelix-venus-0.1.0/bin/.yazelix-venus-wrapped,.yazelix-venus-,/nix/store/37v7m8kb88fgs4lgwk7ajcbf9hjb8pn7-yazelix-venus-0.1.0/bin/yazelix-venus --no-decorations --application-id eon --background-opacity 1 --font-family DejaVu Sans Mono --font-size 16 --line-height 1.125 --columns 118 --rows 30 --workspace /tmp/ezlf-5fey8llr/eon/generations/g1-89197ef167524f65290419c34b3a6b70/eon.sock ,30,120,1224,573,,98272,80941,43143,43128,37784,29,30400,24,24716,43132,98272,43128,0,0,0,0,0,0,0,0,0,0,67848
matrix-06-eon-plain,eon,plain,1788891319.4356794,2049556,2049450,16437048,orbit,/nix/store/mi0x8hjx6ys0dwhq13dnwhh5qnl0n0nf-yazelix-orbit-0.1.0/bin/yazelix-orbit,yazelix-orbit,"/nix/store/mi0x8hjx6ys0dwhq13dnwhh5qnl0n0nf-yazelix-orbit-0.1.0/bin/yazelix-orbit serve /tmp/ezlf-5fey8llr/eon/generations/g1-89197ef167524f65290419c34b3a6b70/orbit.sock --management-v1 session-1 2049450-1788891315456041438-1 91999d79546422b49bdbc124166a65859d0bd872 --ansi-palette-v1 000000,cd0000,00cd00,cdcd00,1093f5,cd00cd,00cdcd,faebd7,404040,ff0000,00ff00,ffff00,11b5f6,ff00ff,00ffff,ffffff -- /usr/bin/python3 /home/lucca/.local/state/eon/proofs/eon-zlf-20260908/child.py /home/lucca/.local/state/eon/proofs/eon-zlf-20260908/runs/matrix-06-eon-plain plain ",30,120,1224,573,,14440,11740,10508,10508,1232,0,3060,0,872,10508,14440,10508,0,0,0,0,0,0,0,0,0,0,11380
matrix-06-eon-plain,eon,plain,1788891319.4356794,2049557,2049556,16437048,child,/usr/bin/python3.12,python3,/usr/bin/python3 /home/lucca/.local/state/eon/proofs/eon-zlf-20260908/child.py /home/lucca/.local/state/eon/proofs/eon-zlf-20260908/runs/matrix-06-eon-plain plain ,30,120,1224,573,,11868,6752,5044,5044,1708,0,6800,0,24,5044,11868,5044,0,0,0,0,0,0,0,0,0,0,5068
matrix-06-eon-screen,eon,screen,1788891400.9321666,2073924,1964404,16445192,supervisor,/nix/store/cig8r1rifpl2lzswi4ga6l744y3v0ck9-eon-0.1.0/bin/.eon-wrapped,.eon-wrapped,/nix/store/cig8r1rifpl2lzswi4ga6l744y3v0ck9-eon-0.1.0/bin/eon run -- /usr/bin/python3 /home/lucca/.local/state/eon/proofs/eon-zlf-20260908/child.py /home/lucca/.local/state/eon/proofs/eon-zlf-20260908/runs/matrix-06-eon-screen screen ,30,120,1224,573,,3880,2030,288,288,1742,0,1896,0,1696,288,3880,288,0,0,0,0,0,0,0,0,0,0,1984
matrix-06-eon-screen,eon,screen,1788891400.9321666,2073926,2073924,16445192,venus,/nix/store/37v7m8kb88fgs4lgwk7ajcbf9hjb8pn7-yazelix-venus-0.1.0/bin/.yazelix-venus-wrapped,.yazelix-venus-,/nix/store/37v7m8kb88fgs4lgwk7ajcbf9hjb8pn7-yazelix-venus-0.1.0/bin/yazelix-venus --no-decorations --application-id eon --background-opacity 1 --font-family DejaVu Sans Mono --font-size 16 --line-height 1.125 --columns 118 --rows 30 --workspace /tmp/ezlf-emqe0mga/eon/generations/g1-89197ef167524f65290419c34b3a6b70/eon.sock ,30,120,1224,573,,97276,79944,42259,42244,37670,29,30404,24,24600,42248,97276,42244,0,0,0,0,0,0,0,0,0,0,66848
matrix-06-eon-screen,eon,screen,1788891400.9321666,2074020,2073924,16445213,orbit,/nix/store/mi0x8hjx6ys0dwhq13dnwhh5qnl0n0nf-yazelix-orbit-0.1.0/bin/yazelix-orbit,yazelix-orbit,"/nix/store/mi0x8hjx6ys0dwhq13dnwhh5qnl0n0nf-yazelix-orbit-0.1.0/bin/yazelix-orbit serve /tmp/ezlf-emqe0mga/eon/generations/g1-89197ef167524f65290419c34b3a6b70/orbit.sock --management-v1 session-1 2073924-1788891397107226479-1 91999d79546422b49bdbc124166a65859d0bd872 --ansi-palette-v1 000000,cd0000,00cd00,cdcd00,1093f5,cd00cd,00cdcd,faebd7,404040,ff0000,00ff00,ffff00,11b5f6,ff00ff,00ffff,ffffff -- /usr/bin/python3 /home/lucca/.local/state/eon/proofs/eon-zlf-20260908/child.py /home/lucca/.local/state/eon/proofs/eon-zlf-20260908/runs/matrix-06-eon-screen screen ",30,120,1224,573,,4440,1800,700,700,1100,0,2972,0,768,700,4440,700,0,0,0,0,0,0,0,0,0,0,1468
matrix-06-eon-screen,eon,screen,1788891400.9321666,2074021,2074020,16445213,child,/usr/bin/python3.12,python3,/usr/bin/python3 /home/lucca/.local/state/eon/proofs/eon-zlf-20260908/child.py /home/lucca/.local/state/eon/proofs/eon-zlf-20260908/runs/matrix-06-eon-screen screen ,30,120,1224,573,,11948,6758,5048,5048,1710,0,6876,0,24,5048,11948,5048,0,0,0,0,0,0,0,0,0,0,5072
matrix-06-eon-styled,eon,styled,1788891373.9067976,2065774,1964404,16442460,supervisor,/nix/store/cig8r1rifpl2lzswi4ga6l744y3v0ck9-eon-0.1.0/bin/.eon-wrapped,.eon-wrapped,/nix/store/cig8r1rifpl2lzswi4ga6l744y3v0ck9-eon-0.1.0/bin/eon run -- /usr/bin/python3 /home/lucca/.local/state/eon/proofs/eon-zlf-20260908/child.py /home/lucca/.local/state/eon/proofs/eon-zlf-20260908/runs/matrix-06-eon-styled styled ,30,120,1224,573,,3888,2038,288,288,1750,0,1896,0,1704,288,3888,288,0,0,0,0,0,0,0,0,0,0,1992
matrix-06-eon-styled,eon,styled,1788891373.9067976,2065779,2065774,16442461,venus,/nix/store/37v7m8kb88fgs4lgwk7ajcbf9hjb8pn7-yazelix-venus-0.1.0/bin/.yazelix-venus-wrapped,.yazelix-venus-,/nix/store/37v7m8kb88fgs4lgwk7ajcbf9hjb8pn7-yazelix-venus-0.1.0/bin/yazelix-venus --no-decorations --application-id eon --background-opacity 1 --font-family DejaVu Sans Mono --font-size 16 --line-height 1.125 --columns 118 --rows 30 --workspace /tmp/ezlf-03l3zpm4/eon/generations/g1-89197ef167524f65290419c34b3a6b70/eon.sock ,30,120,1224,573,,98412,81107,43199,43184,37894,29,30372,24,24828,43188,98412,43184,0,0,0,0,0,0,0,0,0,0,68016
matrix-06-eon-styled,eon,styled,1788891373.9067976,2065875,2065774,16442482,orbit,/nix/store/mi0x8hjx6ys0dwhq13dnwhh5qnl0n0nf-yazelix-orbit-0.1.0/bin/yazelix-orbit,yazelix-orbit,"/nix/store/mi0x8hjx6ys0dwhq13dnwhh5qnl0n0nf-yazelix-orbit-0.1.0/bin/yazelix-orbit serve /tmp/ezlf-03l3zpm4/eon/generations/g1-89197ef167524f65290419c34b3a6b70/orbit.sock --management-v1 session-1 2065774-1788891369796703595-1 91999d79546422b49bdbc124166a65859d0bd872 --ansi-palette-v1 000000,cd0000,00cd00,cdcd00,1093f5,cd00cd,00cdcd,faebd7,404040,ff0000,00ff00,ffff00,11b5f6,ff00ff,00ffff,ffffff -- /usr/bin/python3 /home/lucca/.local/state/eon/proofs/eon-zlf-20260908/child.py /home/lucca/.local/state/eon/proofs/eon-zlf-20260908/runs/matrix-06-eon-styled styled ",30,120,1224,573,,14628,11976,10820,10820,1156,0,2992,0,816,10820,14628,10820,0,0,0,0,0,0,0,0,0,0,11636
matrix-06-eon-styled,eon,styled,1788891373.9067976,2065876,2065875,16442483,child,/usr/bin/python3.12,python3,/usr/bin/python3 /home/lucca/.local/state/eon/proofs/eon-zlf-20260908/child.py /home/lucca/.local/state/eon/proofs/eon-zlf-20260908/runs/matrix-06-eon-styled styled ,30,120,1224,573,,11884,6751,5044,5044,1707,0,6816,0,24,5044,11884,5044,0,0,0,0,0,0,0,0,0,0,5068
matrix-06-eon-unicode,eon,unicode,1788891369.457984,2064393,1964404,16441992,supervisor,/nix/store/cig8r1rifpl2lzswi4ga6l744y3v0ck9-eon-0.1.0/bin/.eon-wrapped,.eon-wrapped,/nix/store/cig8r1rifpl2lzswi4ga6l744y3v0ck9-eon-0.1.0/bin/eon run -- /usr/bin/python3 /home/lucca/.local/state/eon/proofs/eon-zlf-20260908/child.py /home/lucca/.local/state/eon/proofs/eon-zlf-20260908/runs/matrix-06-eon-unicode unicode ,30,120,1224,573,,3864,2014,288,288,1726,0,1896,0,1680,288,3864,288,0,0,0,0,0,0,0,0,0,0,1968
matrix-06-eon-unicode,eon,unicode,1788891369.457984,2064395,2064393,16441993,venus,/nix/store/37v7m8kb88fgs4lgwk7ajcbf9hjb8pn7-yazelix-venus-0.1.0/bin/.yazelix-venus-wrapped,.yazelix-venus-,/nix/store/37v7m8kb88fgs4lgwk7ajcbf9hjb8pn7-yazelix-venus-0.1.0/bin/yazelix-venus --no-decorations --application-id eon --background-opacity 1 --font-family DejaVu Sans Mono --font-size 16 --line-height 1.125 --columns 118 --rows 30 --workspace /tmp/ezlf-ez3cbmlo/eon/generations/g1-89197ef167524f65290419c34b3a6b70/eon.sock ,30,120,1224,573,,98580,81229,43299,43284,37916,29,30436,24,24832,43288,98580,43284,0,0,0,0,0,0,0,0,0,0,68120
matrix-06-eon-unicode,eon,unicode,1788891369.457984,2064494,2064393,16442014,orbit,/nix/store/mi0x8hjx6ys0dwhq13dnwhh5qnl0n0nf-yazelix-orbit-0.1.0/bin/yazelix-orbit,yazelix-orbit,"/nix/store/mi0x8hjx6ys0dwhq13dnwhh5qnl0n0nf-yazelix-orbit-0.1.0/bin/yazelix-orbit serve /tmp/ezlf-ez3cbmlo/eon/generations/g1-89197ef167524f65290419c34b3a6b70/orbit.sock --management-v1 session-1 2064393-1788891365115915042-1 91999d79546422b49bdbc124166a65859d0bd872 --ansi-palette-v1 000000,cd0000,00cd00,cdcd00,1093f5,cd00cd,00cdcd,faebd7,404040,ff0000,00ff00,ffff00,11b5f6,ff00ff,00ffff,ffffff -- /usr/bin/python3 /home/lucca/.local/state/eon/proofs/eon-zlf-20260908/child.py /home/lucca/.local/state/eon/proofs/eon-zlf-20260908/runs/matrix-06-eon-unicode unicode ",30,120,1224,573,,20720,18020,16724,16724,1296,0,3060,0,936,16724,20720,16724,0,0,0,0,0,0,0,0,0,0,17660
matrix-06-eon-unicode,eon,unicode,1788891369.457984,2064495,2064494,16442014,child,/usr/bin/python3.12,python3,/usr/bin/python3 /home/lucca/.local/state/eon/proofs/eon-zlf-20260908/child.py /home/lucca/.local/state/eon/proofs/eon-zlf-20260908/runs/matrix-06-eon-unicode unicode ,30,120,1224,573,,11924,6747,5040,5040,1707,0,6860,0,24,5040,11924,5040,0,0,0,0,0,0,0,0,0,0,5064
matrix-06-eonterm-empty,eonterm,empty,1788891416.7749193,2078775,1964404,16446778,supervisor,/nix/store/95x87mc3gdc22fvk920dz6jg6mfr3qxs-eonterm-0.1.0/bin/.eonterm-wrapped,.eonterm-wrappe,/nix/store/95x87mc3gdc22fvk920dz6jg6mfr3qxs-eonterm-0.1.0/bin/eonterm -- /usr/bin/python3 /home/lucca/.local/state/eon/proofs/eon-zlf-20260908/child.py /home/lucca/.local/state/eon/proofs/eon-zlf-20260908/runs/matrix-06-eonterm-empty empty ,30,120,1224,564,,3868,2018,284,284,1734,0,1896,0,1688,284,3868,284,0,0,0,0,0,0,0,0,0,0,1972
matrix-06-eonterm-empty,eonterm,empty,1788891416.7749193,2078776,2078775,16446778,venus,/nix/store/37v7m8kb88fgs4lgwk7ajcbf9hjb8pn7-yazelix-venus-0.1.0/bin/.yazelix-venus-wrapped,.yazelix-venus-,/nix/store/37v7m8kb88fgs4lgwk7ajcbf9hjb8pn7-yazelix-venus-0.1.0/bin/yazelix-venus --application-id eonterm --background-opacity 1 --font-family DejaVu Sans Mono --font-size 16 --line-height 1.125 --columns 120 --rows 30 /tmp/ezlf-4e7ddqs8/eonterm/generations/g1-89197ef167524f65290419c34b3a6b70/orbit.sock ,30,120,1224,564,,86400,68887,31175,31160,37698,29,30592,24,24620,31164,86400,31160,0,0,0,0,0,0,0,0,0,0,55784
matrix-06-eonterm-empty,eonterm,empty,1788891416.7749193,2078835,2078775,16446794,orbit,/nix/store/mi0x8hjx6ys0dwhq13dnwhh5qnl0n0nf-yazelix-orbit-0.1.0/bin/yazelix-orbit,yazelix-orbit,"/nix/store/mi0x8hjx6ys0dwhq13dnwhh5qnl0n0nf-yazelix-orbit-0.1.0/bin/yazelix-orbit serve /tmp/ezlf-4e7ddqs8/eonterm/generations/g1-89197ef167524f65290419c34b3a6b70/orbit.sock --management-v1 session-1 2078775-1788891412910015606-0 91999d79546422b49bdbc124166a65859d0bd872 --ansi-palette-v1 000000,cd0000,00cd00,cdcd00,1093f5,cd00cd,00cdcd,faebd7,404040,ff0000,00ff00,ffff00,11b5f6,ff00ff,00ffff,ffffff -- /usr/bin/python3 /home/lucca/.local/state/eon/proofs/eon-zlf-20260908/child.py /home/lucca/.local/state/eon/proofs/eon-zlf-20260908/runs/matrix-06-eonterm-empty empty ",30,120,1224,564,,4452,1792,648,648,1144,0,3004,0,800,648,4452,648,0,0,0,0,0,0,0,0,0,0,1448
matrix-06-eonterm-empty,eonterm,empty,1788891416.7749193,2078836,2078835,16446794,child,/usr/bin/python3.12,python3,/usr/bin/python3 /home/lucca/.local/state/eon/proofs/eon-zlf-20260908/child.py /home/lucca/.local/state/eon/proofs/eon-zlf-20260908/runs/matrix-06-eonterm-empty empty ,30,120,1224,564,,11876,6743,5036,5036,1707,0,6816,0,24,5036,11876,5036,0,0,0,0,0,0,0,0,0,0,5060
matrix-06-eonterm-mixed,eonterm,mixed,1788891347.0541744,2057791,1964404,16439775,supervisor,/nix/store/95x87mc3gdc22fvk920dz6jg6mfr3qxs-eonterm-0.1.0/bin/.eonterm-wrapped,.eonterm-wrappe,/nix/store/95x87mc3gdc22fvk920dz6jg6mfr3qxs-eonterm-0.1.0/bin/eonterm -- /usr/bin/python3 /home/lucca/.local/state/eon/proofs/eon-zlf-20260908/child.py /home/lucca/.local/state/eon/proofs/eon-zlf-20260908/runs/matrix-06-eonterm-mixed mixed ,30,120,1224,564,,3868,2018,284,284,1734,0,1896,0,1688,284,3868,284,0,0,0,0,0,0,0,0,0,0,1972
matrix-06-eonterm-mixed,eonterm,mixed,1788891347.0541744,2057796,2057791,16439776,venus,/nix/store/37v7m8kb88fgs4lgwk7ajcbf9hjb8pn7-yazelix-venus-0.1.0/bin/.yazelix-venus-wrapped,.yazelix-venus-,/nix/store/37v7m8kb88fgs4lgwk7ajcbf9hjb8pn7-yazelix-venus-0.1.0/bin/yazelix-venus --application-id eonterm --background-opacity 1 --font-family DejaVu Sans Mono --font-size 16 --line-height 1.125 --columns 120 --rows 30 /tmp/ezlf-6nv9em3d/eonterm/generations/g1-89197ef167524f65290419c34b3a6b70/orbit.sock ,30,120,1224,564,,98528,81039,43144,43128,37881,30,30564,24,24808,43132,98528,43128,0,0,0,0,0,0,0,0,0,0,67940
matrix-06-eonterm-mixed,eonterm,mixed,1788891347.0541744,2057856,2057791,16439791,orbit,/nix/store/mi0x8hjx6ys0dwhq13dnwhh5qnl0n0nf-yazelix-orbit-0.1.0/bin/yazelix-orbit,yazelix-orbit,"/nix/store/mi0x8hjx6ys0dwhq13dnwhh5qnl0n0nf-yazelix-orbit-0.1.0/bin/yazelix-orbit serve /tmp/ezlf-6nv9em3d/eonterm/generations/g1-89197ef167524f65290419c34b3a6b70/orbit.sock --management-v1 session-1 2057791-1788891342881438032-0 91999d79546422b49bdbc124166a65859d0bd872 --ansi-palette-v1 000000,cd0000,00cd00,cdcd00,1093f5,cd00cd,00cdcd,faebd7,404040,ff0000,00ff00,ffff00,11b5f6,ff00ff,00ffff,ffffff -- /usr/bin/python3 /home/lucca/.local/state/eon/proofs/eon-zlf-20260908/child.py /home/lucca/.local/state/eon/proofs/eon-zlf-20260908/runs/matrix-06-eonterm-mixed mixed ",30,120,1224,564,,19488,16791,15556,15556,1235,0,3056,0,876,15556,19488,15556,0,0,0,0,0,0,0,0,0,0,16432
matrix-06-eonterm-mixed,eonterm,mixed,1788891347.0541744,2057857,2057856,16439791,child,/usr/bin/python3.12,python3,/usr/bin/python3 /home/lucca/.local/state/eon/proofs/eon-zlf-20260908/child.py /home/lucca/.local/state/eon/proofs/eon-zlf-20260908/runs/matrix-06-eonterm-mixed mixed ,30,120,1224,564,,11876,6747,5040,5040,1707,0,6812,0,24,5040,11876,5040,0,0,0,0,0,0,0,0,0,0,5064
matrix-06-eonterm-plain,eonterm,plain,1788891332.7819428,2053510,1964404,16438364,supervisor,/nix/store/95x87mc3gdc22fvk920dz6jg6mfr3qxs-eonterm-0.1.0/bin/.eonterm-wrapped,.eonterm-wrappe,/nix/store/95x87mc3gdc22fvk920dz6jg6mfr3qxs-eonterm-0.1.0/bin/eonterm -- /usr/bin/python3 /home/lucca/.local/state/eon/proofs/eon-zlf-20260908/child.py /home/lucca/.local/state/eon/proofs/eon-zlf-20260908/runs/matrix-06-eonterm-plain plain ,30,120,1224,564,,3868,2019,284,284,1735,0,1896,0,1688,284,3868,284,0,0,0,0,0,0,0,0,0,0,1972
matrix-06-eonterm-plain,eonterm,plain,1788891332.7819428,2053513,2053510,16438365,venus,/nix/store/37v7m8kb88fgs4lgwk7ajcbf9hjb8pn7-yazelix-venus-0.1.0/bin/.yazelix-venus-wrapped,.yazelix-venus-,/nix/store/37v7m8kb88fgs4lgwk7ajcbf9hjb8pn7-yazelix-venus-0.1.0/bin/yazelix-venus --application-id eonterm --background-opacity 1 --font-family DejaVu Sans Mono --font-size 16 --line-height 1.125 --columns 120 --rows 30 /tmp/ezlf-7rheeuzc/eonterm/generations/g1-89197ef167524f65290419c34b3a6b70/orbit.sock ,30,120,1224,564,,98300,80758,42931,42916,37813,29,30636,24,24720,42920,98300,42916,0,0,0,0,0,0,0,0,0,0,67640
matrix-06-eonterm-plain,eonterm,plain,1788891332.7819428,2053571,2053510,16438379,orbit,/nix/store/mi0x8hjx6ys0dwhq13dnwhh5qnl0n0nf-yazelix-orbit-0.1.0/bin/yazelix-orbit,yazelix-orbit,"/nix/store/mi0x8hjx6ys0dwhq13dnwhh5qnl0n0nf-yazelix-orbit-0.1.0/bin/yazelix-orbit serve /tmp/ezlf-7rheeuzc/eonterm/generations/g1-89197ef167524f65290419c34b3a6b70/orbit.sock --management-v1 session-1 2053510-1788891328763448806-0 91999d79546422b49bdbc124166a65859d0bd872 --ansi-palette-v1 000000,cd0000,00cd00,cdcd00,1093f5,cd00cd,00cdcd,faebd7,404040,ff0000,00ff00,ffff00,11b5f6,ff00ff,00ffff,ffffff -- /usr/bin/python3 /home/lucca/.local/state/eon/proofs/eon-zlf-20260908/child.py /home/lucca/.local/state/eon/proofs/eon-zlf-20260908/runs/matrix-06-eonterm-plain plain ",30,120,1224,564,,14408,11724,10480,10480,1244,0,3040,0,888,10480,14408,10480,0,0,0,0,0,0,0,0,0,0,11368
matrix-06-eonterm-plain,eonterm,plain,1788891332.7819428,2053572,2053571,16438379,child,/usr/bin/python3.12,python3,/usr/bin/python3 /home/lucca/.local/state/eon/proofs/eon-zlf-20260908/child.py /home/lucca/.local/state/eon/proofs/eon-zlf-20260908/runs/matrix-06-eonterm-plain plain ,30,120,1224,564,,11900,6748,5036,5036,1712,0,6840,0,24,5036,11900,5036,0,0,0,0,0,0,0,0,0,0,5060
matrix-06-eonterm-screen,eonterm,screen,1788891391.5234005,2071139,1964404,16444253,supervisor,/nix/store/95x87mc3gdc22fvk920dz6jg6mfr3qxs-eonterm-0.1.0/bin/.eonterm-wrapped,.eonterm-wrappe,/nix/store/95x87mc3gdc22fvk920dz6jg6mfr3qxs-eonterm-0.1.0/bin/eonterm -- /usr/bin/python3 /home/lucca/.local/state/eon/proofs/eon-zlf-20260908/child.py /home/lucca/.local/state/eon/proofs/eon-zlf-20260908/runs/matrix-06-eonterm-screen screen ,30,120,1224,564,,3864,2018,284,284,1734,0,1892,0,1688,284,3864,284,0,0,0,0,0,0,0,0,0,0,1972
matrix-06-eonterm-screen,eonterm,screen,1788891391.5234005,2071141,2071139,16444254,venus,/nix/store/37v7m8kb88fgs4lgwk7ajcbf9hjb8pn7-yazelix-venus-0.1.0/bin/.yazelix-venus-wrapped,.yazelix-venus-,/nix/store/37v7m8kb88fgs4lgwk7ajcbf9hjb8pn7-yazelix-venus-0.1.0/bin/yazelix-venus --application-id eonterm --background-opacity 1 --font-family DejaVu Sans Mono --font-size 16 --line-height 1.125 --columns 120 --rows 30 /tmp/ezlf-hgsl37pv/eonterm/generations/g1-89197ef167524f65290419c34b3a6b70/orbit.sock ,30,120,1224,564,,97596,80062,42319,42304,37729,29,30624,24,24640,42308,97596,42304,0,0,0,0,0,0,0,0,0,0,66948
matrix-06-eonterm-screen,eonterm,screen,1788891391.5234005,2071200,2071139,16444268,orbit,/nix/store/mi0x8hjx6ys0dwhq13dnwhh5qnl0n0nf-yazelix-orbit-0.1.0/bin/yazelix-orbit,yazelix-orbit,"/nix/store/mi0x8hjx6ys0dwhq13dnwhh5qnl0n0nf-yazelix-orbit-0.1.0/bin/yazelix-orbit serve /tmp/ezlf-hgsl37pv/eonterm/generations/g1-89197ef167524f65290419c34b3a6b70/orbit.sock --management-v1 session-1 2071139-1788891387653935857-0 91999d79546422b49bdbc124166a65859d0bd872 --ansi-palette-v1 000000,cd0000,00cd00,cdcd00,1093f5,cd00cd,00cdcd,faebd7,404040,ff0000,00ff00,ffff00,11b5f6,ff00ff,00ffff,ffffff -- /usr/bin/python3 /home/lucca/.local/state/eon/proofs/eon-zlf-20260908/child.py /home/lucca/.local/state/eon/proofs/eon-zlf-20260908/runs/matrix-06-eonterm-screen screen ",30,120,1224,564,,4396,1751,656,656,1095,0,2976,0,764,656,4396,656,0,0,0,0,0,0,0,0,0,0,1420
matrix-06-eonterm-screen,eonterm,screen,1788891391.5234005,2071201,2071200,16444268,child,/usr/bin/python3.12,python3,/usr/bin/python3 /home/lucca/.local/state/eon/proofs/eon-zlf-20260908/child.py /home/lucca/.local/state/eon/proofs/eon-zlf-20260908/runs/matrix-06-eonterm-screen screen ,30,120,1224,564,,11904,6752,5044,5044,1708,0,6836,0,24,5044,11904,5044,0,0,0,0,0,0,0,0,0,0,5068
matrix-06-eonterm-styled,eonterm,styled,1788891378.2487605,2067080,1964404,16442905,supervisor,/nix/store/95x87mc3gdc22fvk920dz6jg6mfr3qxs-eonterm-0.1.0/bin/.eonterm-wrapped,.eonterm-wrappe,/nix/store/95x87mc3gdc22fvk920dz6jg6mfr3qxs-eonterm-0.1.0/bin/eonterm -- /usr/bin/python3 /home/lucca/.local/state/eon/proofs/eon-zlf-20260908/child.py /home/lucca/.local/state/eon/proofs/eon-zlf-20260908/runs/matrix-06-eonterm-styled styled ,30,120,1224,564,,3864,2014,292,292,1722,0,1896,0,1676,292,3864,292,0,0,0,0,0,0,0,0,0,0,1968
matrix-06-eonterm-styled,eonterm,styled,1788891378.2487605,2067085,2067080,16442906,venus,/nix/store/37v7m8kb88fgs4lgwk7ajcbf9hjb8pn7-yazelix-venus-0.1.0/bin/.yazelix-venus-wrapped,.yazelix-venus-,/nix/store/37v7m8kb88fgs4lgwk7ajcbf9hjb8pn7-yazelix-venus-0.1.0/bin/yazelix-venus --application-id eonterm --background-opacity 1 --font-family DejaVu Sans Mono --font-size 16 --line-height 1.125 --columns 120 --rows 30 /tmp/ezlf-1m70iza2/eonterm/generations/g1-89197ef167524f65290419c34b3a6b70/orbit.sock ,30,120,1224,564,,98408,80893,42996,42980,37883,30,30596,24,24804,42984,98408,42980,0,0,0,0,0,0,0,0,0,0,67788
matrix-06-eonterm-styled,eonterm,styled,1788891378.2487605,2067141,2067080,16442920,orbit,/nix/store/mi0x8hjx6ys0dwhq13dnwhh5qnl0n0nf-yazelix-orbit-0.1.0/bin/yazelix-orbit,yazelix-orbit,"/nix/store/mi0x8hjx6ys0dwhq13dnwhh5qnl0n0nf-yazelix-orbit-0.1.0/bin/yazelix-orbit serve /tmp/ezlf-1m70iza2/eonterm/generations/g1-89197ef167524f65290419c34b3a6b70/orbit.sock --management-v1 session-1 2067080-1788891374178523227-0 91999d79546422b49bdbc124166a65859d0bd872 --ansi-palette-v1 000000,cd0000,00cd00,cdcd00,1093f5,cd00cd,00cdcd,faebd7,404040,ff0000,00ff00,ffff00,11b5f6,ff00ff,00ffff,ffffff -- /usr/bin/python3 /home/lucca/.local/state/eon/proofs/eon-zlf-20260908/child.py /home/lucca/.local/state/eon/proofs/eon-zlf-20260908/runs/matrix-06-eonterm-styled styled ",30,120,1224,564,,14596,11948,10792,10792,1156,0,2980,0,824,10792,14596,10792,0,0,0,0,0,0,0,0,0,0,11616
matrix-06-eonterm-styled,eonterm,styled,1788891378.2487605,2067142,2067141,16442921,child,/usr/bin/python3.12,python3,/usr/bin/python3 /home/lucca/.local/state/eon/proofs/eon-zlf-20260908/child.py /home/lucca/.local/state/eon/proofs/eon-zlf-20260908/runs/matrix-06-eonterm-styled styled ,30,120,1224,564,,11888,6751,5044,5044,1707,0,6820,0,24,5044,11888,5044,0,0,0,0,0,0,0,0,0,0,5068
matrix-06-eonterm-unicode,eonterm,unicode,1788891359.22633,2061343,1964404,16440977,supervisor,/nix/store/95x87mc3gdc22fvk920dz6jg6mfr3qxs-eonterm-0.1.0/bin/.eonterm-wrapped,.eonterm-wrappe,/nix/store/95x87mc3gdc22fvk920dz6jg6mfr3qxs-eonterm-0.1.0/bin/eonterm -- /usr/bin/python3 /home/lucca/.local/state/eon/proofs/eon-zlf-20260908/child.py /home/lucca/.local/state/eon/proofs/eon-zlf-20260908/runs/matrix-06-eonterm-unicode unicode ,30,120,1224,564,,3872,2022,288,288,1734,0,1896,0,1688,288,3872,288,0,0,0,0,0,0,0,0,0,0,1976
matrix-06-eonterm-unicode,eonterm,unicode,1788891359.22633,2061347,2061343,16440978,venus,/nix/store/37v7m8kb88fgs4lgwk7ajcbf9hjb8pn7-yazelix-venus-0.1.0/bin/.yazelix-venus-wrapped,.yazelix-venus-,/nix/store/37v7m8kb88fgs4lgwk7ajcbf9hjb8pn7-yazelix-venus-0.1.0/bin/yazelix-venus --application-id eonterm --background-opacity 1 --font-family DejaVu Sans Mono --font-size 16 --line-height 1.125 --columns 120 --rows 30 /tmp/ezlf-waowzrd_/eonterm/generations/g1-89197ef167524f65290419c34b3a6b70/orbit.sock ,30,120,1224,564,,98712,81188,43308,43292,37866,30,30604,24,24788,43296,98712,43292,0,0,0,0,0,0,0,0,0,0,68084
matrix-06-eonterm-unicode,eonterm,unicode,1788891359.22633,2061404,2061343,16440992,orbit,/nix/store/mi0x8hjx6ys0dwhq13dnwhh5qnl0n0nf-yazelix-orbit-0.1.0/bin/yazelix-orbit,yazelix-orbit,"/nix/store/mi0x8hjx6ys0dwhq13dnwhh5qnl0n0nf-yazelix-orbit-0.1.0/bin/yazelix-orbit serve /tmp/ezlf-waowzrd_/eonterm/generations/g1-89197ef167524f65290419c34b3a6b70/orbit.sock --management-v1 session-1 2061343-1788891354897132273-0 91999d79546422b49bdbc124166a65859d0bd872 --ansi-palette-v1 000000,cd0000,00cd00,cdcd00,1093f5,cd00cd,00cdcd,faebd7,404040,ff0000,00ff00,ffff00,11b5f6,ff00ff,00ffff,ffffff -- /usr/bin/python3 /home/lucca/.local/state/eon/proofs/eon-zlf-20260908/child.py /home/lucca/.local/state/eon/proofs/eon-zlf-20260908/runs/matrix-06-eonterm-unicode unicode ",30,120,1224,564,,20692,17992,16696,16696,1296,0,3060,0,936,16696,20692,16696,0,0,0,0,0,0,0,0,0,0,17632
matrix-06-eonterm-unicode,eonterm,unicode,1788891359.22633,2061405,2061404,16440992,child,/usr/bin/python3.12,python3,/usr/bin/python3 /home/lucca/.local/state/eon/proofs/eon-zlf-20260908/child.py /home/lucca/.local/state/eon/proofs/eon-zlf-20260908/runs/matrix-06-eonterm-unicode unicode ,30,120,1224,564,,11884,6747,5040,5040,1707,0,6820,0,24,5040,11884,5040,0,0,0,0,0,0,0,0,0,0,5064
matrix-06-foot-empty,foot,empty,1788891412.6221757,2077561,1964404,16446403,terminal,/usr/bin/foot,foot,/usr/bin/foot -c /home/lucca/.local/state/eon/proofs/eon-zlf-20260908/runs/matrix-06-foot-empty/foot.ini -T eon-zlf benchmark --app-id=eon-zlf-foot /usr/bin/python3 /home/lucca/.local/state/eon/proofs/eon-zlf-20260908/child.py /home/lucca/.local/state/eon/proofs/eon-zlf-20260908/runs/matrix-06-foot-empty empty ,30,120,1200,540,,19072,11667,8738,4756,2929,3982,6776,2660,2228,7408,19072,4756,0,0,0,0,0,0,0,0,0,0,9636
matrix-06-foot-empty,foot,empty,1788891412.6221757,2077571,2077561,16446406,child,/usr/bin/python3.12,python3,/usr/bin/python3 /home/lucca/.local/state/eon/proofs/eon-zlf-20260908/child.py /home/lucca/.local/state/eon/proofs/eon-zlf-20260908/runs/matrix-06-foot-empty empty ,30,120,1200,540,,11884,6750,5048,5048,1702,0,6812,0,24,5048,11884,5048,0,0,0,0,0,0,0,0,0,0,5072
matrix-06-foot-mixed,foot,mixed,1788891350.825967,2059083,1964404,16440219,terminal,/usr/bin/foot,foot,/usr/bin/foot -c /home/lucca/.local/state/eon/proofs/eon-zlf-20260908/runs/matrix-06-foot-mixed/foot.ini -T eon-zlf benchmark --app-id=eon-zlf-foot /usr/bin/python3 /home/lucca/.local/state/eon/proofs/eon-zlf-20260908/child.py /home/lucca/.local/state/eon/proofs/eon-zlf-20260908/runs/matrix-06-foot-mixed mixed ,30,120,1200,540,,33884,25324,22468,19688,2856,2780,6728,5064,2156,19936,33884,19688,0,0,0,0,0,0,0,0,0,0,22092
matrix-06-foot-mixed,foot,mixed,1788891350.825967,2059093,2059083,16440221,child,/usr/bin/python3.12,python3,/usr/bin/python3 /home/lucca/.local/state/eon/proofs/eon-zlf-20260908/child.py /home/lucca/.local/state/eon/proofs/eon-zlf-20260908/runs/matrix-06-foot-mixed mixed ,30,120,1200,540,,11880,6747,5044,5044,1703,0,6812,0,24,5044,11880,5044,0,0,0,0,0,0,0,0,0,0,5068
matrix-06-foot-plain,foot,plain,1788891323.2283504,2050776,1964404,16437459,terminal,/usr/bin/foot,foot,/usr/bin/foot -c /home/lucca/.local/state/eon/proofs/eon-zlf-20260908/runs/matrix-06-foot-plain/foot.ini -T eon-zlf benchmark --app-id=eon-zlf-foot /usr/bin/python3 /home/lucca/.local/state/eon/proofs/eon-zlf-20260908/child.py /home/lucca/.local/state/eon/proofs/eon-zlf-20260908/runs/matrix-06-foot-plain plain ,30,120,1200,540,,33756,25099,22224,19444,2875,2780,6856,5064,2144,19692,33756,19444,0,0,0,0,0,0,0,0,0,0,21836
matrix-06-foot-plain,foot,plain,1788891323.2283504,2050784,2050776,16437461,child,/usr/bin/python3.12,python3,/usr/bin/python3 /home/lucca/.local/state/eon/proofs/eon-zlf-20260908/child.py /home/lucca/.local/state/eon/proofs/eon-zlf-20260908/runs/matrix-06-foot-plain plain ,30,120,1200,540,,11888,6749,5044,5044,1705,0,6820,0,24,5044,11888,5044,0,0,0,0,0,0,0,0,0,0,5068
matrix-06-foot-screen,foot,screen,1788891404.7057083,2075210,1964404,16445610,terminal,/usr/bin/foot,foot,/usr/bin/foot -c /home/lucca/.local/state/eon/proofs/eon-zlf-20260908/runs/matrix-06-foot-screen/foot.ini -T eon-zlf benchmark --app-id=eon-zlf-foot /usr/bin/python3 /home/lucca/.local/state/eon/proofs/eon-zlf-20260908/child.py /home/lucca/.local/state/eon/proofs/eon-zlf-20260908/runs/matrix-06-foot-screen screen ,30,120,1200,540,0d,19416,11897,9076,5144,2821,3932,6868,2760,2092,7696,19416,5144,0,0,0,0,0,0,0,0,0,0,9788
matrix-06-foot-screen,foot,screen,1788891404.7057083,2075220,2075210,16445613,child,/usr/bin/python3.12,python3,/usr/bin/python3 /home/lucca/.local/state/eon/proofs/eon-zlf-20260908/child.py /home/lucca/.local/state/eon/proofs/eon-zlf-20260908/runs/matrix-06-foot-screen screen ,30,120,1200,540,0d,11892,6747,5040,5040,1707,0,6828,0,24,5040,11892,5040,0,0,0,0,0,0,0,0,0,0,5064
matrix-06-foot-styled,foot,styled,1788891387.366441,2070106,1964404,16443872,terminal,/usr/bin/foot,foot,/usr/bin/foot -c /home/lucca/.local/state/eon/proofs/eon-zlf-20260908/runs/matrix-06-foot-styled/foot.ini -T eon-zlf benchmark --app-id=eon-zlf-foot /usr/bin/python3 /home/lucca/.local/state/eon/proofs/eon-zlf-20260908/child.py /home/lucca/.local/state/eon/proofs/eon-zlf-20260908/runs/matrix-06-foot-styled styled ,30,120,1200,540,,33460,24903,22052,19520,2851,2532,6732,5064,2144,19520,33460,19520,0,0,0,0,0,0,0,0,0,0,21664
matrix-06-foot-styled,foot,styled,1788891387.366441,2070116,2070106,16443875,child,/usr/bin/python3.12,python3,/usr/bin/python3 /home/lucca/.local/state/eon/proofs/eon-zlf-20260908/child.py /home/lucca/.local/state/eon/proofs/eon-zlf-20260908/runs/matrix-06-foot-styled styled ,30,120,1200,540,,11864,6748,5044,5044,1704,0,6796,0,24,5044,11864,5044,0,0,0,0,0,0,0,0,0,0,5068
matrix-06-foot-unicode,foot,unicode,1788891354.6202486,2060210,1964404,16440598,terminal,/usr/bin/foot,foot,/usr/bin/foot -c /home/lucca/.local/state/eon/proofs/eon-zlf-20260908/runs/matrix-06-foot-unicode/foot.ini -T eon-zlf benchmark --app-id=eon-zlf-foot /usr/bin/python3 /home/lucca/.local/state/eon/proofs/eon-zlf-20260908/child.py /home/lucca/.local/state/eon/proofs/eon-zlf-20260908/runs/matrix-06-foot-unicode unicode ,30,120,1200,540,,33872,25310,22332,19552,2978,2780,6748,5064,2260,19800,33872,19552,0,0,0,0,0,0,0,0,0,0,22060
matrix-06-foot-unicode,foot,unicode,1788891354.6202486,2060221,2060210,16440601,child,/usr/bin/python3.12,python3,/usr/bin/python3 /home/lucca/.local/state/eon/proofs/eon-zlf-20260908/child.py /home/lucca/.local/state/eon/proofs/eon-zlf-20260908/runs/matrix-06-foot-unicode unicode ,30,120,1200,540,,11900,6747,5044,5044,1703,0,6832,0,24,5044,11900,5044,0,0,0,0,0,0,0,0,0,0,5068
matrix-06-ghostty-empty,ghostty,empty,1788891421.9795678,2079983,1964404,16447192,terminal,/snap/ghostty/820/bin/ghostty,ghostty,/snap/ghostty/820/bin/ghostty --config-default-files=false --gtk-single-instance=false --font-family=DejaVu Sans Mono --font-size=12 --adjust-cell-height=-1 --window-width=121 --window-height=33 --scrollback-limit=16777216 --background-opacity=1 --background-blur=false --window-save-state=never --title=eon-zlf benchmark --class=com.mitchellh.ghostty.eonzlf -e /usr/bin/python3 /home/lucca/.local/state/eon/proofs/eon-zlf-20260908/child.py /home/lucca/.local/state/eon/proofs/eon-zlf-20260908/runs/matrix-06-ghostty-empty empty ,30,120,1206,544,,188984,186515,81993,80032,106462,21,2880,12,104104,81988,188984,80032,0,0,0,0,0,0,0,0,0,0,186092
matrix-06-ghostty-empty,ghostty,empty,1788891421.9795678,2080523,2079983,16447339,child,/usr/bin/python3.12,python3,/usr/bin/python3 /home/lucca/.local/state/eon/proofs/eon-zlf-20260908/child.py /home/lucca/.local/state/eon/proofs/eon-zlf-20260908/runs/matrix-06-ghostty-empty empty ,30,120,1206,544,,11892,6751,5048,5048,1703,0,6820,0,24,5048,11892,5048,0,0,0,0,0,0,0,0,0,0,5072
matrix-06-ghostty-mixed,ghostty,mixed,1788891338.117772,2054809,1964404,16438792,terminal,/snap/ghostty/820/bin/ghostty,ghostty,/snap/ghostty/820/bin/ghostty --config-default-files=false --gtk-single-instance=false --font-family=DejaVu Sans Mono --font-size=12 --adjust-cell-height=-1 --window-width=121 --window-height=33 --scrollback-limit=16777216 --background-opacity=1 --background-blur=false --window-save-state=never --title=eon-zlf benchmark --class=com.mitchellh.ghostty.eonzlf -e /usr/bin/python3 /home/lucca/.local/state/eon/proofs/eon-zlf-20260908/child.py /home/lucca/.local/state/eon/proofs/eon-zlf-20260908/runs/matrix-06-ghostty-mixed mixed ,30,120,1206,544,,195148,192681,88373,86408,106252,21,2864,12,103904,88368,195148,86408,0,0,0,0,0,0,0,0,0,0,192272
matrix-06-ghostty-mixed,ghostty,mixed,1788891338.117772,2055345,2054809,16438938,child,/usr/bin/python3.12,python3,/usr/bin/python3 /home/lucca/.local/state/eon/proofs/eon-zlf-20260908/child.py /home/lucca/.local/state/eon/proofs/eon-zlf-20260908/runs/matrix-06-ghostty-mixed mixed ,30,120,1206,544,,11904,6742,5040,5040,1702,0,6840,0,24,5040,11904,5040,0,0,0,0,0,0,0,0,0,0,5064
matrix-06-ghostty-plain,ghostty,plain,1788891328.4838707,2051882,1964404,16437838,terminal,/snap/ghostty/820/bin/ghostty,ghostty,/snap/ghostty/820/bin/ghostty --config-default-files=false --gtk-single-instance=false --font-family=DejaVu Sans Mono --font-size=12 --adjust-cell-height=-1 --window-width=121 --window-height=33 --scrollback-limit=16777216 --background-opacity=1 --background-blur=false --window-save-state=never --title=eon-zlf benchmark --class=com.mitchellh.ghostty.eonzlf -e /usr/bin/python3 /home/lucca/.local/state/eon/proofs/eon-zlf-20260908/child.py /home/lucca/.local/state/eon/proofs/eon-zlf-20260908/runs/matrix-06-ghostty-plain plain ,30,120,1206,544,,199120,196646,91933,89972,106653,21,2876,12,104304,91928,199120,89972,0,0,0,0,0,0,0,0,0,0,196232
matrix-06-ghostty-plain,ghostty,plain,1788891328.4838707,2052427,2051882,16437987,child,/usr/bin/python3.12,python3,/usr/bin/python3 /home/lucca/.local/state/eon/proofs/eon-zlf-20260908/child.py /home/lucca/.local/state/eon/proofs/eon-zlf-20260908/runs/matrix-06-ghostty-plain plain ,30,120,1206,544,,11892,6744,5040,5040,1704,0,6828,0,24,5040,11892,5040,0,0,0,0,0,0,0,0,0,0,5064
matrix-06-ghostty-screen,ghostty,screen,1788891396.8149202,2072349,1964404,16444670,terminal,/snap/ghostty/820/bin/ghostty,ghostty,/snap/ghostty/820/bin/ghostty --config-default-files=false --gtk-single-instance=false --font-family=DejaVu Sans Mono --font-size=12 --adjust-cell-height=-1 --window-width=121 --window-height=33 --scrollback-limit=16777216 --background-opacity=1 --background-blur=false --window-save-state=never --title=eon-zlf benchmark --class=com.mitchellh.ghostty.eonzlf -e /usr/bin/python3 /home/lucca/.local/state/eon/proofs/eon-zlf-20260908/child.py /home/lucca/.local/state/eon/proofs/eon-zlf-20260908/runs/matrix-06-ghostty-screen screen ,30,120,1206,544,,189944,187480,82573,80612,106847,21,2864,12,104500,82568,189944,80612,0,0,0,0,0,0,0,0,0,0,187068
matrix-06-ghostty-screen,ghostty,screen,1788891396.8149202,2072893,2072349,16444819,child,/usr/bin/python3.12,python3,/usr/bin/python3 /home/lucca/.local/state/eon/proofs/eon-zlf-20260908/child.py /home/lucca/.local/state/eon/proofs/eon-zlf-20260908/runs/matrix-06-ghostty-screen screen ,30,120,1206,544,,11916,6746,5044,5044,1702,0,6848,0,24,5044,11916,5044,0,0,0,0,0,0,0,0,0,0,5068
matrix-06-ghostty-styled,ghostty,styled,1788891383.5662088,2068452,1964404,16443342,terminal,/snap/ghostty/820/bin/ghostty,ghostty,/snap/ghostty/820/bin/ghostty --config-default-files=false --gtk-single-instance=false --font-family=DejaVu Sans Mono --font-size=12 --adjust-cell-height=-1 --window-width=121 --window-height=33 --scrollback-limit=16777216 --background-opacity=1 --background-blur=false --window-save-state=never --title=eon-zlf benchmark --class=com.mitchellh.ghostty.eonzlf -e /usr/bin/python3 /home/lucca/.local/state/eon/proofs/eon-zlf-20260908/child.py /home/lucca/.local/state/eon/proofs/eon-zlf-20260908/runs/matrix-06-ghostty-styled styled ,30,120,1206,544,,201844,199374,94237,92272,107081,21,2880,12,104720,94232,201844,92272,0,0,0,0,0,0,0,0,0,0,198952
matrix-06-ghostty-styled,ghostty,styled,1788891383.5662088,2068991,2068452,16443488,child,/usr/bin/python3.12,python3,/usr/bin/python3 /home/lucca/.local/state/eon/proofs/eon-zlf-20260908/child.py /home/lucca/.local/state/eon/proofs/eon-zlf-20260908/runs/matrix-06-ghostty-styled styled ,30,120,1206,544,,11888,6750,5048,5048,1702,0,6816,0,24,5048,11888,5048,0,0,0,0,0,0,0,0,0,0,5072
matrix-06-ghostty-unicode,ghostty,unicode,1788891364.7651584,2062687,1964404,16441442,terminal,/snap/ghostty/820/bin/ghostty,ghostty,/snap/ghostty/820/bin/ghostty --config-default-files=false --gtk-single-instance=false --font-family=DejaVu Sans Mono --font-size=12 --adjust-cell-height=-1 --window-width=121 --window-height=33 --scrollback-limit=16777216 --background-opacity=1 --background-blur=false --window-save-state=never --title=eon-zlf benchmark --class=com.mitchellh.ghostty.eonzlf -e /usr/bin/python3 /home/lucca/.local/state/eon/proofs/eon-zlf-20260908/child.py /home/lucca/.local/state/eon/proofs/eon-zlf-20260908/runs/matrix-06-ghostty-unicode unicode ,30,120,1206,544,,197764,195303,90405,88440,106842,21,2872,12,104480,90400,197764,88440,0,0,0,0,0,0,0,0,0,0,194880
matrix-06-ghostty-unicode,ghostty,unicode,1788891364.7651584,2063227,2062687,16441587,child,/usr/bin/python3.12,python3,/usr/bin/python3 /home/lucca/.local/state/eon/proofs/eon-zlf-20260908/child.py /home/lucca/.local/state/eon/proofs/eon-zlf-20260908/runs/matrix-06-ghostty-unicode unicode ,30,120,1206,544,,11904,6753,5048,5048,1705,0,6832,0,24,5048,11904,5048,0,0,0,0,0,0,0,0,0,0,5072
matrix-07-eon-empty,eon,empty,1788891461.435281,2091997,1964404,16451241,supervisor,/nix/store/cig8r1rifpl2lzswi4ga6l744y3v0ck9-eon-0.1.0/bin/.eon-wrapped,.eon-wrapped,/nix/store/cig8r1rifpl2lzswi4ga6l744y3v0ck9-eon-0.1.0/bin/eon run -- /usr/bin/python3 /home/lucca/.local/state/eon/proofs/eon-zlf-20260908/child.py /home/lucca/.local/state/eon/proofs/eon-zlf-20260908/runs/matrix-07-eon-empty empty ,30,120,1224,573,,3872,2022,288,288,1734,0,1896,0,1688,288,3872,288,0,0,0,0,0,0,0,0,0,0,1976
matrix-07-eon-empty,eon,empty,1788891461.435281,2092001,2091997,16451242,venus,/nix/store/37v7m8kb88fgs4lgwk7ajcbf9hjb8pn7-yazelix-venus-0.1.0/bin/.yazelix-venus-wrapped,.yazelix-venus-,/nix/store/37v7m8kb88fgs4lgwk7ajcbf9hjb8pn7-yazelix-venus-0.1.0/bin/yazelix-venus --no-decorations --application-id eon --background-opacity 1 --font-family DejaVu Sans Mono --font-size 16 --line-height 1.125 --columns 118 --rows 30 --workspace /tmp/ezlf-_exelkhl/eon/generations/g1-89197ef167524f65290419c34b3a6b70/eon.sock ,30,120,1224,573,,86404,69074,31383,31368,37676,29,30396,24,24612,31372,86404,31368,0,0,0,0,0,0,0,0,0,0,55984
matrix-07-eon-empty,eon,empty,1788891461.435281,2092097,2091997,16451263,orbit,/nix/store/mi0x8hjx6ys0dwhq13dnwhh5qnl0n0nf-yazelix-orbit-0.1.0/bin/yazelix-orbit,yazelix-orbit,"/nix/store/mi0x8hjx6ys0dwhq13dnwhh5qnl0n0nf-yazelix-orbit-0.1.0/bin/yazelix-orbit serve /tmp/ezlf-_exelkhl/eon/generations/g1-89197ef167524f65290419c34b3a6b70/orbit.sock --management-v1 session-1 2091997-1788891457605748817-1 91999d79546422b49bdbc124166a65859d0bd872 --ansi-palette-v1 000000,cd0000,00cd00,cdcd00,1093f5,cd00cd,00cdcd,faebd7,404040,ff0000,00ff00,ffff00,11b5f6,ff00ff,00ffff,ffffff -- /usr/bin/python3 /home/lucca/.local/state/eon/proofs/eon-zlf-20260908/child.py /home/lucca/.local/state/eon/proofs/eon-zlf-20260908/runs/matrix-07-eon-empty empty ",30,120,1224,573,,4688,1988,692,692,1296,0,3060,0,936,692,4688,692,0,0,0,0,0,0,0,0,0,0,1628
matrix-07-eon-empty,eon,empty,1788891461.435281,2092098,2092097,16451263,child,/usr/bin/python3.12,python3,/usr/bin/python3 /home/lucca/.local/state/eon/proofs/eon-zlf-20260908/child.py /home/lucca/.local/state/eon/proofs/eon-zlf-20260908/runs/matrix-07-eon-empty empty ,30,120,1224,573,,11932,6755,5048,5048,1707,0,6860,0,24,5048,11932,5048,0,0,0,0,0,0,0,0,0,0,5072
matrix-07-eon-mixed,eon,mixed,1788891506.50151,2105143,1964404,16455720,supervisor,/nix/store/cig8r1rifpl2lzswi4ga6l744y3v0ck9-eon-0.1.0/bin/.eon-wrapped,.eon-wrapped,/nix/store/cig8r1rifpl2lzswi4ga6l744y3v0ck9-eon-0.1.0/bin/eon run -- /usr/bin/python3 /home/lucca/.local/state/eon/proofs/eon-zlf-20260908/child.py /home/lucca/.local/state/eon/proofs/eon-zlf-20260908/runs/matrix-07-eon-mixed mixed ,30,120,1224,573,,3812,1963,288,288,1675,0,1896,0,1628,288,3812,288,0,0,0,0,0,0,0,0,0,0,1916
matrix-07-eon-mixed,eon,mixed,1788891506.50151,2105149,2105143,16455721,venus,/nix/store/37v7m8kb88fgs4lgwk7ajcbf9hjb8pn7-yazelix-venus-0.1.0/bin/.yazelix-venus-wrapped,.yazelix-venus-,/nix/store/37v7m8kb88fgs4lgwk7ajcbf9hjb8pn7-yazelix-venus-0.1.0/bin/yazelix-venus --no-decorations --application-id eon --background-opacity 1 --font-family DejaVu Sans Mono --font-size 16 --line-height 1.125 --columns 118 --rows 30 --workspace /tmp/ezlf-rv3tl_87/eon/generations/g1-89197ef167524f65290419c34b3a6b70/eon.sock ,30,120,1224,573,,98412,81078,43128,43112,37936,30,30404,24,24868,43116,98412,43112,0,0,0,0,0,0,0,0,0,0,67984
matrix-07-eon-mixed,eon,mixed,1788891506.50151,2105244,2105143,16455742,orbit,/nix/store/mi0x8hjx6ys0dwhq13dnwhh5qnl0n0nf-yazelix-orbit-0.1.0/bin/yazelix-orbit,yazelix-orbit,"/nix/store/mi0x8hjx6ys0dwhq13dnwhh5qnl0n0nf-yazelix-orbit-0.1.0/bin/yazelix-orbit serve /tmp/ezlf-rv3tl_87/eon/generations/g1-89197ef167524f65290419c34b3a6b70/orbit.sock --management-v1 session-1 2105143-1788891502389967108-1 91999d79546422b49bdbc124166a65859d0bd872 --ansi-palette-v1 000000,cd0000,00cd00,cdcd00,1093f5,cd00cd,00cdcd,faebd7,404040,ff0000,00ff00,ffff00,11b5f6,ff00ff,00ffff,ffffff -- /usr/bin/python3 /home/lucca/.local/state/eon/proofs/eon-zlf-20260908/child.py /home/lucca/.local/state/eon/proofs/eon-zlf-20260908/runs/matrix-07-eon-mixed mixed ",30,120,1224,573,,19400,16732,15596,15596,1136,0,3012,0,792,15596,19400,15596,0,0,0,0,0,0,0,0,0,0,16388
matrix-07-eon-mixed,eon,mixed,1788891506.50151,2105245,2105244,16455742,child,/usr/bin/python3.12,python3,/usr/bin/python3 /home/lucca/.local/state/eon/proofs/eon-zlf-20260908/child.py /home/lucca/.local/state/eon/proofs/eon-zlf-20260908/runs/matrix-07-eon-mixed mixed ,30,120,1224,573,,11888,6751,5044,5044,1707,0,6820,0,24,5044,11888,5044,0,0,0,0,0,0,0,0,0,0,5068
matrix-07-eon-plain,eon,plain,1788891488.5839589,2099953,1964404,16453936,supervisor,/nix/store/cig8r1rifpl2lzswi4ga6l744y3v0ck9-eon-0.1.0/bin/.eon-wrapped,.eon-wrapped,/nix/store/cig8r1rifpl2lzswi4ga6l744y3v0ck9-eon-0.1.0/bin/eon run -- /usr/bin/python3 /home/lucca/.local/state/eon/proofs/eon-zlf-20260908/child.py /home/lucca/.local/state/eon/proofs/eon-zlf-20260908/runs/matrix-07-eon-plain plain ,30,120,1224,573,,3864,2014,288,288,1726,0,1896,0,1680,288,3864,288,0,0,0,0,0,0,0,0,0,0,1968
matrix-07-eon-plain,eon,plain,1788891488.5839589,2099959,2099953,16453937,venus,/nix/store/37v7m8kb88fgs4lgwk7ajcbf9hjb8pn7-yazelix-venus-0.1.0/bin/.yazelix-venus-wrapped,.yazelix-venus-,/nix/store/37v7m8kb88fgs4lgwk7ajcbf9hjb8pn7-yazelix-venus-0.1.0/bin/yazelix-venus --no-decorations --application-id eon --background-opacity 1 --font-family DejaVu Sans Mono --font-size 16 --line-height 1.125 --columns 118 --rows 30 --workspace /tmp/ezlf-drlmukdn/eon/generations/g1-89197ef167524f65290419c34b3a6b70/eon.sock ,30,120,1224,573,,98284,80958,43188,43172,37756,30,30396,24,24688,43176,98284,43172,0,0,0,0,0,0,0,0,0,0,67864
matrix-07-eon-plain,eon,plain,1788891488.5839589,2100058,2099953,16453959,orbit,/nix/store/mi0x8hjx6ys0dwhq13dnwhh5qnl0n0nf-yazelix-orbit-0.1.0/bin/yazelix-orbit,yazelix-orbit,"/nix/store/mi0x8hjx6ys0dwhq13dnwhh5qnl0n0nf-yazelix-orbit-0.1.0/bin/yazelix-orbit serve /tmp/ezlf-drlmukdn/eon/generations/g1-89197ef167524f65290419c34b3a6b70/orbit.sock --management-v1 session-1 2099953-1788891484563181057-1 91999d79546422b49bdbc124166a65859d0bd872 --ansi-palette-v1 000000,cd0000,00cd00,cdcd00,1093f5,cd00cd,00cdcd,faebd7,404040,ff0000,00ff00,ffff00,11b5f6,ff00ff,00ffff,ffffff -- /usr/bin/python3 /home/lucca/.local/state/eon/proofs/eon-zlf-20260908/child.py /home/lucca/.local/state/eon/proofs/eon-zlf-20260908/runs/matrix-07-eon-plain plain ",30,120,1224,573,,14440,11752,10508,10508,1244,0,3044,0,888,10508,14440,10508,0,0,0,0,0,0,0,0,0,0,11396
matrix-07-eon-plain,eon,plain,1788891488.5839589,2100059,2100058,16453959,child,/usr/bin/python3.12,python3,/usr/bin/python3 /home/lucca/.local/state/eon/proofs/eon-zlf-20260908/child.py /home/lucca/.local/state/eon/proofs/eon-zlf-20260908/runs/matrix-07-eon-plain plain ,30,120,1224,573,,11884,6746,5040,5040,1706,0,6820,0,24,5040,11884,5040,0,0,0,0,0,0,0,0,0,0,5064
matrix-07-eon-screen,eon,screen,1788891457.2774863,2090788,1964404,16450818,supervisor,/nix/store/cig8r1rifpl2lzswi4ga6l744y3v0ck9-eon-0.1.0/bin/.eon-wrapped,.eon-wrapped,/nix/store/cig8r1rifpl2lzswi4ga6l744y3v0ck9-eon-0.1.0/bin/eon run -- /usr/bin/python3 /home/lucca/.local/state/eon/proofs/eon-zlf-20260908/child.py /home/lucca/.local/state/eon/proofs/eon-zlf-20260908/runs/matrix-07-eon-screen screen ,30,120,1224,573,,3880,2030,292,292,1738,0,1896,0,1692,292,3880,292,0,0,0,0,0,0,0,0,0,0,1984
matrix-07-eon-screen,eon,screen,1788891457.2774863,2090792,2090788,16450819,venus,/nix/store/37v7m8kb88fgs4lgwk7ajcbf9hjb8pn7-yazelix-venus-0.1.0/bin/.yazelix-venus-wrapped,.yazelix-venus-,/nix/store/37v7m8kb88fgs4lgwk7ajcbf9hjb8pn7-yazelix-venus-0.1.0/bin/yazelix-venus --no-decorations --application-id eon --background-opacity 1 --font-family DejaVu Sans Mono --font-size 16 --line-height 1.125 --columns 118 --rows 30 --workspace /tmp/ezlf-dkgory_k/eon/generations/g1-89197ef167524f65290419c34b3a6b70/eon.sock ,30,120,1224,573,,97408,80059,42351,42336,37694,29,30420,24,24624,42340,97408,42336,0,0,0,0,0,0,0,0,0,0,66964
matrix-07-eon-screen,eon,screen,1788891457.2774863,2090891,2090788,16450841,orbit,/nix/store/mi0x8hjx6ys0dwhq13dnwhh5qnl0n0nf-yazelix-orbit-0.1.0/bin/yazelix-orbit,yazelix-orbit,"/nix/store/mi0x8hjx6ys0dwhq13dnwhh5qnl0n0nf-yazelix-orbit-0.1.0/bin/yazelix-orbit serve /tmp/ezlf-dkgory_k/eon/generations/g1-89197ef167524f65290419c34b3a6b70/orbit.sock --management-v1 session-1 2090788-1788891453379776783-1 91999d79546422b49bdbc124166a65859d0bd872 --ansi-palette-v1 000000,cd0000,00cd00,cdcd00,1093f5,cd00cd,00cdcd,faebd7,404040,ff0000,00ff00,ffff00,11b5f6,ff00ff,00ffff,ffffff -- /usr/bin/python3 /home/lucca/.local/state/eon/proofs/eon-zlf-20260908/child.py /home/lucca/.local/state/eon/proofs/eon-zlf-20260908/runs/matrix-07-eon-screen screen ",30,120,1224,573,,4440,1799,700,700,1099,0,2972,0,768,700,4440,700,0,0,0,0,0,0,0,0,0,0,1468
matrix-07-eon-screen,eon,screen,1788891457.2774863,2090892,2090891,16450841,child,/usr/bin/python3.12,python3,/usr/bin/python3 /home/lucca/.local/state/eon/proofs/eon-zlf-20260908/child.py /home/lucca/.local/state/eon/proofs/eon-zlf-20260908/runs/matrix-07-eon-screen screen ,30,120,1224,573,,11908,6756,5044,5044,1712,0,6840,0,24,5044,11908,5044,0,0,0,0,0,0,0,0,0,0,5068
matrix-07-eon-styled,eon,styled,1788891426.37537,2081587,1964404,16447713,supervisor,/nix/store/cig8r1rifpl2lzswi4ga6l744y3v0ck9-eon-0.1.0/bin/.eon-wrapped,.eon-wrapped,/nix/store/cig8r1rifpl2lzswi4ga6l744y3v0ck9-eon-0.1.0/bin/eon run -- /usr/bin/python3 /home/lucca/.local/state/eon/proofs/eon-zlf-20260908/child.py /home/lucca/.local/state/eon/proofs/eon-zlf-20260908/runs/matrix-07-eon-styled styled ,30,120,1224,573,,3888,2038,288,288,1750,0,1896,0,1704,288,3888,288,0,0,0,0,0,0,0,0,0,0,1992
matrix-07-eon-styled,eon,styled,1788891426.37537,2081589,2081587,16447714,venus,/nix/store/37v7m8kb88fgs4lgwk7ajcbf9hjb8pn7-yazelix-venus-0.1.0/bin/.yazelix-venus-wrapped,.yazelix-venus-,/nix/store/37v7m8kb88fgs4lgwk7ajcbf9hjb8pn7-yazelix-venus-0.1.0/bin/yazelix-venus --no-decorations --application-id eon --background-opacity 1 --font-family DejaVu Sans Mono --font-size 16 --line-height 1.125 --columns 118 --rows 30 --workspace /tmp/ezlf-pbxidscr/eon/generations/g1-89197ef167524f65290419c34b3a6b70/eon.sock ,30,120,1224,573,,98396,81048,43164,43148,37870,30,30420,24,24800,43152,98396,43148,0,0,0,0,0,0,0,0,0,0,67952
matrix-07-eon-styled,eon,styled,1788891426.37537,2081686,2081587,16447735,orbit,/nix/store/mi0x8hjx6ys0dwhq13dnwhh5qnl0n0nf-yazelix-orbit-0.1.0/bin/yazelix-orbit,yazelix-orbit,"/nix/store/mi0x8hjx6ys0dwhq13dnwhh5qnl0n0nf-yazelix-orbit-0.1.0/bin/yazelix-orbit serve /tmp/ezlf-pbxidscr/eon/generations/g1-89197ef167524f65290419c34b3a6b70/orbit.sock --management-v1 session-1 2081587-1788891422320994588-1 91999d79546422b49bdbc124166a65859d0bd872 --ansi-palette-v1 000000,cd0000,00cd00,cdcd00,1093f5,cd00cd,00cdcd,faebd7,404040,ff0000,00ff00,ffff00,11b5f6,ff00ff,00ffff,ffffff -- /usr/bin/python3 /home/lucca/.local/state/eon/proofs/eon-zlf-20260908/child.py /home/lucca/.local/state/eon/proofs/eon-zlf-20260908/runs/matrix-07-eon-styled styled ",30,120,1224,573,,14616,11959,10812,10812,1147,0,3000,0,804,10812,14616,10812,0,0,0,0,0,0,0,0,0,0,11616
matrix-07-eon-styled,eon,styled,1788891426.37537,2081687,2081686,16447735,child,/usr/bin/python3.12,python3,/usr/bin/python3 /home/lucca/.local/state/eon/proofs/eon-zlf-20260908/child.py /home/lucca/.local/state/eon/proofs/eon-zlf-20260908/runs/matrix-07-eon-styled styled ,30,120,1224,573,,11880,6750,5044,5044,1706,0,6812,0,24,5044,11880,5044,0,0,0,0,0,0,0,0,0,0,5068
matrix-07-eon-unicode,eon,unicode,1788891523.3292892,2109822,1964404,16457382,supervisor,/nix/store/cig8r1rifpl2lzswi4ga6l744y3v0ck9-eon-0.1.0/bin/.eon-wrapped,.eon-wrapped,/nix/store/cig8r1rifpl2lzswi4ga6l744y3v0ck9-eon-0.1.0/bin/eon run -- /usr/bin/python3 /home/lucca/.local/state/eon/proofs/eon-zlf-20260908/child.py /home/lucca/.local/state/eon/proofs/eon-zlf-20260908/runs/matrix-07-eon-unicode unicode ,30,120,1224,573,,3876,2026,292,292,1734,0,1896,0,1688,292,3876,292,0,0,0,0,0,0,0,0,0,0,1980
matrix-07-eon-unicode,eon,unicode,1788891523.3292892,2109828,2109822,16457383,venus,/nix/store/37v7m8kb88fgs4lgwk7ajcbf9hjb8pn7-yazelix-venus-0.1.0/bin/.yazelix-venus-wrapped,.yazelix-venus-,/nix/store/37v7m8kb88fgs4lgwk7ajcbf9hjb8pn7-yazelix-venus-0.1.0/bin/yazelix-venus --no-decorations --application-id eon --background-opacity 1 --font-family DejaVu Sans Mono --font-size 16 --line-height 1.125 --columns 118 --rows 30 --workspace /tmp/ezlf-jw9of2hc/eon/generations/g1-89197ef167524f65290419c34b3a6b70/eon.sock ,30,120,1224,573,,98640,81300,43364,43348,37922,30,30416,24,24848,43352,98640,43348,0,0,0,0,0,0,0,0,0,0,68200
matrix-07-eon-unicode,eon,unicode,1788891523.3292892,2109925,2109822,16457405,orbit,/nix/store/mi0x8hjx6ys0dwhq13dnwhh5qnl0n0nf-yazelix-orbit-0.1.0/bin/yazelix-orbit,yazelix-orbit,"/nix/store/mi0x8hjx6ys0dwhq13dnwhh5qnl0n0nf-yazelix-orbit-0.1.0/bin/yazelix-orbit serve /tmp/ezlf-jw9of2hc/eon/generations/g1-89197ef167524f65290419c34b3a6b70/orbit.sock --management-v1 session-1 2109822-1788891519021517677-1 91999d79546422b49bdbc124166a65859d0bd872 --ansi-palette-v1 000000,cd0000,00cd00,cdcd00,1093f5,cd00cd,00cdcd,faebd7,404040,ff0000,00ff00,ffff00,11b5f6,ff00ff,00ffff,ffffff -- /usr/bin/python3 /home/lucca/.local/state/eon/proofs/eon-zlf-20260908/child.py /home/lucca/.local/state/eon/proofs/eon-zlf-20260908/runs/matrix-07-eon-unicode unicode ",30,120,1224,573,,20720,18020,16724,16724,1296,0,3060,0,936,16724,20720,16724,0,0,0,0,0,0,0,0,0,0,17660
matrix-07-eon-unicode,eon,unicode,1788891523.3292892,2109926,2109925,16457405,child,/usr/bin/python3.12,python3,/usr/bin/python3 /home/lucca/.local/state/eon/proofs/eon-zlf-20260908/child.py /home/lucca/.local/state/eon/proofs/eon-zlf-20260908/runs/matrix-07-eon-unicode unicode ,30,120,1224,573,,11868,6750,5044,5044,1706,0,6800,0,24,5044,11868,5044,0,0,0,0,0,0,0,0,0,0,5068
matrix-07-eonterm-empty,eonterm,empty,1788891469.331496,2094272,1964404,16452033,supervisor,/nix/store/95x87mc3gdc22fvk920dz6jg6mfr3qxs-eonterm-0.1.0/bin/.eonterm-wrapped,.eonterm-wrappe,/nix/store/95x87mc3gdc22fvk920dz6jg6mfr3qxs-eonterm-0.1.0/bin/eonterm -- /usr/bin/python3 /home/lucca/.local/state/eon/proofs/eon-zlf-20260908/child.py /home/lucca/.local/state/eon/proofs/eon-zlf-20260908/runs/matrix-07-eonterm-empty empty ,30,120,1224,564,,3808,1958,288,288,1670,0,1896,0,1624,288,3808,288,0,0,0,0,0,0,0,0,0,0,1912
matrix-07-eonterm-empty,eonterm,empty,1788891469.331496,2094277,2094272,16452034,venus,/nix/store/37v7m8kb88fgs4lgwk7ajcbf9hjb8pn7-yazelix-venus-0.1.0/bin/.yazelix-venus-wrapped,.yazelix-venus-,/nix/store/37v7m8kb88fgs4lgwk7ajcbf9hjb8pn7-yazelix-venus-0.1.0/bin/yazelix-venus --application-id eonterm --background-opacity 1 --font-family DejaVu Sans Mono --font-size 16 --line-height 1.125 --columns 120 --rows 30 /tmp/ezlf-5xys8g59/eonterm/generations/g1-89197ef167524f65290419c34b3a6b70/orbit.sock ,30,120,1224,564,,86604,69073,31283,31268,37775,29,30612,24,24696,31272,86604,31268,0,0,0,0,0,0,0,0,0,0,55968
matrix-07-eonterm-empty,eonterm,empty,1788891469.331496,2094336,2094272,16452049,orbit,/nix/store/mi0x8hjx6ys0dwhq13dnwhh5qnl0n0nf-yazelix-orbit-0.1.0/bin/yazelix-orbit,yazelix-orbit,"/nix/store/mi0x8hjx6ys0dwhq13dnwhh5qnl0n0nf-yazelix-orbit-0.1.0/bin/yazelix-orbit serve /tmp/ezlf-5xys8g59/eonterm/generations/g1-89197ef167524f65290419c34b3a6b70/orbit.sock --management-v1 session-1 2094272-1788891465459817661-0 91999d79546422b49bdbc124166a65859d0bd872 --ansi-palette-v1 000000,cd0000,00cd00,cdcd00,1093f5,cd00cd,00cdcd,faebd7,404040,ff0000,00ff00,ffff00,11b5f6,ff00ff,00ffff,ffffff -- /usr/bin/python3 /home/lucca/.local/state/eon/proofs/eon-zlf-20260908/child.py /home/lucca/.local/state/eon/proofs/eon-zlf-20260908/runs/matrix-07-eonterm-empty empty ",30,120,1224,564,,4392,1748,652,652,1096,0,2976,0,764,652,4392,652,0,0,0,0,0,0,0,0,0,0,1416
matrix-07-eonterm-empty,eonterm,empty,1788891469.331496,2094337,2094336,16452049,child,/usr/bin/python3.12,python3,/usr/bin/python3 /home/lucca/.local/state/eon/proofs/eon-zlf-20260908/child.py /home/lucca/.local/state/eon/proofs/eon-zlf-20260908/runs/matrix-07-eonterm-empty empty ,30,120,1224,564,,11936,6752,5044,5044,1708,0,6868,0,24,5044,11936,5044,0,0,0,0,0,0,0,0,0,0,5068
matrix-07-eonterm-mixed,eonterm,mixed,1788891496.7136292,2102255,1964404,16454746,supervisor,/nix/store/95x87mc3gdc22fvk920dz6jg6mfr3qxs-eonterm-0.1.0/bin/.eonterm-wrapped,.eonterm-wrappe,/nix/store/95x87mc3gdc22fvk920dz6jg6mfr3qxs-eonterm-0.1.0/bin/eonterm -- /usr/bin/python3 /home/lucca/.local/state/eon/proofs/eon-zlf-20260908/child.py /home/lucca/.local/state/eon/proofs/eon-zlf-20260908/runs/matrix-07-eonterm-mixed mixed ,30,120,1224,564,,3840,1990,288,288,1702,0,1896,0,1656,288,3840,288,0,0,0,0,0,0,0,0,0,0,1944
matrix-07-eonterm-mixed,eonterm,mixed,1788891496.7136292,2102256,2102255,16454746,venus,/nix/store/37v7m8kb88fgs4lgwk7ajcbf9hjb8pn7-yazelix-venus-0.1.0/bin/.yazelix-venus-wrapped,.yazelix-venus-,/nix/store/37v7m8kb88fgs4lgwk7ajcbf9hjb8pn7-yazelix-venus-0.1.0/bin/yazelix-venus --application-id eonterm --background-opacity 1 --font-family DejaVu Sans Mono --font-size 16 --line-height 1.125 --columns 120 --rows 30 /tmp/ezlf-hxc9rcnu/eonterm/generations/g1-89197ef167524f65290419c34b3a6b70/orbit.sock ,30,120,1224,564,,98580,81049,43112,43096,37923,30,30616,24,24840,43100,98580,43096,0,0,0,0,0,0,0,0,0,0,67940
matrix-07-eonterm-mixed,eonterm,mixed,1788891496.7136292,2102313,2102255,16454761,orbit,/nix/store/mi0x8hjx6ys0dwhq13dnwhh5qnl0n0nf-yazelix-orbit-0.1.0/bin/yazelix-orbit,yazelix-orbit,"/nix/store/mi0x8hjx6ys0dwhq13dnwhh5qnl0n0nf-yazelix-orbit-0.1.0/bin/yazelix-orbit serve /tmp/ezlf-hxc9rcnu/eonterm/generations/g1-89197ef167524f65290419c34b3a6b70/orbit.sock --management-v1 session-1 2102255-1788891492579092316-0 91999d79546422b49bdbc124166a65859d0bd872 --ansi-palette-v1 000000,cd0000,00cd00,cdcd00,1093f5,cd00cd,00cdcd,faebd7,404040,ff0000,00ff00,ffff00,11b5f6,ff00ff,00ffff,ffffff -- /usr/bin/python3 /home/lucca/.local/state/eon/proofs/eon-zlf-20260908/child.py /home/lucca/.local/state/eon/proofs/eon-zlf-20260908/runs/matrix-07-eonterm-mixed mixed ",30,120,1224,564,,19504,16812,15560,15560,1252,0,3048,0,896,15560,19504,15560,0,0,0,0,0,0,0,0,0,0,16456
matrix-07-eonterm-mixed,eonterm,mixed,1788891496.7136292,2102316,2102313,16454761,child,/usr/bin/python3.12,python3,/usr/bin/python3 /home/lucca/.local/state/eon/proofs/eon-zlf-20260908/child.py /home/lucca/.local/state/eon/proofs/eon-zlf-20260908/runs/matrix-07-eonterm-mixed mixed ,30,120,1224,564,,11932,6750,5044,5044,1706,0,6864,0,24,5044,11932,5044,0,0,0,0,0,0,0,0,0,0,5068
matrix-07-eonterm-plain,eonterm,plain,1788891478.8721251,2097034,1964404,16452973,supervisor,/nix/store/95x87mc3gdc22fvk920dz6jg6mfr3qxs-eonterm-0.1.0/bin/.eonterm-wrapped,.eonterm-wrappe,/nix/store/95x87mc3gdc22fvk920dz6jg6mfr3qxs-eonterm-0.1.0/bin/eonterm -- /usr/bin/python3 /home/lucca/.local/state/eon/proofs/eon-zlf-20260908/child.py /home/lucca/.local/state/eon/proofs/eon-zlf-20260908/runs/matrix-07-eonterm-plain plain ,30,120,1224,564,,3860,2010,288,288,1722,0,1896,0,1676,288,3860,288,0,0,0,0,0,0,0,0,0,0,1964
matrix-07-eonterm-plain,eonterm,plain,1788891478.8721251,2097036,2097034,16452973,venus,/nix/store/37v7m8kb88fgs4lgwk7ajcbf9hjb8pn7-yazelix-venus-0.1.0/bin/.yazelix-venus-wrapped,.yazelix-venus-,/nix/store/37v7m8kb88fgs4lgwk7ajcbf9hjb8pn7-yazelix-venus-0.1.0/bin/yazelix-venus --application-id eonterm --background-opacity 1 --font-family DejaVu Sans Mono --font-size 16 --line-height 1.125 --columns 120 --rows 30 /tmp/ezlf-espi7pcz/eonterm/generations/g1-89197ef167524f65290419c34b3a6b70/orbit.sock ,30,120,1224,564,,98252,80718,42959,42944,37744,29,30616,24,24664,42948,98252,42944,0,0,0,0,0,0,0,0,0,0,67612
matrix-07-eonterm-plain,eonterm,plain,1788891478.8721251,2097096,2097034,16452987,orbit,/nix/store/mi0x8hjx6ys0dwhq13dnwhh5qnl0n0nf-yazelix-orbit-0.1.0/bin/yazelix-orbit,yazelix-orbit,"/nix/store/mi0x8hjx6ys0dwhq13dnwhh5qnl0n0nf-yazelix-orbit-0.1.0/bin/yazelix-orbit serve /tmp/ezlf-espi7pcz/eonterm/generations/g1-89197ef167524f65290419c34b3a6b70/orbit.sock --management-v1 session-1 2097034-1788891474848242874-0 91999d79546422b49bdbc124166a65859d0bd872 --ansi-palette-v1 000000,cd0000,00cd00,cdcd00,1093f5,cd00cd,00cdcd,faebd7,404040,ff0000,00ff00,ffff00,11b5f6,ff00ff,00ffff,ffffff -- /usr/bin/python3 /home/lucca/.local/state/eon/proofs/eon-zlf-20260908/child.py /home/lucca/.local/state/eon/proofs/eon-zlf-20260908/runs/matrix-07-eonterm-plain plain ",30,120,1224,564,,14224,11579,10484,10484,1095,0,2976,0,764,10484,14224,10484,0,0,0,0,0,0,0,0,0,0,11248
matrix-07-eonterm-plain,eonterm,plain,1788891478.8721251,2097097,2097096,16452988,child,/usr/bin/python3.12,python3,/usr/bin/python3 /home/lucca/.local/state/eon/proofs/eon-zlf-20260908/child.py /home/lucca/.local/state/eon/proofs/eon-zlf-20260908/runs/matrix-07-eonterm-plain plain ,30,120,1224,564,,11888,6757,5040,5040,1717,0,6820,0,28,5040,11888,5040,0,0,0,0,0,0,0,0,0,0,5068
matrix-07-eonterm-screen,eonterm,screen,1788891449.2275913,2088459,1964404,16450023,supervisor,/nix/store/95x87mc3gdc22fvk920dz6jg6mfr3qxs-eonterm-0.1.0/bin/.eonterm-wrapped,.eonterm-wrappe,/nix/store/95x87mc3gdc22fvk920dz6jg6mfr3qxs-eonterm-0.1.0/bin/eonterm -- /usr/bin/python3 /home/lucca/.local/state/eon/proofs/eon-zlf-20260908/child.py /home/lucca/.local/state/eon/proofs/eon-zlf-20260908/runs/matrix-07-eonterm-screen screen ,30,120,1224,564,,3868,2022,288,288,1734,0,1892,0,1688,288,3868,288,0,0,0,0,0,0,0,0,0,0,1976
matrix-07-eonterm-screen,eonterm,screen,1788891449.2275913,2088463,2088459,16450024,venus,/nix/store/37v7m8kb88fgs4lgwk7ajcbf9hjb8pn7-yazelix-venus-0.1.0/bin/.yazelix-venus-wrapped,.yazelix-venus-,/nix/store/37v7m8kb88fgs4lgwk7ajcbf9hjb8pn7-yazelix-venus-0.1.0/bin/yazelix-venus --application-id eonterm --background-opacity 1 --font-family DejaVu Sans Mono --font-size 16 --line-height 1.125 --columns 120 --rows 30 /tmp/ezlf-73ottwtu/eonterm/generations/g1-89197ef167524f65290419c34b3a6b70/orbit.sock ,30,120,1224,564,,97472,79939,42243,42228,37682,29,30616,24,24600,42232,97472,42228,0,0,0,0,0,0,0,0,0,0,66832
matrix-07-eonterm-screen,eonterm,screen,1788891449.2275913,2088539,2088459,16450038,orbit,/nix/store/mi0x8hjx6ys0dwhq13dnwhh5qnl0n0nf-yazelix-orbit-0.1.0/bin/yazelix-orbit,yazelix-orbit,"/nix/store/mi0x8hjx6ys0dwhq13dnwhh5qnl0n0nf-yazelix-orbit-0.1.0/bin/yazelix-orbit serve /tmp/ezlf-73ottwtu/eonterm/generations/g1-89197ef167524f65290419c34b3a6b70/orbit.sock --management-v1 session-1 2088459-1788891445356953948-0 91999d79546422b49bdbc124166a65859d0bd872 --ansi-palette-v1 000000,cd0000,00cd00,cdcd00,1093f5,cd00cd,00cdcd,faebd7,404040,ff0000,00ff00,ffff00,11b5f6,ff00ff,00ffff,ffffff -- /usr/bin/python3 /home/lucca/.local/state/eon/proofs/eon-zlf-20260908/child.py /home/lucca/.local/state/eon/proofs/eon-zlf-20260908/runs/matrix-07-eonterm-screen screen ",30,120,1224,564,,4472,1821,660,660,1161,0,2992,0,820,660,4472,660,0,0,0,0,0,0,0,0,0,0,1480
matrix-07-eonterm-screen,eonterm,screen,1788891449.2275913,2088540,2088539,16450038,child,/usr/bin/python3.12,python3,/usr/bin/python3 /home/lucca/.local/state/eon/proofs/eon-zlf-20260908/child.py /home/lucca/.local/state/eon/proofs/eon-zlf-20260908/runs/matrix-07-eonterm-screen screen ,30,120,1224,564,,11888,6755,5048,5048,1707,0,6816,0,24,5048,11888,5048,0,0,0,0,0,0,0,0,0,0,5072
matrix-07-eonterm-styled,eonterm,styled,1788891436.0521827,2084489,1964404,16448685,supervisor,/nix/store/95x87mc3gdc22fvk920dz6jg6mfr3qxs-eonterm-0.1.0/bin/.eonterm-wrapped,.eonterm-wrappe,/nix/store/95x87mc3gdc22fvk920dz6jg6mfr3qxs-eonterm-0.1.0/bin/eonterm -- /usr/bin/python3 /home/lucca/.local/state/eon/proofs/eon-zlf-20260908/child.py /home/lucca/.local/state/eon/proofs/eon-zlf-20260908/runs/matrix-07-eonterm-styled styled ,30,120,1224,564,,3840,1990,288,288,1702,0,1896,0,1656,288,3840,288,0,0,0,0,0,0,0,0,0,0,1944
matrix-07-eonterm-styled,eonterm,styled,1788891436.0521827,2084493,2084489,16448686,venus,/nix/store/37v7m8kb88fgs4lgwk7ajcbf9hjb8pn7-yazelix-venus-0.1.0/bin/.yazelix-venus-wrapped,.yazelix-venus-,/nix/store/37v7m8kb88fgs4lgwk7ajcbf9hjb8pn7-yazelix-venus-0.1.0/bin/yazelix-venus --application-id eonterm --background-opacity 1 --font-family DejaVu Sans Mono --font-size 16 --line-height 1.125 --columns 120 --rows 30 /tmp/ezlf-840uzxip/eonterm/generations/g1-89197ef167524f65290419c34b3a6b70/orbit.sock ,30,120,1224,564,,98308,80800,42931,42916,37855,29,30584,24,24780,42920,98308,42916,0,0,0,0,0,0,0,0,0,0,67700
matrix-07-eonterm-styled,eonterm,styled,1788891436.0521827,2084550,2084489,16448701,orbit,/nix/store/mi0x8hjx6ys0dwhq13dnwhh5qnl0n0nf-yazelix-orbit-0.1.0/bin/yazelix-orbit,yazelix-orbit,"/nix/store/mi0x8hjx6ys0dwhq13dnwhh5qnl0n0nf-yazelix-orbit-0.1.0/bin/yazelix-orbit serve /tmp/ezlf-840uzxip/eonterm/generations/g1-89197ef167524f65290419c34b3a6b70/orbit.sock --management-v1 session-1 2084489-1788891431981144588-0 91999d79546422b49bdbc124166a65859d0bd872 --ansi-palette-v1 000000,cd0000,00cd00,cdcd00,1093f5,cd00cd,00cdcd,faebd7,404040,ff0000,00ff00,ffff00,11b5f6,ff00ff,00ffff,ffffff -- /usr/bin/python3 /home/lucca/.local/state/eon/proofs/eon-zlf-20260908/child.py /home/lucca/.local/state/eon/proofs/eon-zlf-20260908/runs/matrix-07-eonterm-styled styled ",30,120,1224,564,,14608,11954,10792,10792,1162,0,2996,0,820,10792,14608,10792,0,0,0,0,0,0,0,0,0,0,11612
matrix-07-eonterm-styled,eonterm,styled,1788891436.0521827,2084551,2084550,16448701,child,/usr/bin/python3.12,python3,/usr/bin/python3 /home/lucca/.local/state/eon/proofs/eon-zlf-20260908/child.py /home/lucca/.local/state/eon/proofs/eon-zlf-20260908/runs/matrix-07-eonterm-styled styled ,30,120,1224,564,,11940,6756,5048,5048,1708,0,6868,0,24,5048,11940,5048,0,0,0,0,0,0,0,0,0,0,5072
matrix-07-eonterm-unicode,eonterm,unicode,1788891518.649475,2108528,1964404,16456925,supervisor,/nix/store/95x87mc3gdc22fvk920dz6jg6mfr3qxs-eonterm-0.1.0/bin/.eonterm-wrapped,.eonterm-wrappe,/nix/store/95x87mc3gdc22fvk920dz6jg6mfr3qxs-eonterm-0.1.0/bin/eonterm -- /usr/bin/python3 /home/lucca/.local/state/eon/proofs/eon-zlf-20260908/child.py /home/lucca/.local/state/eon/proofs/eon-zlf-20260908/runs/matrix-07-eonterm-unicode unicode ,30,120,1224,564,,3872,2023,288,288,1735,0,1896,0,1688,288,3872,288,0,0,0,0,0,0,0,0,0,0,1976
matrix-07-eonterm-unicode,eonterm,unicode,1788891518.649475,2108529,2108528,16456925,venus,/nix/store/37v7m8kb88fgs4lgwk7ajcbf9hjb8pn7-yazelix-venus-0.1.0/bin/.yazelix-venus-wrapped,.yazelix-venus-,/nix/store/37v7m8kb88fgs4lgwk7ajcbf9hjb8pn7-yazelix-venus-0.1.0/bin/yazelix-venus --application-id eonterm --background-opacity 1 --font-family DejaVu Sans Mono --font-size 16 --line-height 1.125 --columns 120 --rows 30 /tmp/ezlf-67wdmu0h/eonterm/generations/g1-89197ef167524f65290419c34b3a6b70/orbit.sock ,30,120,1224,564,,98540,81035,43208,43192,37813,30,30580,24,24740,43196,98540,43192,0,0,0,0,0,0,0,0,0,0,67936
matrix-07-eonterm-unicode,eonterm,unicode,1788891518.649475,2108584,2108528,16456938,orbit,/nix/store/mi0x8hjx6ys0dwhq13dnwhh5qnl0n0nf-yazelix-orbit-0.1.0/bin/yazelix-orbit,yazelix-orbit,"/nix/store/mi0x8hjx6ys0dwhq13dnwhh5qnl0n0nf-yazelix-orbit-0.1.0/bin/yazelix-orbit serve /tmp/ezlf-67wdmu0h/eonterm/generations/g1-89197ef167524f65290419c34b3a6b70/orbit.sock --management-v1 session-1 2108528-1788891514356472335-0 91999d79546422b49bdbc124166a65859d0bd872 --ansi-palette-v1 000000,cd0000,00cd00,cdcd00,1093f5,cd00cd,00cdcd,faebd7,404040,ff0000,00ff00,ffff00,11b5f6,ff00ff,00ffff,ffffff -- /usr/bin/python3 /home/lucca/.local/state/eon/proofs/eon-zlf-20260908/child.py /home/lucca/.local/state/eon/proofs/eon-zlf-20260908/runs/matrix-07-eonterm-unicode unicode ",30,120,1224,564,,20504,17835,16700,16700,1135,0,3012,0,792,16700,20504,16700,0,0,0,0,0,0,0,0,0,0,17492
matrix-07-eonterm-unicode,eonterm,unicode,1788891518.649475,2108585,2108584,16456938,child,/usr/bin/python3.12,python3,/usr/bin/python3 /home/lucca/.local/state/eon/proofs/eon-zlf-20260908/child.py /home/lucca/.local/state/eon/proofs/eon-zlf-20260908/runs/matrix-07-eonterm-unicode unicode ,30,120,1224,564,,11908,6756,5048,5048,1708,0,6836,0,24,5048,11908,5048,0,0,0,0,0,0,0,0,0,0,5072
matrix-07-foot-empty,foot,empty,1788891465.178877,2093185,1964404,16451659,terminal,/usr/bin/foot,foot,/usr/bin/foot -c /home/lucca/.local/state/eon/proofs/eon-zlf-20260908/runs/matrix-07-foot-empty/foot.ini -T eon-zlf benchmark --app-id=eon-zlf-foot /usr/bin/python3 /home/lucca/.local/state/eon/proofs/eon-zlf-20260908/child.py /home/lucca/.local/state/eon/proofs/eon-zlf-20260908/runs/matrix-07-foot-empty empty ,30,120,1200,540,,18948,11547,8738,4756,2809,3982,6772,2660,2108,7408,18948,4756,0,0,0,0,0,0,0,0,0,0,9516
matrix-07-foot-empty,foot,empty,1788891465.178877,2093195,2093185,16451661,child,/usr/bin/python3.12,python3,/usr/bin/python3 /home/lucca/.local/state/eon/proofs/eon-zlf-20260908/child.py /home/lucca/.local/state/eon/proofs/eon-zlf-20260908/runs/matrix-07-foot-empty empty ,30,120,1200,540,,11908,6756,5048,5048,1708,0,6836,0,24,5048,11908,5048,0,0,0,0,0,0,0,0,0,0,5072
matrix-07-foot-mixed,foot,mixed,1788891510.29673,2106413,1964404,16456165,terminal,/usr/bin/foot,foot,/usr/bin/foot -c /home/lucca/.local/state/eon/proofs/eon-zlf-20260908/runs/matrix-07-foot-mixed/foot.ini -T eon-zlf benchmark --app-id=eon-zlf-foot /usr/bin/python3 /home/lucca/.local/state/eon/proofs/eon-zlf-20260908/child.py /home/lucca/.local/state/eon/proofs/eon-zlf-20260908/runs/matrix-07-foot-mixed mixed ,30,120,1200,540,,34112,25472,22524,19744,2948,2780,6840,5064,2216,19992,34112,19744,0,0,0,0,0,0,0,0,0,0,22208
matrix-07-foot-mixed,foot,mixed,1788891510.29673,2106423,2106413,16456168,child,/usr/bin/python3.12,python3,/usr/bin/python3 /home/lucca/.local/state/eon/proofs/eon-zlf-20260908/child.py /home/lucca/.local/state/eon/proofs/eon-zlf-20260908/runs/matrix-07-foot-mixed mixed ,30,120,1200,540,,11904,6749,5044,5044,1705,0,6836,0,24,5044,11904,5044,0,0,0,0,0,0,0,0,0,0,5068
matrix-07-foot-plain,foot,plain,1788891492.3583217,2101178,1964404,16454372,terminal,/usr/bin/foot,foot,/usr/bin/foot -c /home/lucca/.local/state/eon/proofs/eon-zlf-20260908/runs/matrix-07-foot-plain/foot.ini -T eon-zlf benchmark --app-id=eon-zlf-foot /usr/bin/python3 /home/lucca/.local/state/eon/proofs/eon-zlf-20260908/child.py /home/lucca/.local/state/eon/proofs/eon-zlf-20260908/runs/matrix-07-foot-plain plain ,30,120,1200,540,,33708,25060,22212,19432,2848,2780,6848,5064,2116,19680,33708,19432,0,0,0,0,0,0,0,0,0,0,21796
matrix-07-foot-plain,foot,plain,1788891492.3583217,2101188,2101178,16454374,child,/usr/bin/python3.12,python3,/usr/bin/python3 /home/lucca/.local/state/eon/proofs/eon-zlf-20260908/child.py /home/lucca/.local/state/eon/proofs/eon-zlf-20260908/runs/matrix-07-foot-plain plain ,30,120,1200,540,,11868,6742,5040,5040,1702,0,6804,0,24,5040,11868,5040,0,0,0,0,0,0,0,0,0,0,5064
matrix-07-foot-screen,foot,screen,1788891453.0822935,2089701,1964404,16450443,terminal,/usr/bin/foot,foot,/usr/bin/foot -c /home/lucca/.local/state/eon/proofs/eon-zlf-20260908/runs/matrix-07-foot-screen/foot.ini -T eon-zlf benchmark --app-id=eon-zlf-foot /usr/bin/python3 /home/lucca/.local/state/eon/proofs/eon-zlf-20260908/child.py /home/lucca/.local/state/eon/proofs/eon-zlf-20260908/runs/matrix-07-foot-screen screen ,30,120,1200,540,,19360,11970,9100,5168,2870,3932,6708,2760,2172,7720,19360,5168,0,0,0,0,0,0,0,0,0,0,9892
matrix-07-foot-screen,foot,screen,1788891453.0822935,2089711,2089701,16450446,child,/usr/bin/python3.12,python3,/usr/bin/python3 /home/lucca/.local/state/eon/proofs/eon-zlf-20260908/child.py /home/lucca/.local/state/eon/proofs/eon-zlf-20260908/runs/matrix-07-foot-screen screen ,30,120,1200,540,,11900,6747,5044,5044,1703,0,6832,0,24,5044,11900,5044,0,0,0,0,0,0,0,0,0,0,5068
matrix-07-foot-styled,foot,styled,1788891439.8711517,2085737,1964404,16449122,terminal,/usr/bin/foot,foot,/usr/bin/foot -c /home/lucca/.local/state/eon/proofs/eon-zlf-20260908/runs/matrix-07-foot-styled/foot.ini -T eon-zlf benchmark --app-id=eon-zlf-foot /usr/bin/python3 /home/lucca/.local/state/eon/proofs/eon-zlf-20260908/child.py /home/lucca/.local/state/eon/proofs/eon-zlf-20260908/runs/matrix-07-foot-styled styled ,30,120,1200,540,,33744,26268,23460,19528,2808,3932,6808,2760,2096,22080,33744,19528,0,0,0,0,0,0,0,0,0,0,24176
matrix-07-foot-styled,foot,styled,1788891439.8711517,2085747,2085737,16449125,child,/usr/bin/python3.12,python3,/usr/bin/python3 /home/lucca/.local/state/eon/proofs/eon-zlf-20260908/child.py /home/lucca/.local/state/eon/proofs/eon-zlf-20260908/runs/matrix-07-foot-styled styled ,30,120,1200,540,,11884,6747,5044,5044,1703,0,6816,0,24,5044,11884,5044,0,0,0,0,0,0,0,0,0,0,5068
matrix-07-foot-unicode,foot,unicode,1788891514.0948334,2107471,1964404,16456545,terminal,/usr/bin/foot,foot,/usr/bin/foot -c /home/lucca/.local/state/eon/proofs/eon-zlf-20260908/runs/matrix-07-foot-unicode/foot.ini -T eon-zlf benchmark --app-id=eon-zlf-foot /usr/bin/python3 /home/lucca/.local/state/eon/proofs/eon-zlf-20260908/child.py /home/lucca/.local/state/eon/proofs/eon-zlf-20260908/runs/matrix-07-foot-unicode unicode ,30,120,1200,540,,33936,25322,22340,19560,2982,2780,6812,5064,2252,19808,33936,19560,0,0,0,0,0,0,0,0,0,0,22060
matrix-07-foot-unicode,foot,unicode,1788891514.0948334,2107480,2107471,16456547,child,/usr/bin/python3.12,python3,/usr/bin/python3 /home/lucca/.local/state/eon/proofs/eon-zlf-20260908/child.py /home/lucca/.local/state/eon/proofs/eon-zlf-20260908/runs/matrix-07-foot-unicode unicode ,30,120,1200,540,,11932,6748,5044,5044,1704,0,6864,0,24,5044,11932,5044,0,0,0,0,0,0,0,0,0,0,5068
matrix-07-ghostty-empty,ghostty,empty,1788891474.5710387,2095454,1964404,16452447,terminal,/snap/ghostty/820/bin/ghostty,ghostty,/snap/ghostty/820/bin/ghostty --config-default-files=false --gtk-single-instance=false --font-family=DejaVu Sans Mono --font-size=12 --adjust-cell-height=-1 --window-width=121 --window-height=33 --scrollback-limit=16777216 --background-opacity=1 --background-blur=false --window-save-state=never --title=eon-zlf benchmark --class=com.mitchellh.ghostty.eonzlf -e /usr/bin/python3 /home/lucca/.local/state/eon/proofs/eon-zlf-20260908/child.py /home/lucca/.local/state/eon/proofs/eon-zlf-20260908/runs/matrix-07-ghostty-empty empty ,30,120,1206,544,,189368,186903,82369,80408,106474,21,2868,12,104124,82364,189368,80408,0,0,0,0,0,0,0,0,0,0,186488
matrix-07-ghostty-empty,ghostty,empty,1788891474.5710387,2096000,2095454,16452595,child,/usr/bin/python3.12,python3,/usr/bin/python3 /home/lucca/.local/state/eon/proofs/eon-zlf-20260908/child.py /home/lucca/.local/state/eon/proofs/eon-zlf-20260908/runs/matrix-07-ghostty-empty empty ,30,120,1206,544,,11928,6752,5048,5048,1704,0,6856,0,24,5048,11928,5048,0,0,0,0,0,0,0,0,0,0,5072
matrix-07-ghostty-mixed,ghostty,mixed,1788891501.9896247,2103509,1964404,16455184,terminal,/snap/ghostty/820/bin/ghostty,ghostty,/snap/ghostty/820/bin/ghostty --config-default-files=false --gtk-single-instance=false --font-family=DejaVu Sans Mono --font-size=12 --adjust-cell-height=-1 --window-width=121 --window-height=33 --scrollback-limit=16777216 --background-opacity=1 --background-blur=false --window-save-state=never --title=eon-zlf benchmark --class=com.mitchellh.ghostty.eonzlf -e /usr/bin/python3 /home/lucca/.local/state/eon/proofs/eon-zlf-20260908/child.py /home/lucca/.local/state/eon/proofs/eon-zlf-20260908/runs/matrix-07-ghostty-mixed mixed ,30,120,1206,544,,194696,192246,87017,85052,107172,21,2844,12,104828,87012,194696,85052,0,0,0,0,0,0,0,0,0,0,191840
matrix-07-ghostty-mixed,ghostty,mixed,1788891501.9896247,2104046,2103509,16455331,child,/usr/bin/python3.12,python3,/usr/bin/python3 /home/lucca/.local/state/eon/proofs/eon-zlf-20260908/child.py /home/lucca/.local/state/eon/proofs/eon-zlf-20260908/runs/matrix-07-ghostty-mixed mixed ,30,120,1206,544,,11872,6747,5044,5044,1703,0,6804,0,24,5044,11872,5044,0,0,0,0,0,0,0,0,0,0,5068
matrix-07-ghostty-plain,ghostty,plain,1788891484.2006295,2098257,1964404,16453404,terminal,/snap/ghostty/820/bin/ghostty,ghostty,/snap/ghostty/820/bin/ghostty --config-default-files=false --gtk-single-instance=false --font-family=DejaVu Sans Mono --font-size=12 --adjust-cell-height=-1 --window-width=121 --window-height=33 --scrollback-limit=16777216 --background-opacity=1 --background-blur=false --window-save-state=never --title=eon-zlf benchmark --class=com.mitchellh.ghostty.eonzlf -e /usr/bin/python3 /home/lucca/.local/state/eon/proofs/eon-zlf-20260908/child.py /home/lucca/.local/state/eon/proofs/eon-zlf-20260908/runs/matrix-07-ghostty-plain plain ,30,120,1206,544,,199684,197221,92953,90992,106208,21,2860,12,103864,92948,199684,90992,0,0,0,0,0,0,0,0,0,0,196812
matrix-07-ghostty-plain,ghostty,plain,1788891484.2006295,2098810,2098257,16453554,child,/usr/bin/python3.12,python3,/usr/bin/python3 /home/lucca/.local/state/eon/proofs/eon-zlf-20260908/child.py /home/lucca/.local/state/eon/proofs/eon-zlf-20260908/runs/matrix-07-ghostty-plain plain ,30,120,1206,544,,11880,6752,5048,5048,1704,0,6808,0,24,5048,11880,5048,0,0,0,0,0,0,0,0,0,0,5072
matrix-07-ghostty-screen,ghostty,screen,1788891445.0210357,2086870,1964404,16449497,terminal,/snap/ghostty/820/bin/ghostty,ghostty,/snap/ghostty/820/bin/ghostty --config-default-files=false --gtk-single-instance=false --font-family=DejaVu Sans Mono --font-size=12 --adjust-cell-height=-1 --window-width=121 --window-height=33 --scrollback-limit=16777216 --background-opacity=1 --background-blur=false --window-save-state=never --title=eon-zlf benchmark --class=com.mitchellh.ghostty.eonzlf -e /usr/bin/python3 /home/lucca/.local/state/eon/proofs/eon-zlf-20260908/child.py /home/lucca/.local/state/eon/proofs/eon-zlf-20260908/runs/matrix-07-ghostty-screen screen ,30,120,1206,544,,189168,186693,81765,79808,106863,21,2880,12,104516,81760,189168,79808,0,0,0,0,0,0,0,0,0,0,186276
matrix-07-ghostty-screen,ghostty,screen,1788891445.0210357,2087415,2086870,16449644,child,/usr/bin/python3.12,python3,/usr/bin/python3 /home/lucca/.local/state/eon/proofs/eon-zlf-20260908/child.py /home/lucca/.local/state/eon/proofs/eon-zlf-20260908/runs/matrix-07-ghostty-screen screen ,30,120,1206,544,,11892,6753,5048,5048,1705,0,6820,0,24,5048,11892,5048,0,0,0,0,0,0,0,0,0,0,5072
matrix-07-ghostty-styled,ghostty,styled,1788891431.6949546,2082861,1964404,16448154,terminal,/snap/ghostty/820/bin/ghostty,ghostty,/snap/ghostty/820/bin/ghostty --config-default-files=false --gtk-single-instance=false --font-family=DejaVu Sans Mono --font-size=12 --adjust-cell-height=-1 --window-width=121 --window-height=33 --scrollback-limit=16777216 --background-opacity=1 --background-blur=false --window-save-state=never --title=eon-zlf benchmark --class=com.mitchellh.ghostty.eonzlf -e /usr/bin/python3 /home/lucca/.local/state/eon/proofs/eon-zlf-20260908/child.py /home/lucca/.local/state/eon/proofs/eon-zlf-20260908/runs/matrix-07-ghostty-styled styled ,30,120,1206,544,,201092,198623,94045,92080,106522,21,2880,12,104160,94040,201092,92080,0,0,0,0,0,0,0,0,0,0,198200
matrix-07-ghostty-styled,ghostty,styled,1788891431.6949546,2083406,2082861,16448302,child,/usr/bin/python3.12,python3,/usr/bin/python3 /home/lucca/.local/state/eon/proofs/eon-zlf-20260908/child.py /home/lucca/.local/state/eon/proofs/eon-zlf-20260908/runs/matrix-07-ghostty-styled styled ,30,120,1206,544,,11876,6747,5044,5044,1703,0,6808,0,24,5044,11876,5044,0,0,0,0,0,0,0,0,0,0,5068
matrix-07-ghostty-unicode,ghostty,unicode,1788891528.7748644,2111171,1964404,16457848,terminal,/snap/ghostty/820/bin/ghostty,ghostty,/snap/ghostty/820/bin/ghostty --config-default-files=false --gtk-single-instance=false --font-family=DejaVu Sans Mono --font-size=12 --adjust-cell-height=-1 --window-width=121 --window-height=33 --scrollback-limit=16777216 --background-opacity=1 --background-blur=false --window-save-state=never --title=eon-zlf benchmark --class=com.mitchellh.ghostty.eonzlf -e /usr/bin/python3 /home/lucca/.local/state/eon/proofs/eon-zlf-20260908/child.py /home/lucca/.local/state/eon/proofs/eon-zlf-20260908/runs/matrix-07-ghostty-unicode unicode ,30,120,1206,544,,195708,193242,88685,86720,106500,21,2872,12,104144,88680,195708,86720,0,0,0,0,0,0,0,0,0,0,192824
matrix-07-ghostty-unicode,ghostty,unicode,1788891528.7748644,2111715,2111171,16457998,child,/usr/bin/python3.12,python3,/usr/bin/python3 /home/lucca/.local/state/eon/proofs/eon-zlf-20260908/child.py /home/lucca/.local/state/eon/proofs/eon-zlf-20260908/runs/matrix-07-ghostty-unicode unicode ,30,120,1206,544,,11900,6762,5052,5052,1710,0,6824,0,24,5052,11900,5052,0,0,0,0,0,0,0,0,0,0,5076
matrix-08-eon-empty,eon,empty,1788891599.9850411,2133890,1964404,16465094,supervisor,/nix/store/cig8r1rifpl2lzswi4ga6l744y3v0ck9-eon-0.1.0/bin/.eon-wrapped,.eon-wrapped,/nix/store/cig8r1rifpl2lzswi4ga6l744y3v0ck9-eon-0.1.0/bin/eon run -- /usr/bin/python3 /home/lucca/.local/state/eon/proofs/eon-zlf-20260908/child.py /home/lucca/.local/state/eon/proofs/eon-zlf-20260908/runs/matrix-08-eon-empty empty ,30,120,1224,573,,3868,2018,292,292,1726,0,1896,0,1680,292,3868,292,0,0,0,0,0,0,0,0,0,0,1972
matrix-08-eon-empty,eon,empty,1788891599.9850411,2133892,2133890,16465095,venus,/nix/store/37v7m8kb88fgs4lgwk7ajcbf9hjb8pn7-yazelix-venus-0.1.0/bin/.yazelix-venus-wrapped,.yazelix-venus-,/nix/store/37v7m8kb88fgs4lgwk7ajcbf9hjb8pn7-yazelix-venus-0.1.0/bin/yazelix-venus --no-decorations --application-id eon --background-opacity 1 --font-family DejaVu Sans Mono --font-size 16 --line-height 1.125 --columns 118 --rows 30 --workspace /tmp/ezlf-3g0hrscn/eon/generations/g1-89197ef167524f65290419c34b3a6b70/eon.sock ,30,120,1224,573,,86292,68946,31307,31292,37625,29,30416,24,24556,31296,86292,31292,0,0,0,0,0,0,0,0,0,0,55852
matrix-08-eon-empty,eon,empty,1788891599.9850411,2133992,2133890,16465117,orbit,/nix/store/mi0x8hjx6ys0dwhq13dnwhh5qnl0n0nf-yazelix-orbit-0.1.0/bin/yazelix-orbit,yazelix-orbit,"/nix/store/mi0x8hjx6ys0dwhq13dnwhh5qnl0n0nf-yazelix-orbit-0.1.0/bin/yazelix-orbit serve /tmp/ezlf-3g0hrscn/eon/generations/g1-89197ef167524f65290419c34b3a6b70/orbit.sock --management-v1 session-1 2133890-1788891596140450570-1 91999d79546422b49bdbc124166a65859d0bd872 --ansi-palette-v1 000000,cd0000,00cd00,cdcd00,1093f5,cd00cd,00cdcd,faebd7,404040,ff0000,00ff00,ffff00,11b5f6,ff00ff,00ffff,ffffff -- /usr/bin/python3 /home/lucca/.local/state/eon/proofs/eon-zlf-20260908/child.py /home/lucca/.local/state/eon/proofs/eon-zlf-20260908/runs/matrix-08-eon-empty empty ",30,120,1224,573,,4620,1928,688,688,1240,0,3048,0,884,688,4620,688,0,0,0,0,0,0,0,0,0,0,1572
matrix-08-eon-empty,eon,empty,1788891599.9850411,2133993,2133992,16465117,child,/usr/bin/python3.12,python3,/usr/bin/python3 /home/lucca/.local/state/eon/proofs/eon-zlf-20260908/child.py /home/lucca/.local/state/eon/proofs/eon-zlf-20260908/runs/matrix-08-eon-empty empty ,30,120,1224,573,,11872,6754,5048,5048,1706,0,6800,0,24,5048,11872,5048,0,0,0,0,0,0,0,0,0,0,5072
matrix-08-eon-mixed,eon,mixed,1788891626.0762162,2142104,1964404,16467679,supervisor,/nix/store/cig8r1rifpl2lzswi4ga6l744y3v0ck9-eon-0.1.0/bin/.eon-wrapped,.eon-wrapped,/nix/store/cig8r1rifpl2lzswi4ga6l744y3v0ck9-eon-0.1.0/bin/eon run -- /usr/bin/python3 /home/lucca/.local/state/eon/proofs/eon-zlf-20260908/child.py /home/lucca/.local/state/eon/proofs/eon-zlf-20260908/runs/matrix-08-eon-mixed mixed ,30,120,1224,573,,3884,2034,292,292,1742,0,1896,0,1696,292,3884,292,0,0,0,0,0,0,0,0,0,0,1988
matrix-08-eon-mixed,eon,mixed,1788891626.0762162,2142110,2142104,16467680,venus,/nix/store/37v7m8kb88fgs4lgwk7ajcbf9hjb8pn7-yazelix-venus-0.1.0/bin/.yazelix-venus-wrapped,.yazelix-venus-,/nix/store/37v7m8kb88fgs4lgwk7ajcbf9hjb8pn7-yazelix-venus-0.1.0/bin/yazelix-venus --no-decorations --application-id eon --background-opacity 1 --font-family DejaVu Sans Mono --font-size 16 --line-height 1.125 --columns 118 --rows 30 --workspace /tmp/ezlf-q4rjw8f7/eon/generations/g1-89197ef167524f65290419c34b3a6b70/eon.sock ,30,120,1224,573,,98344,81048,43122,43104,37912,32,30364,20,24848,43112,98344,43104,0,0,0,0,0,0,0,0,0,0,67960
matrix-08-eon-mixed,eon,mixed,1788891626.0762162,2142204,2142104,16467701,orbit,/nix/store/mi0x8hjx6ys0dwhq13dnwhh5qnl0n0nf-yazelix-orbit-0.1.0/bin/yazelix-orbit,yazelix-orbit,"/nix/store/mi0x8hjx6ys0dwhq13dnwhh5qnl0n0nf-yazelix-orbit-0.1.0/bin/yazelix-orbit serve /tmp/ezlf-q4rjw8f7/eon/generations/g1-89197ef167524f65290419c34b3a6b70/orbit.sock --management-v1 session-1 2142104-1788891621982466332-1 91999d79546422b49bdbc124166a65859d0bd872 --ansi-palette-v1 000000,cd0000,00cd00,cdcd00,1093f5,cd00cd,00cdcd,faebd7,404040,ff0000,00ff00,ffff00,11b5f6,ff00ff,00ffff,ffffff -- /usr/bin/python3 /home/lucca/.local/state/eon/proofs/eon-zlf-20260908/child.py /home/lucca/.local/state/eon/proofs/eon-zlf-20260908/runs/matrix-08-eon-mixed mixed ",30,120,1224,573,,19396,16726,15592,15592,1134,0,3012,0,792,15592,19396,15592,0,0,0,0,0,0,0,0,0,0,16384
matrix-08-eon-mixed,eon,mixed,1788891626.0762162,2142205,2142204,16467701,child,/usr/bin/python3.12,python3,/usr/bin/python3 /home/lucca/.local/state/eon/proofs/eon-zlf-20260908/child.py /home/lucca/.local/state/eon/proofs/eon-zlf-20260908/runs/matrix-08-eon-mixed mixed ,30,120,1224,573,,11892,6761,5044,5044,1717,0,6820,0,28,5044,11892,5044,0,0,0,0,0,0,0,0,0,0,5072
matrix-08-eon-plain,eon,plain,1788891564.9672565,2122777,1964404,16461579,supervisor,/nix/store/cig8r1rifpl2lzswi4ga6l744y3v0ck9-eon-0.1.0/bin/.eon-wrapped,.eon-wrapped,/nix/store/cig8r1rifpl2lzswi4ga6l744y3v0ck9-eon-0.1.0/bin/eon run -- /usr/bin/python3 /home/lucca/.local/state/eon/proofs/eon-zlf-20260908/child.py /home/lucca/.local/state/eon/proofs/eon-zlf-20260908/runs/matrix-08-eon-plain plain ,30,120,1224,573,,3868,2018,288,288,1730,0,1896,0,1684,288,3868,288,0,0,0,0,0,0,0,0,0,0,1972
matrix-08-eon-plain,eon,plain,1788891564.9672565,2122780,2122777,16461579,venus,/nix/store/37v7m8kb88fgs4lgwk7ajcbf9hjb8pn7-yazelix-venus-0.1.0/bin/.yazelix-venus-wrapped,.yazelix-venus-,/nix/store/37v7m8kb88fgs4lgwk7ajcbf9hjb8pn7-yazelix-venus-0.1.0/bin/yazelix-venus --no-decorations --application-id eon --background-opacity 1 --font-family DejaVu Sans Mono --font-size 16 --line-height 1.125 --columns 118 --rows 30 --workspace /tmp/ezlf-xv5207im/eon/generations/g1-89197ef167524f65290419c34b3a6b70/eon.sock ,30,120,1224,573,,98168,80829,42990,42972,37825,32,30416,20,24752,42980,98168,42972,0,0,0,0,0,0,0,0,0,0,67732
matrix-08-eon-plain,eon,plain,1788891564.9672565,2122871,2122777,16461600,orbit,/nix/store/mi0x8hjx6ys0dwhq13dnwhh5qnl0n0nf-yazelix-orbit-0.1.0/bin/yazelix-orbit,yazelix-orbit,"/nix/store/mi0x8hjx6ys0dwhq13dnwhh5qnl0n0nf-yazelix-orbit-0.1.0/bin/yazelix-orbit serve /tmp/ezlf-xv5207im/eon/generations/g1-89197ef167524f65290419c34b3a6b70/orbit.sock --management-v1 session-1 2122777-1788891560974575335-1 91999d79546422b49bdbc124166a65859d0bd872 --ansi-palette-v1 000000,cd0000,00cd00,cdcd00,1093f5,cd00cd,00cdcd,faebd7,404040,ff0000,00ff00,ffff00,11b5f6,ff00ff,00ffff,ffffff -- /usr/bin/python3 /home/lucca/.local/state/eon/proofs/eon-zlf-20260908/child.py /home/lucca/.local/state/eon/proofs/eon-zlf-20260908/runs/matrix-08-eon-plain plain ",30,120,1224,573,,14440,11748,10508,10508,1240,0,3048,0,884,10508,14440,10508,0,0,0,0,0,0,0,0,0,0,11392
matrix-08-eon-plain,eon,plain,1788891564.9672565,2122876,2122871,16461600,child,/usr/bin/python3.12,python3,/usr/bin/python3 /home/lucca/.local/state/eon/proofs/eon-zlf-20260908/child.py /home/lucca/.local/state/eon/proofs/eon-zlf-20260908/runs/matrix-08-eon-plain plain ,30,120,1224,573,,11892,6761,5044,5044,1717,0,6820,0,28,5044,11892,5044,0,0,0,0,0,0,0,0,0,0,5072
matrix-08-eon-screen,eon,screen,1788891617.2055888,2139393,1964404,16466820,supervisor,/nix/store/cig8r1rifpl2lzswi4ga6l744y3v0ck9-eon-0.1.0/bin/.eon-wrapped,.eon-wrapped,/nix/store/cig8r1rifpl2lzswi4ga6l744y3v0ck9-eon-0.1.0/bin/eon run -- /usr/bin/python3 /home/lucca/.local/state/eon/proofs/eon-zlf-20260908/child.py /home/lucca/.local/state/eon/proofs/eon-zlf-20260908/runs/matrix-08-eon-screen screen ,30,120,1224,573,,3888,2038,288,288,1750,0,1896,0,1704,288,3888,288,0,0,0,0,0,0,0,0,0,0,1992
matrix-08-eon-screen,eon,screen,1788891617.2055888,2139396,2139393,16466821,venus,/nix/store/37v7m8kb88fgs4lgwk7ajcbf9hjb8pn7-yazelix-venus-0.1.0/bin/.yazelix-venus-wrapped,.yazelix-venus-,/nix/store/37v7m8kb88fgs4lgwk7ajcbf9hjb8pn7-yazelix-venus-0.1.0/bin/yazelix-venus --no-decorations --application-id eon --background-opacity 1 --font-family DejaVu Sans Mono --font-size 16 --line-height 1.125 --columns 118 --rows 30 --workspace /tmp/ezlf-tpgoa6uh/eon/generations/g1-89197ef167524f65290419c34b3a6b70/eon.sock ,30,120,1224,573,,97376,80058,42287,42272,37757,29,30396,24,24680,42276,97376,42272,0,0,0,0,0,0,0,0,0,0,66956
matrix-08-eon-screen,eon,screen,1788891617.2055888,2139494,2139393,16466843,orbit,/nix/store/mi0x8hjx6ys0dwhq13dnwhh5qnl0n0nf-yazelix-orbit-0.1.0/bin/yazelix-orbit,yazelix-orbit,"/nix/store/mi0x8hjx6ys0dwhq13dnwhh5qnl0n0nf-yazelix-orbit-0.1.0/bin/yazelix-orbit serve /tmp/ezlf-tpgoa6uh/eon/generations/g1-89197ef167524f65290419c34b3a6b70/orbit.sock --management-v1 session-1 2139393-1788891613404853369-1 91999d79546422b49bdbc124166a65859d0bd872 --ansi-palette-v1 000000,cd0000,00cd00,cdcd00,1093f5,cd00cd,00cdcd,faebd7,404040,ff0000,00ff00,ffff00,11b5f6,ff00ff,00ffff,ffffff -- /usr/bin/python3 /home/lucca/.local/state/eon/proofs/eon-zlf-20260908/child.py /home/lucca/.local/state/eon/proofs/eon-zlf-20260908/runs/matrix-08-eon-screen screen ",30,120,1224,573,,4636,1948,704,704,1244,0,3044,0,888,704,4636,704,0,0,0,0,0,0,0,0,0,0,1592
matrix-08-eon-screen,eon,screen,1788891617.2055888,2139495,2139494,16466843,child,/usr/bin/python3.12,python3,/usr/bin/python3 /home/lucca/.local/state/eon/proofs/eon-zlf-20260908/child.py /home/lucca/.local/state/eon/proofs/eon-zlf-20260908/runs/matrix-08-eon-screen screen ,30,120,1224,573,,11876,6751,5044,5044,1707,0,6808,0,24,5044,11876,5044,0,0,0,0,0,0,0,0,0,0,5068
matrix-08-eon-styled,eon,styled,1788891573.6791086,2125485,1964404,16462447,supervisor,/nix/store/cig8r1rifpl2lzswi4ga6l744y3v0ck9-eon-0.1.0/bin/.eon-wrapped,.eon-wrapped,/nix/store/cig8r1rifpl2lzswi4ga6l744y3v0ck9-eon-0.1.0/bin/eon run -- /usr/bin/python3 /home/lucca/.local/state/eon/proofs/eon-zlf-20260908/child.py /home/lucca/.local/state/eon/proofs/eon-zlf-20260908/runs/matrix-08-eon-styled styled ,30,120,1224,573,,3812,1962,288,288,1674,0,1896,0,1628,288,3812,288,0,0,0,0,0,0,0,0,0,0,1916
matrix-08-eon-styled,eon,styled,1788891573.6791086,2125487,2125485,16462447,venus,/nix/store/37v7m8kb88fgs4lgwk7ajcbf9hjb8pn7-yazelix-venus-0.1.0/bin/.yazelix-venus-wrapped,.yazelix-venus-,/nix/store/37v7m8kb88fgs4lgwk7ajcbf9hjb8pn7-yazelix-venus-0.1.0/bin/yazelix-venus --no-decorations --application-id eon --background-opacity 1 --font-family DejaVu Sans Mono --font-size 16 --line-height 1.125 --columns 118 --rows 30 --workspace /tmp/ezlf-6fyjh95k/eon/generations/g1-89197ef167524f65290419c34b3a6b70/eon.sock ,30,120,1224,573,,98616,81272,43342,43324,37916,32,30424,20,24840,43332,98616,43324,0,0,0,0,0,0,0,0,0,0,68172
matrix-08-eon-styled,eon,styled,1788891573.6791086,2125584,2125485,16462468,orbit,/nix/store/mi0x8hjx6ys0dwhq13dnwhh5qnl0n0nf-yazelix-orbit-0.1.0/bin/yazelix-orbit,yazelix-orbit,"/nix/store/mi0x8hjx6ys0dwhq13dnwhh5qnl0n0nf-yazelix-orbit-0.1.0/bin/yazelix-orbit serve /tmp/ezlf-6fyjh95k/eon/generations/g1-89197ef167524f65290419c34b3a6b70/orbit.sock --management-v1 session-1 2125485-1788891569658048062-1 91999d79546422b49bdbc124166a65859d0bd872 --ansi-palette-v1 000000,cd0000,00cd00,cdcd00,1093f5,cd00cd,00cdcd,faebd7,404040,ff0000,00ff00,ffff00,11b5f6,ff00ff,00ffff,ffffff -- /usr/bin/python3 /home/lucca/.local/state/eon/proofs/eon-zlf-20260908/child.py /home/lucca/.local/state/eon/proofs/eon-zlf-20260908/runs/matrix-08-eon-styled styled ",30,120,1224,573,,14744,12052,10812,10812,1240,0,3048,0,884,10812,14744,10812,0,0,0,0,0,0,0,0,0,0,11696
matrix-08-eon-styled,eon,styled,1788891573.6791086,2125585,2125584,16462469,child,/usr/bin/python3.12,python3,/usr/bin/python3 /home/lucca/.local/state/eon/proofs/eon-zlf-20260908/child.py /home/lucca/.local/state/eon/proofs/eon-zlf-20260908/runs/matrix-08-eon-styled styled ,30,120,1224,573,,11904,6752,5044,5044,1708,0,6836,0,24,5044,11904,5044,0,0,0,0,0,0,0,0,0,0,5068
matrix-08-eon-unicode,eon,unicode,1788891547.2974858,2117250,1964404,16459780,supervisor,/nix/store/cig8r1rifpl2lzswi4ga6l744y3v0ck9-eon-0.1.0/bin/.eon-wrapped,.eon-wrapped,/nix/store/cig8r1rifpl2lzswi4ga6l744y3v0ck9-eon-0.1.0/bin/eon run -- /usr/bin/python3 /home/lucca/.local/state/eon/proofs/eon-zlf-20260908/child.py /home/lucca/.local/state/eon/proofs/eon-zlf-20260908/runs/matrix-08-eon-unicode unicode ,30,120,1224,573,,3892,2042,292,292,1750,0,1896,0,1704,292,3892,292,0,0,0,0,0,0,0,0,0,0,1996
matrix-08-eon-unicode,eon,unicode,1788891547.2974858,2117252,2117250,16459780,venus,/nix/store/37v7m8kb88fgs4lgwk7ajcbf9hjb8pn7-yazelix-venus-0.1.0/bin/.yazelix-venus-wrapped,.yazelix-venus-,/nix/store/37v7m8kb88fgs4lgwk7ajcbf9hjb8pn7-yazelix-venus-0.1.0/bin/yazelix-venus --no-decorations --application-id eon --background-opacity 1 --font-family DejaVu Sans Mono --font-size 16 --line-height 1.125 --columns 118 --rows 30 --workspace /tmp/ezlf-uq22kuzt/eon/generations/g1-89197ef167524f65290419c34b3a6b70/eon.sock ,30,120,1224,573,,98388,81057,43275,43260,37768,29,30404,24,24696,43264,98388,43260,0,0,0,0,0,0,0,0,0,0,67960
matrix-08-eon-unicode,eon,unicode,1788891547.2974858,2117350,2117250,16459802,orbit,/nix/store/mi0x8hjx6ys0dwhq13dnwhh5qnl0n0nf-yazelix-orbit-0.1.0/bin/yazelix-orbit,yazelix-orbit,"/nix/store/mi0x8hjx6ys0dwhq13dnwhh5qnl0n0nf-yazelix-orbit-0.1.0/bin/yazelix-orbit serve /tmp/ezlf-uq22kuzt/eon/generations/g1-89197ef167524f65290419c34b3a6b70/orbit.sock --management-v1 session-1 2117250-1788891542995957538-1 91999d79546422b49bdbc124166a65859d0bd872 --ansi-palette-v1 000000,cd0000,00cd00,cdcd00,1093f5,cd00cd,00cdcd,faebd7,404040,ff0000,00ff00,ffff00,11b5f6,ff00ff,00ffff,ffffff -- /usr/bin/python3 /home/lucca/.local/state/eon/proofs/eon-zlf-20260908/child.py /home/lucca/.local/state/eon/proofs/eon-zlf-20260908/runs/matrix-08-eon-unicode unicode ",30,120,1224,573,,20656,17962,16724,16724,1238,0,3052,0,880,16724,20656,16724,0,0,0,0,0,0,0,0,0,0,17604
matrix-08-eon-unicode,eon,unicode,1788891547.2974858,2117351,2117350,16459803,child,/usr/bin/python3.12,python3,/usr/bin/python3 /home/lucca/.local/state/eon/proofs/eon-zlf-20260908/child.py /home/lucca/.local/state/eon/proofs/eon-zlf-20260908/runs/matrix-08-eon-unicode unicode ,30,120,1224,573,,11892,6753,5044,5044,1709,0,6824,0,24,5044,11892,5044,0,0,0,0,0,0,0,0,0,0,5068
matrix-08-eonterm-empty,eonterm,empty,1788891586.8539684,2129783,1964404,16463791,supervisor,/nix/store/95x87mc3gdc22fvk920dz6jg6mfr3qxs-eonterm-0.1.0/bin/.eonterm-wrapped,.eonterm-wrappe,/nix/store/95x87mc3gdc22fvk920dz6jg6mfr3qxs-eonterm-0.1.0/bin/eonterm -- /usr/bin/python3 /home/lucca/.local/state/eon/proofs/eon-zlf-20260908/child.py /home/lucca/.local/state/eon/proofs/eon-zlf-20260908/runs/matrix-08-eonterm-empty empty ,30,120,1224,564,,3860,2011,284,284,1727,0,1896,0,1680,284,3860,284,0,0,0,0,0,0,0,0,0,0,1964
matrix-08-eonterm-empty,eonterm,empty,1788891586.8539684,2129786,2129783,16463791,venus,/nix/store/37v7m8kb88fgs4lgwk7ajcbf9hjb8pn7-yazelix-venus-0.1.0/bin/.yazelix-venus-wrapped,.yazelix-venus-,/nix/store/37v7m8kb88fgs4lgwk7ajcbf9hjb8pn7-yazelix-venus-0.1.0/bin/yazelix-venus --application-id eonterm --background-opacity 1 --font-family DejaVu Sans Mono --font-size 16 --line-height 1.125 --columns 120 --rows 30 /tmp/ezlf-zkcszufq/eonterm/generations/g1-89197ef167524f65290419c34b3a6b70/orbit.sock ,30,120,1224,564,,86484,69002,31238,31220,37750,32,30560,20,24676,31228,86484,31220,0,0,0,0,0,0,0,0,0,0,55904
matrix-08-eonterm-empty,eonterm,empty,1788891586.8539684,2129843,2129783,16463805,orbit,/nix/store/mi0x8hjx6ys0dwhq13dnwhh5qnl0n0nf-yazelix-orbit-0.1.0/bin/yazelix-orbit,yazelix-orbit,"/nix/store/mi0x8hjx6ys0dwhq13dnwhh5qnl0n0nf-yazelix-orbit-0.1.0/bin/yazelix-orbit serve /tmp/ezlf-zkcszufq/eonterm/generations/g1-89197ef167524f65290419c34b3a6b70/orbit.sock --management-v1 session-1 2129783-1788891583021652817-0 91999d79546422b49bdbc124166a65859d0bd872 --ansi-palette-v1 000000,cd0000,00cd00,cdcd00,1093f5,cd00cd,00cdcd,faebd7,404040,ff0000,00ff00,ffff00,11b5f6,ff00ff,00ffff,ffffff -- /usr/bin/python3 /home/lucca/.local/state/eon/proofs/eon-zlf-20260908/child.py /home/lucca/.local/state/eon/proofs/eon-zlf-20260908/runs/matrix-08-eonterm-empty empty ",30,120,1224,564,,4452,1804,648,648,1156,0,2980,0,824,648,4452,648,0,0,0,0,0,0,0,0,0,0,1472
matrix-08-eonterm-empty,eonterm,empty,1788891586.8539684,2129844,2129843,16463805,child,/usr/bin/python3.12,python3,/usr/bin/python3 /home/lucca/.local/state/eon/proofs/eon-zlf-20260908/child.py /home/lucca/.local/state/eon/proofs/eon-zlf-20260908/runs/matrix-08-eonterm-empty empty ,30,120,1224,564,,11864,6746,5040,5040,1706,0,6800,0,24,5040,11864,5040,0,0,0,0,0,0,0,0,0,0,5064
matrix-08-eonterm-mixed,eonterm,mixed,1788891621.614305,2140699,1964404,16467237,supervisor,/nix/store/95x87mc3gdc22fvk920dz6jg6mfr3qxs-eonterm-0.1.0/bin/.eonterm-wrapped,.eonterm-wrappe,/nix/store/95x87mc3gdc22fvk920dz6jg6mfr3qxs-eonterm-0.1.0/bin/eonterm -- /usr/bin/python3 /home/lucca/.local/state/eon/proofs/eon-zlf-20260908/child.py /home/lucca/.local/state/eon/proofs/eon-zlf-20260908/runs/matrix-08-eonterm-mixed mixed ,30,120,1224,564,,3808,1958,288,288,1670,0,1896,0,1624,288,3808,288,0,0,0,0,0,0,0,0,0,0,1912
matrix-08-eonterm-mixed,eonterm,mixed,1788891621.614305,2140704,2140699,16467238,venus,/nix/store/37v7m8kb88fgs4lgwk7ajcbf9hjb8pn7-yazelix-venus-0.1.0/bin/.yazelix-venus-wrapped,.yazelix-venus-,/nix/store/37v7m8kb88fgs4lgwk7ajcbf9hjb8pn7-yazelix-venus-0.1.0/bin/yazelix-venus --application-id eonterm --background-opacity 1 --font-family DejaVu Sans Mono --font-size 16 --line-height 1.125 --columns 120 --rows 30 /tmp/ezlf-8u35aztl/eonterm/generations/g1-89197ef167524f65290419c34b3a6b70/orbit.sock ,30,120,1224,564,,98620,81091,43167,43152,37910,29,30616,24,24824,43156,98620,43152,0,0,0,0,0,0,0,0,0,0,67980
matrix-08-eonterm-mixed,eonterm,mixed,1788891621.614305,2140764,2140699,16467253,orbit,/nix/store/mi0x8hjx6ys0dwhq13dnwhh5qnl0n0nf-yazelix-orbit-0.1.0/bin/yazelix-orbit,yazelix-orbit,"/nix/store/mi0x8hjx6ys0dwhq13dnwhh5qnl0n0nf-yazelix-orbit-0.1.0/bin/yazelix-orbit serve /tmp/ezlf-8u35aztl/eonterm/generations/g1-89197ef167524f65290419c34b3a6b70/orbit.sock --management-v1 session-1 2140699-1788891617503954356-0 91999d79546422b49bdbc124166a65859d0bd872 --ansi-palette-v1 000000,cd0000,00cd00,cdcd00,1093f5,cd00cd,00cdcd,faebd7,404040,ff0000,00ff00,ffff00,11b5f6,ff00ff,00ffff,ffffff -- /usr/bin/python3 /home/lucca/.local/state/eon/proofs/eon-zlf-20260908/child.py /home/lucca/.local/state/eon/proofs/eon-zlf-20260908/runs/matrix-08-eonterm-mixed mixed ",30,120,1224,564,,19424,16727,15560,15560,1167,0,3056,0,808,15560,19424,15560,0,0,0,0,0,0,0,0,0,0,16368
matrix-08-eonterm-mixed,eonterm,mixed,1788891621.614305,2140765,2140764,16467253,child,/usr/bin/python3.12,python3,/usr/bin/python3 /home/lucca/.local/state/eon/proofs/eon-zlf-20260908/child.py /home/lucca/.local/state/eon/proofs/eon-zlf-20260908/runs/matrix-08-eonterm-mixed mixed ,30,120,1224,564,,11872,6746,5040,5040,1706,0,6808,0,24,5040,11872,5040,0,0,0,0,0,0,0,0,0,0,5064
matrix-08-eonterm-plain,eonterm,plain,1788891551.6224253,2118709,1964404,16460243,supervisor,/nix/store/95x87mc3gdc22fvk920dz6jg6mfr3qxs-eonterm-0.1.0/bin/.eonterm-wrapped,.eonterm-wrappe,/nix/store/95x87mc3gdc22fvk920dz6jg6mfr3qxs-eonterm-0.1.0/bin/eonterm -- /usr/bin/python3 /home/lucca/.local/state/eon/proofs/eon-zlf-20260908/child.py /home/lucca/.local/state/eon/proofs/eon-zlf-20260908/runs/matrix-08-eonterm-plain plain ,30,120,1224,564,,3864,2014,284,284,1730,0,1896,0,1684,284,3864,284,0,0,0,0,0,0,0,0,0,0,1968
matrix-08-eonterm-plain,eonterm,plain,1788891551.6224253,2118712,2118709,16460243,venus,/nix/store/37v7m8kb88fgs4lgwk7ajcbf9hjb8pn7-yazelix-venus-0.1.0/bin/.yazelix-venus-wrapped,.yazelix-venus-,/nix/store/37v7m8kb88fgs4lgwk7ajcbf9hjb8pn7-yazelix-venus-0.1.0/bin/yazelix-venus --application-id eonterm --background-opacity 1 --font-family DejaVu Sans Mono --font-size 16 --line-height 1.125 --columns 120 --rows 30 /tmp/ezlf-prrnhfo7/eonterm/generations/g1-89197ef167524f65290419c34b3a6b70/orbit.sock ,30,120,1224,564,,98172,80649,42999,42984,37636,29,30604,24,24556,42988,98172,42984,0,0,0,0,0,0,0,0,0,0,67544
matrix-08-eonterm-plain,eonterm,plain,1788891551.6224253,2118769,2118709,16460258,orbit,/nix/store/mi0x8hjx6ys0dwhq13dnwhh5qnl0n0nf-yazelix-orbit-0.1.0/bin/yazelix-orbit,yazelix-orbit,"/nix/store/mi0x8hjx6ys0dwhq13dnwhh5qnl0n0nf-yazelix-orbit-0.1.0/bin/yazelix-orbit serve /tmp/ezlf-prrnhfo7/eonterm/generations/g1-89197ef167524f65290419c34b3a6b70/orbit.sock --management-v1 session-1 2118709-1788891547554271011-0 91999d79546422b49bdbc124166a65859d0bd872 --ansi-palette-v1 000000,cd0000,00cd00,cdcd00,1093f5,cd00cd,00cdcd,faebd7,404040,ff0000,00ff00,ffff00,11b5f6,ff00ff,00ffff,ffffff -- /usr/bin/python3 /home/lucca/.local/state/eon/proofs/eon-zlf-20260908/child.py /home/lucca/.local/state/eon/proofs/eon-zlf-20260908/runs/matrix-08-eonterm-plain plain ",30,120,1224,564,,14288,11636,10480,10480,1156,0,2992,0,816,10480,14288,10480,0,0,0,0,0,0,0,0,0,0,11296
matrix-08-eonterm-plain,eonterm,plain,1788891551.6224253,2118772,2118769,16460258,child,/usr/bin/python3.12,python3,/usr/bin/python3 /home/lucca/.local/state/eon/proofs/eon-zlf-20260908/child.py /home/lucca/.local/state/eon/proofs/eon-zlf-20260908/runs/matrix-08-eonterm-plain plain ,30,120,1224,564,,11900,6748,5040,5040,1708,0,6836,0,24,5040,11900,5040,0,0,0,0,0,0,0,0,0,0,5064
matrix-08-eonterm-screen,eonterm,screen,1788891607.8458192,2136375,1964404,16465890,supervisor,/nix/store/95x87mc3gdc22fvk920dz6jg6mfr3qxs-eonterm-0.1.0/bin/.eonterm-wrapped,.eonterm-wrappe,/nix/store/95x87mc3gdc22fvk920dz6jg6mfr3qxs-eonterm-0.1.0/bin/eonterm -- /usr/bin/python3 /home/lucca/.local/state/eon/proofs/eon-zlf-20260908/child.py /home/lucca/.local/state/eon/proofs/eon-zlf-20260908/runs/matrix-08-eonterm-screen screen ,30,120,1224,564,,3876,2026,292,292,1734,0,1896,0,1688,292,3876,292,0,0,0,0,0,0,0,0,0,0,1980
matrix-08-eonterm-screen,eonterm,screen,1788891607.8458192,2136378,2136375,16465891,venus,/nix/store/37v7m8kb88fgs4lgwk7ajcbf9hjb8pn7-yazelix-venus-0.1.0/bin/.yazelix-venus-wrapped,.yazelix-venus-,/nix/store/37v7m8kb88fgs4lgwk7ajcbf9hjb8pn7-yazelix-venus-0.1.0/bin/yazelix-venus --application-id eonterm --background-opacity 1 --font-family DejaVu Sans Mono --font-size 16 --line-height 1.125 --columns 120 --rows 30 /tmp/ezlf-untoj03i/eonterm/generations/g1-89197ef167524f65290419c34b3a6b70/orbit.sock ,30,120,1224,564,,97556,80052,42262,42244,37776,32,30584,20,24700,42252,97556,42244,0,0,0,0,0,0,0,0,0,0,66952
matrix-08-eonterm-screen,eonterm,screen,1788891607.8458192,2136434,2136375,16465904,orbit,/nix/store/mi0x8hjx6ys0dwhq13dnwhh5qnl0n0nf-yazelix-orbit-0.1.0/bin/yazelix-orbit,yazelix-orbit,"/nix/store/mi0x8hjx6ys0dwhq13dnwhh5qnl0n0nf-yazelix-orbit-0.1.0/bin/yazelix-orbit serve /tmp/ezlf-untoj03i/eonterm/generations/g1-89197ef167524f65290419c34b3a6b70/orbit.sock --management-v1 session-1 2136375-1788891604016556755-0 91999d79546422b49bdbc124166a65859d0bd872 --ansi-palette-v1 000000,cd0000,00cd00,cdcd00,1093f5,cd00cd,00cdcd,faebd7,404040,ff0000,00ff00,ffff00,11b5f6,ff00ff,00ffff,ffffff -- /usr/bin/python3 /home/lucca/.local/state/eon/proofs/eon-zlf-20260908/child.py /home/lucca/.local/state/eon/proofs/eon-zlf-20260908/runs/matrix-08-eonterm-screen screen ",30,120,1224,564,,4464,1816,660,660,1156,0,2988,0,816,660,4464,660,0,0,0,0,0,0,0,0,0,0,1476
matrix-08-eonterm-screen,eonterm,screen,1788891607.8458192,2136435,2136434,16465904,child,/usr/bin/python3.12,python3,/usr/bin/python3 /home/lucca/.local/state/eon/proofs/eon-zlf-20260908/child.py /home/lucca/.local/state/eon/proofs/eon-zlf-20260908/runs/matrix-08-eonterm-screen screen ,30,120,1224,564,,11884,6751,5044,5044,1707,0,6816,0,24,5044,11884,5044,0,0,0,0,0,0,0,0,0,0,5068
matrix-08-eonterm-styled,eonterm,styled,1788891569.2907302,2124141,1964404,16462014,supervisor,/nix/store/95x87mc3gdc22fvk920dz6jg6mfr3qxs-eonterm-0.1.0/bin/.eonterm-wrapped,.eonterm-wrappe,/nix/store/95x87mc3gdc22fvk920dz6jg6mfr3qxs-eonterm-0.1.0/bin/eonterm -- /usr/bin/python3 /home/lucca/.local/state/eon/proofs/eon-zlf-20260908/child.py /home/lucca/.local/state/eon/proofs/eon-zlf-20260908/runs/matrix-08-eonterm-styled styled ,30,120,1224,564,,3844,2021,288,288,1733,0,1868,0,1688,288,3844,288,0,0,0,0,0,0,0,0,0,0,1976
matrix-08-eonterm-styled,eonterm,styled,1788891569.2907302,2124143,2124141,16462015,venus,/nix/store/37v7m8kb88fgs4lgwk7ajcbf9hjb8pn7-yazelix-venus-0.1.0/bin/.yazelix-venus-wrapped,.yazelix-venus-,/nix/store/37v7m8kb88fgs4lgwk7ajcbf9hjb8pn7-yazelix-venus-0.1.0/bin/yazelix-venus --application-id eonterm --background-opacity 1 --font-family DejaVu Sans Mono --font-size 16 --line-height 1.125 --columns 120 --rows 30 /tmp/ezlf-tnrstbv3/eonterm/generations/g1-89197ef167524f65290419c34b3a6b70/orbit.sock ,30,120,1224,564,,98424,80890,43002,42984,37874,32,30620,20,24792,42992,98424,42984,0,0,0,0,0,0,0,0,0,0,67784
matrix-08-eonterm-styled,eonterm,styled,1788891569.2907302,2124200,2124141,16462029,orbit,/nix/store/mi0x8hjx6ys0dwhq13dnwhh5qnl0n0nf-yazelix-orbit-0.1.0/bin/yazelix-orbit,yazelix-orbit,"/nix/store/mi0x8hjx6ys0dwhq13dnwhh5qnl0n0nf-yazelix-orbit-0.1.0/bin/yazelix-orbit serve /tmp/ezlf-tnrstbv3/eonterm/generations/g1-89197ef167524f65290419c34b3a6b70/orbit.sock --management-v1 session-1 2124141-1788891565258942224-0 91999d79546422b49bdbc124166a65859d0bd872 --ansi-palette-v1 000000,cd0000,00cd00,cdcd00,1093f5,cd00cd,00cdcd,faebd7,404040,ff0000,00ff00,ffff00,11b5f6,ff00ff,00ffff,ffffff -- /usr/bin/python3 /home/lucca/.local/state/eon/proofs/eon-zlf-20260908/child.py /home/lucca/.local/state/eon/proofs/eon-zlf-20260908/runs/matrix-08-eonterm-styled styled ",30,120,1224,564,,14596,11929,10796,10796,1133,0,3012,0,788,10796,14596,10796,0,0,0,0,0,0,0,0,0,0,11584
matrix-08-eonterm-styled,eonterm,styled,1788891569.2907302,2124201,2124200,16462029,child,/usr/bin/python3.12,python3,/usr/bin/python3 /home/lucca/.local/state/eon/proofs/eon-zlf-20260908/child.py /home/lucca/.local/state/eon/proofs/eon-zlf-20260908/runs/matrix-08-eonterm-styled styled ,30,120,1224,564,,11864,6752,5044,5044,1708,0,6796,0,24,5044,11864,5044,0,0,0,0,0,0,0,0,0,0,5068
matrix-08-eonterm-unicode,eonterm,unicode,1788891533.375331,2112847,1964404,16458393,supervisor,/nix/store/95x87mc3gdc22fvk920dz6jg6mfr3qxs-eonterm-0.1.0/bin/.eonterm-wrapped,.eonterm-wrappe,/nix/store/95x87mc3gdc22fvk920dz6jg6mfr3qxs-eonterm-0.1.0/bin/eonterm -- /usr/bin/python3 /home/lucca/.local/state/eon/proofs/eon-zlf-20260908/child.py /home/lucca/.local/state/eon/proofs/eon-zlf-20260908/runs/matrix-08-eonterm-unicode unicode ,30,120,1224,564,,3844,1994,288,288,1706,0,1896,0,1660,288,3844,288,0,0,0,0,0,0,0,0,0,0,1948
matrix-08-eonterm-unicode,eonterm,unicode,1788891533.375331,2112848,2112847,16458393,venus,/nix/store/37v7m8kb88fgs4lgwk7ajcbf9hjb8pn7-yazelix-venus-0.1.0/bin/.yazelix-venus-wrapped,.yazelix-venus-,/nix/store/37v7m8kb88fgs4lgwk7ajcbf9hjb8pn7-yazelix-venus-0.1.0/bin/yazelix-venus --application-id eonterm --background-opacity 1 --font-family DejaVu Sans Mono --font-size 16 --line-height 1.125 --columns 120 --rows 30 /tmp/ezlf-at9b8pl9/eonterm/generations/g1-89197ef167524f65290419c34b3a6b70/orbit.sock ,30,120,1224,564,,98052,80556,42695,42680,37847,29,30576,24,24768,42684,98052,42680,0,0,0,0,0,0,0,0,0,0,67452
matrix-08-eonterm-unicode,eonterm,unicode,1788891533.375331,2112913,2112847,16458409,orbit,/nix/store/mi0x8hjx6ys0dwhq13dnwhh5qnl0n0nf-yazelix-orbit-0.1.0/bin/yazelix-orbit,yazelix-orbit,"/nix/store/mi0x8hjx6ys0dwhq13dnwhh5qnl0n0nf-yazelix-orbit-0.1.0/bin/yazelix-orbit serve /tmp/ezlf-at9b8pl9/eonterm/generations/g1-89197ef167524f65290419c34b3a6b70/orbit.sock --management-v1 session-1 2112847-1788891529061442495-0 91999d79546422b49bdbc124166a65859d0bd872 --ansi-palette-v1 000000,cd0000,00cd00,cdcd00,1093f5,cd00cd,00cdcd,faebd7,404040,ff0000,00ff00,ffff00,11b5f6,ff00ff,00ffff,ffffff -- /usr/bin/python3 /home/lucca/.local/state/eon/proofs/eon-zlf-20260908/child.py /home/lucca/.local/state/eon/proofs/eon-zlf-20260908/runs/matrix-08-eonterm-unicode unicode ",30,120,1224,564,,20692,17993,16696,16696,1297,0,3060,0,936,16696,20692,16696,0,0,0,0,0,0,0,0,0,0,17632
matrix-08-eonterm-unicode,eonterm,unicode,1788891533.375331,2112914,2112913,16458409,child,/usr/bin/python3.12,python3,/usr/bin/python3 /home/lucca/.local/state/eon/proofs/eon-zlf-20260908/child.py /home/lucca/.local/state/eon/proofs/eon-zlf-20260908/runs/matrix-08-eonterm-unicode unicode ,30,120,1224,564,,11908,6756,5044,5044,1712,0,6840,0,24,5044,11908,5044,0,0,0,0,0,0,0,0,0,0,5068
matrix-08-foot-empty,foot,empty,1788891590.5888634,2131058,1964404,16464200,terminal,/usr/bin/foot,foot,/usr/bin/foot -c /home/lucca/.local/state/eon/proofs/eon-zlf-20260908/runs/matrix-08-foot-empty/foot.ini -T eon-zlf benchmark --app-id=eon-zlf-foot /usr/bin/python3 /home/lucca/.local/state/eon/proofs/eon-zlf-20260908/child.py /home/lucca/.local/state/eon/proofs/eon-zlf-20260908/runs/matrix-08-foot-empty empty ,30,120,1200,540,,18964,10371,7544,4764,2827,2780,6772,5064,2116,5012,18964,4764,0,0,0,0,0,0,0,0,0,0,7128
matrix-08-foot-empty,foot,empty,1788891590.5888634,2131068,2131058,16464202,child,/usr/bin/python3.12,python3,/usr/bin/python3 /home/lucca/.local/state/eon/proofs/eon-zlf-20260908/child.py /home/lucca/.local/state/eon/proofs/eon-zlf-20260908/runs/matrix-08-foot-empty empty ,30,120,1200,540,,11912,6755,5044,5044,1711,0,6844,0,24,5044,11912,5044,0,0,0,0,0,0,0,0,0,0,5068
matrix-08-foot-mixed,foot,mixed,1788891629.898849,2143514,1964404,16468125,terminal,/usr/bin/foot,foot,/usr/bin/foot -c /home/lucca/.local/state/eon/proofs/eon-zlf-20260908/runs/matrix-08-foot-mixed/foot.ini -T eon-zlf benchmark --app-id=eon-zlf-foot /usr/bin/python3 /home/lucca/.local/state/eon/proofs/eon-zlf-20260908/child.py /home/lucca/.local/state/eon/proofs/eon-zlf-20260908/runs/matrix-08-foot-mixed mixed ,30,120,1200,540,,34088,25407,22468,19688,2939,2780,6904,5064,2184,19936,34088,19688,0,0,0,0,0,0,0,0,0,0,22120
matrix-08-foot-mixed,foot,mixed,1788891629.898849,2143524,2143514,16468128,child,/usr/bin/python3.12,python3,/usr/bin/python3 /home/lucca/.local/state/eon/proofs/eon-zlf-20260908/child.py /home/lucca/.local/state/eon/proofs/eon-zlf-20260908/runs/matrix-08-foot-mixed mixed ,30,120,1200,540,,11876,6743,5040,5040,1703,0,6812,0,24,5040,11876,5040,0,0,0,0,0,0,0,0,0,0,5064
matrix-08-foot-plain,foot,plain,1788891555.3949468,2120019,1964404,16460674,terminal,/usr/bin/foot,foot,/usr/bin/foot -c /home/lucca/.local/state/eon/proofs/eon-zlf-20260908/runs/matrix-08-foot-plain/foot.ini -T eon-zlf benchmark --app-id=eon-zlf-foot /usr/bin/python3 /home/lucca/.local/state/eon/proofs/eon-zlf-20260908/child.py /home/lucca/.local/state/eon/proofs/eon-zlf-20260908/runs/matrix-08-foot-plain plain ,30,120,1200,540,,33712,25066,22220,19440,2846,2780,6844,5064,2116,19688,33712,19440,0,0,0,0,0,0,0,0,0,0,21804
matrix-08-foot-plain,foot,plain,1788891555.3949468,2120029,2120019,16460676,child,/usr/bin/python3.12,python3,/usr/bin/python3 /home/lucca/.local/state/eon/proofs/eon-zlf-20260908/child.py /home/lucca/.local/state/eon/proofs/eon-zlf-20260908/runs/matrix-08-foot-plain plain ,30,120,1200,540,,11884,6746,5044,5044,1702,0,6816,0,24,5044,11884,5044,0,0,0,0,0,0,0,0,0,0,5068
matrix-08-foot-screen,foot,screen,1788891603.7504857,2135204,1964404,16465516,terminal,/usr/bin/foot,foot,/usr/bin/foot -c /home/lucca/.local/state/eon/proofs/eon-zlf-20260908/runs/matrix-08-foot-screen/foot.ini -T eon-zlf benchmark --app-id=eon-zlf-foot /usr/bin/python3 /home/lucca/.local/state/eon/proofs/eon-zlf-20260908/child.py /home/lucca/.local/state/eon/proofs/eon-zlf-20260908/runs/matrix-08-foot-screen screen ,30,120,1200,540,7f7f,19256,11867,9142,5160,2725,3982,6760,2660,2024,7812,19256,5160,0,0,0,0,0,0,0,0,0,0,9836
matrix-08-foot-screen,foot,screen,1788891603.7504857,2135213,2135204,16465518,child,/usr/bin/python3.12,python3,/usr/bin/python3 /home/lucca/.local/state/eon/proofs/eon-zlf-20260908/child.py /home/lucca/.local/state/eon/proofs/eon-zlf-20260908/runs/matrix-08-foot-screen screen ,30,120,1200,540,7f7f,11996,6754,5048,5048,1706,0,6924,0,24,5048,11996,5048,0,0,0,0,0,0,0,0,0,0,5072
matrix-08-foot-styled,foot,styled,1788891577.4978254,2126877,1964404,16462885,terminal,/usr/bin/foot,foot,/usr/bin/foot -c /home/lucca/.local/state/eon/proofs/eon-zlf-20260908/runs/matrix-08-foot-styled/foot.ini -T eon-zlf benchmark --app-id=eon-zlf-foot /usr/bin/python3 /home/lucca/.local/state/eon/proofs/eon-zlf-20260908/child.py /home/lucca/.local/state/eon/proofs/eon-zlf-20260908/runs/matrix-08-foot-styled styled ,30,120,1200,540,,33776,25095,22308,19528,2787,2780,6880,5064,2056,19776,33776,19528,0,0,0,0,0,0,0,0,0,0,21832
matrix-08-foot-styled,foot,styled,1788891577.4978254,2126887,2126877,16462888,child,/usr/bin/python3.12,python3,/usr/bin/python3 /home/lucca/.local/state/eon/proofs/eon-zlf-20260908/child.py /home/lucca/.local/state/eon/proofs/eon-zlf-20260908/runs/matrix-08-foot-styled styled ,30,120,1200,540,,11880,6747,5044,5044,1703,0,6812,0,24,5044,11880,5044,0,0,0,0,0,0,0,0,0,0,5068
matrix-08-foot-unicode,foot,unicode,1788891542.6967833,2116073,1964404,16459400,terminal,/usr/bin/foot,foot,/usr/bin/foot -c /home/lucca/.local/state/eon/proofs/eon-zlf-20260908/runs/matrix-08-foot-unicode/foot.ini -T eon-zlf benchmark --app-id=eon-zlf-foot /usr/bin/python3 /home/lucca/.local/state/eon/proofs/eon-zlf-20260908/child.py /home/lucca/.local/state/eon/proofs/eon-zlf-20260908/runs/matrix-08-foot-unicode unicode ,30,120,1200,540,,36388,27797,24760,21980,3037,2780,6756,5064,2340,22228,36388,21980,0,0,0,0,0,0,0,0,0,0,24568
matrix-08-foot-unicode,foot,unicode,1788891542.6967833,2116085,2116073,16459403,child,/usr/bin/python3.12,python3,/usr/bin/python3 /home/lucca/.local/state/eon/proofs/eon-zlf-20260908/child.py /home/lucca/.local/state/eon/proofs/eon-zlf-20260908/runs/matrix-08-foot-unicode unicode ,30,120,1200,540,,11900,6748,5040,5040,1708,0,6836,0,24,5040,11900,5040,0,0,0,0,0,0,0,0,0,0,5064
matrix-08-ghostty-empty,ghostty,empty,1788891595.7893221,2132225,1964404,16464574,terminal,/snap/ghostty/820/bin/ghostty,ghostty,/snap/ghostty/820/bin/ghostty --config-default-files=false --gtk-single-instance=false --font-family=DejaVu Sans Mono --font-size=12 --adjust-cell-height=-1 --window-width=121 --window-height=33 --scrollback-limit=16777216 --background-opacity=1 --background-blur=false --window-save-state=never --title=eon-zlf benchmark --class=com.mitchellh.ghostty.eonzlf -e /usr/bin/python3 /home/lucca/.local/state/eon/proofs/eon-zlf-20260908/child.py /home/lucca/.local/state/eon/proofs/eon-zlf-20260908/runs/matrix-08-ghostty-empty empty ,30,120,1206,544,,190072,187528,83112,81148,106356,24,3048,8,103908,83108,190072,81148,0,0,0,0,0,0,0,0,0,0,187016
matrix-08-ghostty-empty,ghostty,empty,1788891595.7893221,2132749,2132225,16464718,child,/usr/bin/python3.12,python3,/usr/bin/python3 /home/lucca/.local/state/eon/proofs/eon-zlf-20260908/child.py /home/lucca/.local/state/eon/proofs/eon-zlf-20260908/runs/matrix-08-ghostty-empty empty ,30,120,1206,544,,11884,6746,5044,5044,1702,0,6816,0,24,5044,11884,5044,0,0,0,0,0,0,0,0,0,0,5068
matrix-08-ghostty-mixed,ghostty,mixed,1788891635.3017323,2144707,1964404,16468505,terminal,/snap/ghostty/820/bin/ghostty,ghostty,/snap/ghostty/820/bin/ghostty --config-default-files=false --gtk-single-instance=false --font-family=DejaVu Sans Mono --font-size=12 --adjust-cell-height=-1 --window-width=121 --window-height=33 --scrollback-limit=16777216 --background-opacity=1 --background-blur=false --window-save-state=never --title=eon-zlf benchmark --class=com.mitchellh.ghostty.eonzlf -e /usr/bin/python3 /home/lucca/.local/state/eon/proofs/eon-zlf-20260908/child.py /home/lucca/.local/state/eon/proofs/eon-zlf-20260908/runs/matrix-08-ghostty-mixed mixed ,30,120,1206,544,,194268,191706,86860,84892,106790,24,3064,8,104340,86856,194268,84892,0,0,0,0,0,0,0,0,0,0,191196
matrix-08-ghostty-mixed,ghostty,mixed,1788891635.3017323,2145284,2144707,16468651,child,/usr/bin/python3.12,python3,/usr/bin/python3 /home/lucca/.local/state/eon/proofs/eon-zlf-20260908/child.py /home/lucca/.local/state/eon/proofs/eon-zlf-20260908/runs/matrix-08-ghostty-mixed mixed ,30,120,1206,544,,11888,6758,5044,5044,1714,0,6816,0,28,5044,11888,5044,0,0,0,0,0,0,0,0,0,0,5072
matrix-08-ghostty-plain,ghostty,plain,1788891560.6346173,2121120,1964404,16461049,terminal,/snap/ghostty/820/bin/ghostty,ghostty,/snap/ghostty/820/bin/ghostty --config-default-files=false --gtk-single-instance=false --font-family=DejaVu Sans Mono --font-size=12 --adjust-cell-height=-1 --window-width=121 --window-height=33 --scrollback-limit=16777216 --background-opacity=1 --background-blur=false --window-save-state=never --title=eon-zlf benchmark --class=com.mitchellh.ghostty.eonzlf -e /usr/bin/python3 /home/lucca/.local/state/eon/proofs/eon-zlf-20260908/child.py /home/lucca/.local/state/eon/proofs/eon-zlf-20260908/runs/matrix-08-ghostty-plain plain ,30,120,1206,544,,200240,197670,93270,91308,106340,22,3080,12,103884,93264,200240,91308,0,0,0,0,0,0,0,0,0,0,197148
matrix-08-ghostty-plain,ghostty,plain,1788891560.6346173,2121663,2121120,16461196,child,/usr/bin/python3.12,python3,/usr/bin/python3 /home/lucca/.local/state/eon/proofs/eon-zlf-20260908/child.py /home/lucca/.local/state/eon/proofs/eon-zlf-20260908/runs/matrix-08-ghostty-plain plain ,30,120,1206,544,,11880,6746,5044,5044,1702,0,6812,0,24,5044,11880,5044,0,0,0,0,0,0,0,0,0,0,5068
matrix-08-ghostty-screen,ghostty,screen,1788891613.0442736,2137674,1964404,16466300,terminal,/snap/ghostty/820/bin/ghostty,ghostty,/snap/ghostty/820/bin/ghostty --config-default-files=false --gtk-single-instance=false --font-family=DejaVu Sans Mono --font-size=12 --adjust-cell-height=-1 --window-width=121 --window-height=33 --scrollback-limit=16777216 --background-opacity=1 --background-blur=false --window-save-state=never --title=eon-zlf benchmark --class=com.mitchellh.ghostty.eonzlf -e /usr/bin/python3 /home/lucca/.local/state/eon/proofs/eon-zlf-20260908/child.py /home/lucca/.local/state/eon/proofs/eon-zlf-20260908/runs/matrix-08-ghostty-screen screen ,30,120,1206,544,,190960,188391,83488,81524,106843,24,3080,8,104388,83484,190960,81524,0,0,0,0,0,0,0,0,0,0,187872
matrix-08-ghostty-screen,ghostty,screen,1788891613.0442736,2138199,2137674,16466444,child,/usr/bin/python3.12,python3,/usr/bin/python3 /home/lucca/.local/state/eon/proofs/eon-zlf-20260908/child.py /home/lucca/.local/state/eon/proofs/eon-zlf-20260908/runs/matrix-08-ghostty-screen screen ,30,120,1206,544,,11876,6747,5044,5044,1703,0,6808,0,24,5044,11876,5044,0,0,0,0,0,0,0,0,0,0,5068
matrix-08-ghostty-styled,ghostty,styled,1788891582.7523386,2128041,1964404,16463260,terminal,/snap/ghostty/820/bin/ghostty,ghostty,/snap/ghostty/820/bin/ghostty --config-default-files=false --gtk-single-instance=false --font-family=DejaVu Sans Mono --font-size=12 --adjust-cell-height=-1 --window-width=121 --window-height=33 --scrollback-limit=16777216 --background-opacity=1 --background-blur=false --window-save-state=never --title=eon-zlf benchmark --class=com.mitchellh.ghostty.eonzlf -e /usr/bin/python3 /home/lucca/.local/state/eon/proofs/eon-zlf-20260908/child.py /home/lucca/.local/state/eon/proofs/eon-zlf-20260908/runs/matrix-08-ghostty-styled styled ,30,120,1206,544,,200888,198321,93984,92020,106277,24,3068,8,103832,93980,200888,92020,0,0,0,0,0,0,0,0,0,0,197812
matrix-08-ghostty-styled,ghostty,styled,1788891582.7523386,2128573,2128041,16463404,child,/usr/bin/python3.12,python3,/usr/bin/python3 /home/lucca/.local/state/eon/proofs/eon-zlf-20260908/child.py /home/lucca/.local/state/eon/proofs/eon-zlf-20260908/runs/matrix-08-ghostty-styled styled ,30,120,1206,544,,11876,6750,5048,5048,1702,0,6804,0,24,5048,11876,5048,0,0,0,0,0,0,0,0,0,0,5072
matrix-08-ghostty-unicode,ghostty,unicode,1788891538.8494666,2114282,1964404,16458855,terminal,/snap/ghostty/820/bin/ghostty,ghostty,/snap/ghostty/820/bin/ghostty --config-default-files=false --gtk-single-instance=false --font-family=DejaVu Sans Mono --font-size=12 --adjust-cell-height=-1 --window-width=121 --window-height=33 --scrollback-limit=16777216 --background-opacity=1 --background-blur=false --window-save-state=never --title=eon-zlf benchmark --class=com.mitchellh.ghostty.eonzlf -e /usr/bin/python3 /home/lucca/.local/state/eon/proofs/eon-zlf-20260908/child.py /home/lucca/.local/state/eon/proofs/eon-zlf-20260908/runs/matrix-08-ghostty-unicode unicode ,30,120,1206,544,,196744,194168,89905,87940,106207,21,3076,12,103756,89900,196744,87940,0,0,0,0,0,0,0,0,0,0,193656
matrix-08-ghostty-unicode,ghostty,unicode,1788891538.8494666,2114856,2114282,16459003,child,/usr/bin/python3.12,python3,/usr/bin/python3 /home/lucca/.local/state/eon/proofs/eon-zlf-20260908/child.py /home/lucca/.local/state/eon/proofs/eon-zlf-20260908/runs/matrix-08-ghostty-unicode unicode ,30,120,1206,544,,11896,6751,5048,5048,1703,0,6824,0,24,5048,11896,5048,0,0,0,0,0,0,0,0,0,0,5072
matrix-09-eon-plain,eon,plain,1788891639.6219223,2146409,1964404,16469046,supervisor,/nix/store/cig8r1rifpl2lzswi4ga6l744y3v0ck9-eon-0.1.0/bin/.eon-wrapped,.eon-wrapped,/nix/store/cig8r1rifpl2lzswi4ga6l744y3v0ck9-eon-0.1.0/bin/eon run -- /usr/bin/python3 /home/lucca/.local/state/eon/proofs/eon-zlf-20260908/child.py /home/lucca/.local/state/eon/proofs/eon-zlf-20260908/runs/matrix-09-eon-plain plain ,30,120,1224,573,,3880,2030,292,292,1738,0,1896,0,1692,292,3880,292,0,0,0,0,0,0,0,0,0,0,1984
matrix-09-eon-plain,eon,plain,1788891639.6219223,2146415,2146409,16469046,venus,/nix/store/37v7m8kb88fgs4lgwk7ajcbf9hjb8pn7-yazelix-venus-0.1.0/bin/.yazelix-venus-wrapped,.yazelix-venus-,/nix/store/37v7m8kb88fgs4lgwk7ajcbf9hjb8pn7-yazelix-venus-0.1.0/bin/yazelix-venus --no-decorations --application-id eon --background-opacity 1 --font-family DejaVu Sans Mono --font-size 16 --line-height 1.125 --columns 118 --rows 30 --workspace /tmp/ezlf-ckut8myo/eon/generations/g1-89197ef167524f65290419c34b3a6b70/eon.sock ,30,120,1224,573,,98208,80881,43150,43132,37717,32,30404,20,24644,43140,98208,43132,0,0,0,0,0,0,0,0,0,0,67784
matrix-09-eon-plain,eon,plain,1788891639.6219223,2146508,2146409,16469068,orbit,/nix/store/mi0x8hjx6ys0dwhq13dnwhh5qnl0n0nf-yazelix-orbit-0.1.0/bin/yazelix-orbit,yazelix-orbit,"/nix/store/mi0x8hjx6ys0dwhq13dnwhh5qnl0n0nf-yazelix-orbit-0.1.0/bin/yazelix-orbit serve /tmp/ezlf-ckut8myo/eon/generations/g1-89197ef167524f65290419c34b3a6b70/orbit.sock --management-v1 session-1 2146409-1788891635651896506-1 91999d79546422b49bdbc124166a65859d0bd872 --ansi-palette-v1 000000,cd0000,00cd00,cdcd00,1093f5,cd00cd,00cdcd,faebd7,404040,ff0000,00ff00,ffff00,11b5f6,ff00ff,00ffff,ffffff -- /usr/bin/python3 /home/lucca/.local/state/eon/proofs/eon-zlf-20260908/child.py /home/lucca/.local/state/eon/proofs/eon-zlf-20260908/runs/matrix-09-eon-plain plain ",30,120,1224,573,,14336,11680,10532,10532,1148,0,3000,0,804,10532,14336,10532,0,0,0,0,0,0,0,0,0,0,11336
matrix-09-eon-plain,eon,plain,1788891639.6219223,2146511,2146508,16469068,child,/usr/bin/python3.12,python3,/usr/bin/python3 /home/lucca/.local/state/eon/proofs/eon-zlf-20260908/child.py /home/lucca/.local/state/eon/proofs/eon-zlf-20260908/runs/matrix-09-eon-plain plain ,30,120,1224,573,,11872,6754,5048,5048,1706,0,6800,0,24,5048,11872,5048,0,0,0,0,0,0,0,0,0,0,5072
matrix-09-eonterm-plain,eonterm,plain,1788891643.8774023,2147760,1964404,16469478,supervisor,/nix/store/95x87mc3gdc22fvk920dz6jg6mfr3qxs-eonterm-0.1.0/bin/.eonterm-wrapped,.eonterm-wrappe,/nix/store/95x87mc3gdc22fvk920dz6jg6mfr3qxs-eonterm-0.1.0/bin/eonterm -- /usr/bin/python3 /home/lucca/.local/state/eon/proofs/eon-zlf-20260908/child.py /home/lucca/.local/state/eon/proofs/eon-zlf-20260908/runs/matrix-09-eonterm-plain plain ,30,120,1224,564,,3872,2024,288,288,1736,0,1896,0,1688,288,3872,288,0,0,0,0,0,0,0,0,0,0,1976
matrix-09-eonterm-plain,eonterm,plain,1788891643.8774023,2147761,2147760,16469479,venus,/nix/store/37v7m8kb88fgs4lgwk7ajcbf9hjb8pn7-yazelix-venus-0.1.0/bin/.yazelix-venus-wrapped,.yazelix-venus-,/nix/store/37v7m8kb88fgs4lgwk7ajcbf9hjb8pn7-yazelix-venus-0.1.0/bin/yazelix-venus --application-id eonterm --background-opacity 1 --font-family DejaVu Sans Mono --font-size 16 --line-height 1.125 --columns 120 --rows 30 /tmp/ezlf-2rhvwbf8/eonterm/generations/g1-89197ef167524f65290419c34b3a6b70/orbit.sock ,30,120,1224,564,,98272,80776,42938,42920,37824,32,30580,20,24744,42928,98272,42920,0,0,0,0,0,0,0,0,0,0,67672
matrix-09-eonterm-plain,eonterm,plain,1788891643.8774023,2147816,2147760,16469492,orbit,/nix/store/mi0x8hjx6ys0dwhq13dnwhh5qnl0n0nf-yazelix-orbit-0.1.0/bin/yazelix-orbit,yazelix-orbit,"/nix/store/mi0x8hjx6ys0dwhq13dnwhh5qnl0n0nf-yazelix-orbit-0.1.0/bin/yazelix-orbit serve /tmp/ezlf-2rhvwbf8/eonterm/generations/g1-89197ef167524f65290419c34b3a6b70/orbit.sock --management-v1 session-1 2147760-1788891639898634986-0 91999d79546422b49bdbc124166a65859d0bd872 --ansi-palette-v1 000000,cd0000,00cd00,cdcd00,1093f5,cd00cd,00cdcd,faebd7,404040,ff0000,00ff00,ffff00,11b5f6,ff00ff,00ffff,ffffff -- /usr/bin/python3 /home/lucca/.local/state/eon/proofs/eon-zlf-20260908/child.py /home/lucca/.local/state/eon/proofs/eon-zlf-20260908/runs/matrix-09-eonterm-plain plain ",30,120,1224,564,,14168,11574,10480,10480,1094,0,2924,0,764,10480,14168,10480,0,0,0,0,0,0,0,0,0,0,11244
matrix-09-eonterm-plain,eonterm,plain,1788891643.8774023,2147817,2147816,16469493,child,/usr/bin/python3.12,python3,/usr/bin/python3 /home/lucca/.local/state/eon/proofs/eon-zlf-20260908/child.py /home/lucca/.local/state/eon/proofs/eon-zlf-20260908/runs/matrix-09-eonterm-plain plain ,30,120,1224,564,,11924,6742,5036,5036,1706,0,6864,0,24,5036,11924,5036,0,0,0,0,0,0,0,0,0,0,5060
matrix-09-foot-plain,foot,plain,1788891647.665442,2149111,1964404,16469903,terminal,/usr/bin/foot,foot,/usr/bin/foot -c /home/lucca/.local/state/eon/proofs/eon-zlf-20260908/runs/matrix-09-foot-plain/foot.ini -T eon-zlf benchmark --app-id=eon-zlf-foot /usr/bin/python3 /home/lucca/.local/state/eon/proofs/eon-zlf-20260908/child.py /home/lucca/.local/state/eon/proofs/eon-zlf-20260908/runs/matrix-09-foot-plain plain ,30,120,1200,540,,33600,24984,22224,19444,2760,2780,6788,5064,2056,19692,33600,19444,0,0,0,0,0,0,0,0,0,0,21748
matrix-09-foot-plain,foot,plain,1788891647.665442,2149123,2149111,16469905,child,/usr/bin/python3.12,python3,/usr/bin/python3 /home/lucca/.local/state/eon/proofs/eon-zlf-20260908/child.py /home/lucca/.local/state/eon/proofs/eon-zlf-20260908/runs/matrix-09-foot-plain plain ,30,120,1200,540,,11880,6747,5044,5044,1703,0,6812,0,24,5044,11880,5044,0,0,0,0,0,0,0,0,0,0,5068
